update,environment_steps,mean_episode_return,rolling_episode_return,mean_episode_length,mean_raw_cost,mean_normalized_cost,rms_position_error,policy_loss,value_loss,total_loss,entropy,mean_ratio,clip_fraction,approximate_kl,explained_variance,actor_grad_norm,critic_grad_norm,action_mean,action_std,policy_std_mean,policy_std_min,policy_std_max,throughput_steps_per_second,evaluation_rms_position_error,evaluation_final_position_error,evaluation_mean_speed,evaluation_max_angular_rate,evaluation_success_rate,evaluation_failure_rate,evaluation_truncation_rate
1,2048,39.88656897716321,39.88656897716321,71.28571428571429,6.058057561833193,0.2946881728973642,0.9750561243574597,-0.004055703524500132,3.9479464292526245,1.969917505979538,3.067865014076233,0.9963700026273727,0.0743408203125,0.009358145864098333,-0.03178715705871582,0.563471794128418,2.2984853386878967,2.608317128615454,0.5986609543118786,0.22308121621608734,0.22287967801094055,0.22338531911373138,738.5552425686501,,,,,,,
2,4096,53.83395384115166,45.52487349664789,106.84210526315789,10.013780507841979,0.399495156471486,1.3784794622859715,-0.003800372243858874,5.479088544845581,2.7357438802719116,3.070570468902588,1.0006747245788574,0.0406494140625,0.0026810990821104497,0.047724246978759766,0.6640728041529655,3.5302804708480835,2.4977633142407285,0.6098526237554222,0.2230035364627838,0.22262771427631378,0.2233925312757492,876.5520435699867,,,,,,,
3,6144,51.82248071070005,47.40475624711123,99.0,5.746230493301506,0.36899375830711206,0.9457919731399584,-0.0035323178744874895,5.793935418128967,2.8934353590011597,3.0728065371513367,0.9984567165374756,0.0145263671875,0.00334629463031888,0.06809575855731964,0.5739402398467064,3.860727846622467,2.470163258811226,0.603982829772953,0.2229640632867813,0.22254829108715057,0.22364483773708344,778.0399394156195,,,,,,,
4,8192,53.68218086194428,48.73409322437,112.44444444444444,10.522623200308164,0.4296997085491102,1.4010729668364044,-0.0031194891780614853,4.725839376449585,2.359800159931183,3.0838810205459595,0.9996111989021301,0.0196533203125,0.002495442604413256,0.17491324245929718,0.6549821197986603,3.434006929397583,2.5151046515093185,0.6081872418502511,0.2228851020336151,0.2223510891199112,0.22381892800331116,777.4187615174824,,,,,,,
5,10240,56.15362887085647,50.0242418415651,122.5625,12.350749473151774,0.45205938720440864,1.5571642468146785,-0.0027068290510214865,4.795755386352539,2.3951708674430847,3.0606143474578857,0.9993377029895782,0.010009765625,0.002130731736542657,0.23001612722873688,0.6416290253400803,3.5053781270980835,2.538556873012567,0.613624906914688,0.22282373905181885,0.2222473919391632,0.22382287681102753,876.1881375861632,,,,,,,
6,12288,50.682263538519834,52.372665026383984,95.57142857142857,7.066077486753592,0.35953950596306766,1.115824382133468,-0.0020395361352711916,3.835996687412262,1.9159587919712067,3.0638224482536316,0.9980944842100143,0.018310546875,0.003920224247849546,0.22957269847393036,0.5850753784179688,3.5319950580596924,2.418941679337877,0.6244948711808097,0.2228119969367981,0.22216086089611053,0.22379019856452942,845.1934321019617,,,,,,,
7,14336,50.23845929921771,52.38041507883096,101.35,8.992969931117317,0.4020549448372109,1.3027860849043833,-0.0027906469767913222,3.2982483506202698,1.6463335156440735,3.052323877811432,0.9987345337867737,0.019287109375,0.003341714749694802,0.2805884927511215,0.47252117097377777,3.105054020881653,2.428019399259938,0.6221908478257329,0.22282305359840393,0.22210335731506348,0.22375568747520447,887.531769607382,,,,,,,
8,16384,50.44938950417215,51.98510254524945,96.9047619047619,8.081638125537522,0.37392964697995346,1.2065690968842326,-0.002080846461467445,3.1918195486068726,1.5938288867473602,3.0582013726234436,1.0024611353874207,0.0194091796875,-0.00023576860257890075,0.32951341569423676,0.5342020392417908,3.2559367418289185,2.4161397247225977,0.6257311214101609,0.222848042845726,0.22201494872570038,0.22373339533805847,878.079174777057,,,,,,,
9,18432,42.21452615776531,49.29259122464687,79.91666666666667,5.684146107553668,0.35182225715909365,0.9352820614617084,-0.0022905380465090275,2.329758584499359,1.1625887751579285,3.022937536239624,0.9994930773973465,0.0235595703125,0.002813437473378144,0.3009764403104782,0.6885380744934082,2.45601487159729,2.3849415257573128,0.6373243470458728,0.2228722721338272,0.22193384170532227,0.2237214893102646,823.5588850293748,,,,,,,
10,20480,45.23240697942041,47.15455693955261,96.71428571428571,12.227340037987712,0.42563969453770156,1.5210652452637272,-0.001490547670982778,1.9624077677726746,0.9797133356332779,3.0694987773895264,0.9997891485691071,0.005615234375,0.001370904064970091,0.4750000387430191,0.7814381122589111,2.210432291030884,2.3999660649424186,0.6275616288902357,0.2228916883468628,0.22188693284988403,0.2237507849931717,844.9659844428173,0.3288755804215606,0.9040393814943468,1.3563371197806076,4.197618534454531,0.0,1.0,0.0
11,22528,45.32448025845672,46.40024063752496,94.33333333333333,9.486051520031172,0.4068756467680593,1.3162422665730693,-0.0016559576615691185,2.295714795589447,1.1462014317512512,3.065354585647583,1.0009488761425018,0.0208740234375,0.001162385247880593,0.42490561306476593,0.6227936893701553,2.261847138404846,2.4329495240963297,0.6378036987352365,0.22286760807037354,0.22179026901721954,0.22382423281669617,861.9110951783888,,,,,,,
12,24576,42.3547770041926,44.50878027081919,88.1304347826087,10.644218647897667,0.40258577230318715,1.411042664515153,-0.0019625574350357056,1.4444662630558014,0.720270574092865,3.065417528152466,0.9968935996294022,0.005126953125,0.004228867532219738,0.5191617459058762,0.892657145857811,1.588180810213089,2.411459218521486,0.6372559428742485,0.22281047701835632,0.22165201604366302,0.2238619327545166,884.5425584964261,,,,,,,
13,26624,50.08895457948459,44.50987880844162,111.38888888888889,14.912371413200205,0.4532733014555198,1.732173274440136,-0.0009629400447010994,1.9263408780097961,0.9622075110673904,3.0641979575157166,0.9997380673885345,0.0157470703125,0.0022179441148182377,0.6251353323459625,0.497645802795887,2.0631273090839386,2.435964644231717,0.6087589217206604,0.22282825410366058,0.22179076075553894,0.22401852905750275,887.3530298414901,,,,,,,
14,28672,50.967311842417374,46.68719050677171,111.27777777777777,13.308888622744252,0.44372827137568105,1.6177340389182329,-0.0018415015656501055,1.5384025275707245,0.7673597633838654,3.0623655319213867,1.0001667439937592,0.015625,0.001789486370398663,0.6733307540416718,0.6796325892210007,2.164163827896118,2.40167456123163,0.6074113012511391,0.22281697392463684,0.22195817530155182,0.22411294281482697,864.2490881198278,,,,,,,
15,30720,53.28949938827625,47.952957877835814,124.25,16.144404113417938,0.4795856760660388,1.8400546032955052,-0.0020350260892882943,1.9059157967567444,0.9509228616952896,3.0527355670928955,0.9982345253229141,0.001953125,0.0026332185370847583,0.6785951107740402,0.6527854204177856,2.0609149038791656,2.4996639754681382,0.6183487154610853,0.22273403406143188,0.2220396101474762,0.22400325536727905,798.2614962219645,,,,,,,
16,32768,61.752658560647546,49.985592411931066,144.14285714285714,17.954592731993934,0.4956611592199335,1.9371170399190287,-0.0035629516933113337,2.252553343772888,1.1227137446403503,3.048070549964905,0.9986474215984344,0.028564453125,0.004185927595244721,0.7166490852832794,0.5872742086648941,2.6095629930496216,2.4831724813993787,0.599172583197522,0.2226635366678238,0.22190731763839722,0.22388677299022675,831.558630688921,,,,,,,
17,34816,62.78989875253213,52.84202614606679,145.35714285714286,16.564661238007375,0.4962302472135103,1.8759053636392637,-0.00260338862426579,2.0615058541297913,1.0281495451927185,3.069284439086914,0.9965967088937759,0.0394287109375,0.006904368026880547,0.689060389995575,0.6857272535562515,2.6585482358932495,2.4358890088333283,0.5931424246559032,0.22262632846832275,0.22182802855968475,0.22379609942436218,847.2353182979064,,,,,,,
18,36864,66.61996096552846,55.92012248191536,144.57142857142858,13.593174429619372,0.4652122928867972,1.66487131842453,-0.002389552304521203,2.865634322166443,1.430427610874176,3.086549162864685,1.0003788769245148,0.014404296875,0.001546614061226137,0.6913806349039078,0.7655884176492691,3.0302234888076782,2.4485428743209923,0.5956498811051275,0.22260449826717377,0.22168922424316406,0.22374077141284943,885.9015040536538,,,,,,,
19,38912,70.34874167673988,59.155026080588556,149.0,11.519965413320925,0.4512874337685717,1.5281195325118608,-0.003036486217752099,3.093149483203888,1.5435382425785065,3.0901519060134888,0.9997778087854385,0.033935546875,0.0032765424257377163,0.6920344531536102,0.5761464610695839,3.6293007731437683,2.4705417320947163,0.5890879974220805,0.22253333032131195,0.22149160504341125,0.22370518743991852,886.3727091330132,,,,,,,
20,40960,71.18211390150366,61.950671818476074,141.64285714285714,8.044643492048841,0.41679785758117627,1.2575609204290044,-0.00205217266920954,2.7096495032310486,1.35277259349823,3.0714802145957947,0.9994696527719498,0.0103759765625,0.001961041911272332,0.6397062540054321,0.5889626294374466,3.351529359817505,2.42139966499235,0.585295598287703,0.22245895862579346,0.2213398665189743,0.22356359660625458,891.6334314037488,1.2359645981095402,2.8460626666266364,1.9785374980317383,5.189384982028163,0.0,1.0,0.0
21,43008,76.35547343674983,64.81202465043246,161.33333333333334,11.036143713599577,0.4554287144318132,1.5170498219066462,-0.0014519683318212628,2.993289530277252,1.4951927959918976,3.0894735455513,1.0015102326869965,0.0106201171875,0.00019155151676386595,0.6929190903902054,0.6473721116781235,3.689686357975006,2.4200398083485197,0.5846517259653505,0.22239042818546295,0.22125430405139923,0.2233661562204361,871.3025088399115,,,,,,,
22,45056,74.12356810730658,67.66632478742902,158.5,12.6241444333186,0.46756243771594225,1.6387150644929291,-0.0019767562625929713,2.557849109172821,1.2769478261470795,3.0897647738456726,1.0012699961662292,0.01513671875,0.0007077757472870871,0.6799317747354507,0.5811791494488716,3.2198737263679504,2.367188963093213,0.5758776661372529,0.22231656312942505,0.22124014794826508,0.223191037774086,870.8477573902561,,,,,,,
23,47104,78.00713902381462,70.03574008340982,161.66666666666666,13.069690646049864,0.45039035205300104,1.6561935953934457,-0.002366283559240401,2.791748821735382,1.393508106470108,3.0842718482017517,0.9972627460956573,0.021240234375,0.00513424449309241,0.7045255750417709,0.6372257769107819,3.1421257853507996,2.3785165361477993,0.5678350765571104,0.22225749492645264,0.22121848165988922,0.22302623093128204,889.6376085169982,,,,,,,
24,49152,77.80032182413753,72.36548643551585,152.3846153846154,8.953678575826647,0.413382926197495,1.349786939012312,-0.003626348217949271,2.8431493639945984,1.4179483354091644,3.064396381378174,0.9992855191230774,0.032470703125,0.0037611018196912482,0.6714906841516495,0.6562366038560867,3.2183300852775574,2.361642860691063,0.5763287167848808,0.2222415953874588,0.22116543352603912,0.22299309074878693,806.855938748162,,,,,,,
25,51200,77.55298124930663,74.09471385869833,159.0,12.272267967342128,0.4494693939642934,1.6219204947482442,-0.0017618470010347664,2.666433036327362,1.3314546942710876,3.1054826974868774,0.9995061010122299,0.028076171875,0.003260597528424114,0.6796154528856277,0.5958513170480728,2.154589354991913,2.3736261400190415,0.5672552337848688,0.22220411896705627,0.22100895643234253,0.2230232208967209,892.7373828784181,,,,,,,
26,53248,80.86578250653221,75.65346752016977,162.91666666666666,10.86624416699232,0.4305917075770079,1.5316176883293857,-0.003154797712340951,3.0137007236480713,1.5036955773830414,3.0691418647766113,1.0003077983856201,0.014892578125,0.0016119222564157099,0.6322623491287231,0.7101920396089554,1.9966593086719513,2.326327893868438,0.5695770318437937,0.22215478122234344,0.22078770399093628,0.22303609549999237,873.4868059832727,,,,,,,
27,55296,83.86670940745365,77.12997807887797,162.25,8.206165532786489,0.41266073395220537,1.3131962260915047,-0.002114919014275074,3.5362255573272705,1.7659978568553925,3.073876738548279,0.9990633279085159,0.0322265625,0.003923103853594512,0.5985387563705444,0.684121772646904,2.4615102410316467,2.3019038943893975,0.5822662230048623,0.22209836542606354,0.22055968642234802,0.22300444543361664,875.7840198262606,,,,,,,
28,57344,76.33248799633007,77.77381786129448,163.58333333333334,15.407850860114717,0.45901786345032475,1.8401916966303615,-0.0012425017775967717,2.8110323548316956,1.40427365899086,3.0586116313934326,0.9997420608997345,0.0211181640625,0.002343395637581125,0.6070472449064255,0.610944390296936,1.5978485345840454,2.272548341206857,0.5745917743140427,0.22202923893928528,0.22040234506130219,0.22295640408992767,848.6799054251331,,,,,,,
29,59392,77.48812105906019,78.15329644429768,169.41666666666666,17.37895044705012,0.4801101209334339,1.9583768655766658,-0.0047907640400808305,2.922975778579712,1.4566971063613892,3.0191732048988342,0.9994083791971207,0.0350341796875,0.003734126323251985,0.5830394774675369,0.9091362953186035,2.2463915944099426,2.2100687134516193,0.5620546233040061,0.22198158502578735,0.2202966809272766,0.22306033968925476,844.0457733257514,,,,,,,
30,61440,79.2221055608545,78.60367406849213,160.75,14.64186133694924,0.44120603280250414,1.7833460425702883,-0.0013782577007077634,3.5069174766540527,1.7520804703235626,3.0252420902252197,1.000317007303238,0.01806640625,0.0016946872492553666,0.5659260004758835,0.5440254062414169,2.47805392742157,2.1763886742846807,0.5735723959071648,0.22193580865859985,0.22017230093479156,0.22309964895248413,877.1080340301198,1.9583381354055795,4.860454712297232,2.9080852393522214,2.6442409159562463,0.0,1.0,0.0
31,63488,73.52125846030405,78.41999009752318,159.75,15.537642408939037,0.4621260745945226,1.8529165799922356,-0.002940530830528587,3.2475481629371643,1.6208335161209106,3.006284773349762,0.9993801116943359,0.0286865234375,0.0033405900321668014,0.5818084627389908,0.6448013931512833,2.82884818315506,2.2060710425284924,0.5885348740701564,0.22191907465457916,0.220152348279953,0.2231578379869461,875.8372563684624,,,,,,,
32,65536,80.44805450532635,78.40774732357723,169.08333333333334,15.089489976029638,0.4609714318711656,1.8283252977530042,-0.0009150000405497849,3.317695379257202,1.6579326689243317,3.017482101917267,0.9992085844278336,0.038818359375,0.00394345547829289,0.5995094478130341,0.5639306679368019,1.6735499203205109,2.1981986840983154,0.5920344340688422,0.2219066619873047,0.22016242146492004,0.2232193946838379,879.3480952559684,,,,,,,
33,67584,85.83280191939372,79.78605130664772,178.63636363636363,14.649821003110404,0.44832450688262576,1.8119253769289387,-0.002742536540608853,3.9766653776168823,1.9855901300907135,3.0024154782295227,1.0007226765155792,0.0517578125,0.0033281587675446644,0.5422345250844955,0.6652387604117393,2.1799457669258118,2.225426131131826,0.6160192158449752,0.2218974530696869,0.22010737657546997,0.22324411571025848,888.3467579289076,,,,,,,
34,69632,100.58895829495124,81.70388138515692,195.4,14.847209372116708,0.4245082642416851,1.8173213528463201,-0.002040296792984009,6.882843255996704,3.4393813610076904,3.0236997604370117,1.00117826461792,0.0416259765625,0.0023176212853286415,0.46673159301280975,0.7363703697919846,4.0499536991119385,2.2680265179515118,0.5971635391418499,0.22189776599407196,0.22003982961177826,0.2231992781162262,859.2143606358924,,,,,,,
35,71680,87.81485322687364,82.57002493335116,171.27272727272728,13.404027493364467,0.4117355536174501,1.7126339527195218,-0.00187257636571303,6.220629692077637,3.10844224691391,3.0602118372917175,0.9993681907653809,0.032470703125,0.003487779453280382,0.41126827895641327,0.7155336737632751,3.6083502769470215,2.3593240454938496,0.5828468205969206,0.221892848610878,0.21997296810150146,0.22315922379493713,885.0669401224227,,,,,,,
36,73728,87.835517013541,83.43522536232474,156.46153846153845,10.534193672821598,0.37246723684272204,1.481217760779812,-0.0011529169278219342,5.748637557029724,2.873165786266327,3.0633285641670227,1.000229299068451,0.02880859375,0.002479903880157508,0.41741620004177094,0.5694366618990898,4.383658766746521,2.331714863423258,0.5697800739441553,0.2218678891658783,0.21978886425495148,0.22318151593208313,882.4806864413473,,,,,,,
37,75776,90.83839292183387,85.06095244214104,156.91666666666666,9.863357867511562,0.36031394054911425,1.4282418850022758,-0.0027670659474097192,6.978511452674866,3.48648864030838,3.0489732027053833,0.9985010772943497,0.038330078125,0.004743456171127036,0.3880995064973831,0.9842496067285538,4.389033079147339,2.314949823427014,0.576280803838881,0.22182288765907288,0.21956361830234528,0.22317907214164734,884.8164115219347,,,,,,,
38,77824,87.65595986621251,86.16350867924389,170.58333333333334,14.55626948648289,0.4273114956965549,1.7715391678061407,-0.0017872719909064472,6.499707579612732,3.248066544532776,3.081462025642395,1.0006414949893951,0.0623779296875,0.004336912781582214,0.34358587861061096,0.8873399943113327,4.7832053899765015,2.3840500491060084,0.5889921515134036,0.22177556157112122,0.21937958896160126,0.22314950823783875,888.7230567924922,,,,,,,
39,79872,105.73216507681408,88.73730962901574,205.66666666666666,15.41097738910813,0.42640953093739387,1.8473008190647562,-0.0031344047747552395,11.762835502624512,5.878283381462097,3.0793405771255493,0.9985128343105316,0.0233154296875,0.0036440104740904644,0.190229594707489,0.6554640680551529,2.8993967175483704,2.4308874802518403,0.5902563744754389,0.22175516188144684,0.2192840576171875,0.22319692373275757,888.2687924544786,,,,,,,
40,81920,98.36375545747532,91.00411438521037,189.5,14.528638667078667,0.4205370561562815,1.7965899818294266,-0.0037425594637170434,10.157308101654053,5.07491147518158,3.1076534390449524,0.9971051067113876,0.0377197265625,0.006386537381331436,0.1694324016571045,0.9864463359117508,4.068113207817078,2.463567526327097,0.5609591149247268,0.2217814028263092,0.2192838340997696,0.2233096808195114,858.7758643769367,1.8443478749654476,5.056936999544688,2.803029531928596,5.027635300224042,0.0,1.0,0.0
41,83968,81.31349910798106,91.10796773752894,168.91666666666666,16.62493256415722,0.45507055375607364,1.9041379052972562,-0.0008256024739239365,8.437187194824219,4.217767953872681,3.102511167526245,0.9999120384454727,0.04931640625,0.004213566178805195,0.13471181690692902,0.7910833060741425,7.772388458251953,2.5321201449405635,0.5723778938594796,0.22182685136795044,0.21939758956432343,0.22342129051685333,839.0265765732216,,,,,,,
42,86016,85.64351982480542,91.08714670712425,176.27272727272728,15.830359349452047,0.44179948739625624,1.8674391791425908,-0.0032769516110420227,10.464245080947876,5.228845477104187,3.082818329334259,0.9980629086494446,0.0347900390625,0.0050332872197031975,0.03887641429901123,0.9730236679315567,7.378399968147278,2.560425716364989,0.5541773236841836,0.22184500098228455,0.21944144368171692,0.2235318273305893,880.9036919133665,,,,,,,
43,88064,80.47825894930787,88.91857844102944,165.41666666666666,16.237034998515053,0.44090958920669937,1.8772024163335614,-0.0012580619077198207,9.375938892364502,4.686711311340332,3.0682474970817566,1.0003174841403961,0.073974609375,0.004936695142532699,0.012510687112808228,0.9790714234113693,7.909436225891113,2.640201915826765,0.564869751418638,0.22182460129261017,0.21944071352481842,0.2235252559185028,887.28805102792,,,,,,,
44,90112,77.49369008600519,87.62902135797096,155.46153846153845,14.86693984145859,0.4318352126886207,1.7781440141256586,-0.0023089415626600385,7.438238739967346,3.716810464859009,3.0899874567985535,0.998956099152565,0.005859375,0.0022474620054708794,0.10668851435184479,0.838006004691124,6.549483776092529,2.652435292809969,0.5540996665736001,0.22180788218975067,0.21946027874946594,0.22354230284690857,892.062457610232,,,,,,,
45,92160,82.78576435598363,87.14050913231613,166.08333333333334,15.813895820329758,0.4305567955777557,1.84782599920283,-0.00048429262824356556,8.388679027557373,4.193855285644531,3.102482557296753,0.997977539896965,0.0521240234375,0.006502108677523211,0.05138617753982544,0.9508211463689804,5.649234175682068,2.646874192316318,0.5595629113842354,0.22178521752357483,0.21941432356834412,0.22366908192634583,883.9577192420483,,,,,,,
46,94208,89.89468411125291,86.77246596133044,180.8181818181818,16.23360800674123,0.4357820159718244,1.883025338682694,-0.0030360999517142773,9.599485874176025,4.796706914901733,3.082872688770294,0.9980868101119995,0.026611328125,0.004496872556046583,-0.010636866092681885,0.7913435399532318,5.536111831665039,2.688074348756345,0.5695072035710992,0.22176924347877502,0.21939358115196228,0.22380870580673218,883.9784042004335,,,,,,,
47,96256,93.20260764900422,87.40521600130101,188.8,16.320553129379885,0.44952050038611474,1.9072461084363543,-0.002781344810500741,10.822989225387573,5.408713340759277,3.076422691345215,1.0009199976921082,0.0225830078125,0.001573930334416218,-0.0011100023984909058,0.7180094718933105,3.7856428027153015,2.66772476011829,0.5686461864772528,0.22172892093658447,0.21938848495483398,0.2239435464143753,871.81497383627,,,,,,,
48,98304,94.6802232081549,85.96172136997056,184.63636363636363,15.35029770588226,0.4298080063692511,1.8387993911443181,-0.002060313243418932,12.220300674438477,6.108089923858643,3.0368690490722656,0.999563917517662,0.0040283203125,0.0014691352553199977,-0.013895392417907715,1.2315388917922974,3.818544626235962,2.6769263942551333,0.5911253648260565,0.22167260944843292,0.21935997903347015,0.22402702271938324,881.076036238558,,,,,,,
49,100352,88.86591190302236,85.7221955124476,182.27272727272728,15.232957195958578,0.4484978933679425,1.817476452519624,-0.0009008069173432887,9.304457187652588,4.651327848434448,3.0391313433647156,0.9993062168359756,0.03857421875,0.004229252896038815,0.007280364632606506,0.8003643304109573,3.631687641143799,2.683627033169614,0.5926575376546621,0.22163355350494385,0.2192792445421219,0.22406575083732605,878.1546120067084,,,,,,,
50,102400,102.27233902481414,87.79402867736846,202.8,16.135220268648908,0.4422464445739277,1.8875904412585298,-0.002816637104842812,11.044959545135498,5.519663095474243,3.053880751132965,0.9963956773281097,0.0482177734375,0.007691385908401571,0.12691424787044525,0.7560919374227524,3.4610283374786377,2.6401150978927035,0.5716087193995089,0.22160860896110535,0.21926233172416687,0.22406823933124542,884.8080061288032,1.8080174183915045,5.044236642929179,2.353886028674184,2.851915927010305,0.0,1.0,0.0
51,104448,113.07667352842175,90.29167006311609,213.11111111111111,14.04000951086423,0.406201190810253,1.740561590031274,-0.001334618718829006,15.385250806808472,7.691290855407715,3.070011794567108,0.9998669922351837,0.0194091796875,0.002230316764325835,0.16170437633991241,0.4707809090614319,5.974238157272339,2.6011306938453345,0.5764822281184646,0.22161659598350525,0.21932664513587952,0.22413164377212524,884.3539231221043,,,,,,,
52,106496,100.33374695689,92.07436875100659,196.0,15.018415249694755,0.4207856445614806,1.809030172774428,-0.0022678450914099813,10.432696342468262,5.214080333709717,3.071818232536316,0.997060552239418,0.0162353515625,0.004682008715462871,0.23517395555973053,0.5566802322864532,4.005759537220001,2.5836402699933387,0.5955752622691641,0.22160838544368744,0.21933670341968536,0.22415615618228912,884.3394147491643,,,,,,,
53,108544,93.5766874457888,94.02491612748514,185.5,12.839614575997118,0.419884307396162,1.6833471652810186,-0.0032681847806088626,13.091521739959717,6.542492747306824,3.081903576850891,0.9966688901185989,0.024658203125,0.005633603519527242,0.1661093384027481,0.7929819077253342,4.280845880508423,2.5631392392824637,0.5821438187248444,0.22159090638160706,0.21933841705322266,0.22417935729026794,863.7779884875258,,,,,,,
54,110592,94.86558754709249,95.71821037881546,183.9090909090909,14.127221518317278,0.4247046437057018,1.7357546634059902,-0.004548241791781038,9.10116696357727,4.546035170555115,3.0539113879203796,0.999498575925827,0.0360107421875,0.003848282023682259,0.21891240775585175,0.6906208246946335,2.5916653871536255,2.6249677784799132,0.5910902240486069,0.22161105275154114,0.21946467459201813,0.22425633668899536,862.5255571411124,,,,,,,
55,112640,94.35421895511107,96.37640102774954,188.8,13.768647987099648,0.4349062029652133,1.7506823635717552,-0.002181959745939821,9.262595653533936,4.62911593914032,3.038816273212433,0.9994595348834991,0.022216796875,0.0029201879078755155,0.18390579521656036,0.4942816346883774,2.456858217716217,2.585078407806577,0.6047825679662343,0.2217007279396057,0.21961522102355957,0.22435195744037628,873.645453623426,,,,,,,
56,114688,105.86146734997382,97.76875568047392,204.8,13.074906951285083,0.4342701789552059,1.7075980247163605,-0.0009206167887896299,10.447874307632446,5.223016619682312,3.084084212779999,0.9998290240764618,0.0205078125,0.002432125387713313,0.1734999269247055,0.49454641342163086,2.576624274253845,2.5320532477635425,0.5887957302396933,0.22175869345664978,0.21971337497234344,0.22448855638504028,876.3449511580536,,,,,,,
57,116736,134.92378900065228,100.67185285287381,261.2857142857143,14.070037764241256,0.4448698245041712,1.7396104767662959,-0.001993183162994683,16.016085386276245,8.006049513816833,3.0564547777175903,0.998004674911499,0.0155029296875,0.0038468838611152023,0.28289613127708435,0.4640554338693619,5.9826507568359375,2.5361147796793375,0.5944368269484271,0.2217538207769394,0.21974678337574005,0.22456790506839752,878.74371753391,,,,,,,
58,118784,103.29911329663203,101.704115638438,221.55555555555554,17.334145532988234,0.4764247215957354,1.9605107198366722,-0.0026027827407233417,8.78999137878418,4.392392992973328,3.037494719028473,0.9989227652549744,0.02685546875,0.003671304730232805,0.21417100727558136,0.5981699228286743,2.380538821220398,2.6466917876532534,0.5967187579193423,0.2217310220003128,0.21981307864189148,0.22458484768867493,885.271771023921,,,,,,,
59,120832,105.94089659265282,102.24933453693068,242.75,18.122578241020083,0.5073056917943097,1.9785296323280024,-0.0021000828710384667,9.673898220062256,4.834848999977112,3.0574440956115723,0.9984243214130402,0.0274658203125,0.004259165871189907,0.2533728927373886,0.63242007791996,2.3230361342430115,2.63159011353855,0.6000566040919708,0.22172480821609497,0.21993309259414673,0.2245919108390808,870.7636772575715,,,,,,,
60,122880,106.46498441793017,103.63123348324805,249.875,20.12348822130423,0.5225022575917213,2.092722988527609,-0.004585259419400245,9.116811275482178,4.553820371627808,3.076207220554352,0.9994666278362274,0.042724609375,0.004096092045074329,0.20113617181777954,0.7340726256370544,3.0929552912712097,2.602972273234627,0.6109805497476434,0.22173179686069489,0.22006289660930634,0.22457779943943024,878.8702671672,1.9510792260877032,5.0324145208376905,2.430014157914658,3.32848747228003,0.0,1.0,0.0
61,124928,115.11580284216734,104.96804745347707,252.125,17.343941182814774,0.4967077816893055,1.937450189056742,-0.0018015378154814243,11.62454342842102,5.810470104217529,3.0897340774536133,0.9994525760412216,0.0155029296875,0.002554801933001727,0.289377361536026,0.5731378942728043,3.5929102897644043,2.5791172910976456,0.5786426488746838,0.22178222239017487,0.22030775249004364,0.22454237937927246,879.1977666556743,,,,,,,
62,126976,106.94708582868324,104.51175750099557,230.625,18.4820421152847,0.4690601535553296,2.0498098243891834,-0.0006518014706671238,12.13607668876648,6.067386507987976,3.089437961578369,0.9993871599435806,0.01220703125,0.0023828527046134695,0.22782206535339355,0.44396982342004776,3.96212899684906,2.5619504581263755,0.5823327565975018,0.22186574339866638,0.22066743671894073,0.22449935972690582,888.2012653667007,,,,,,,
63,129024,103.54339991086422,105.13867183935227,232.125,17.28726070192173,0.49035874798994383,1.9497971892824344,-0.0021209794213064015,9.99012804031372,4.992943167686462,3.0759554505348206,0.9988208711147308,0.0111083984375,0.00280251307412982,0.2931024134159088,0.44223441928625107,3.7037110328674316,2.5581146334443474,0.5846520979950005,0.22192350029945374,0.221042662858963,0.22443675994873047,886.7938983475199,,,,,,,
64,131072,103.26349203113429,105.25111088689165,236.25,17.947890631850925,0.5127604589266692,1.960796820264324,-0.00207684125052765,7.189740777015686,3.592793583869934,3.089124858379364,1.000151127576828,0.0135498046875,0.001574093068484217,0.36424845457077026,0.5710936486721039,2.7476503252983093,2.617944122874178,0.5979243841054565,0.22194941341876984,0.22094132006168365,0.22432681918144226,887.9300288966242,,,,,,,
65,133120,97.7286332460877,104.88100393967014,223.88888888888889,17.250927867386686,0.5115685774484071,1.958867043793159,-0.003356429049745202,6.318501353263855,3.1558942198753357,3.0763716101646423,0.9990977346897125,0.0396728515625,0.004356818768428639,0.391017884016037,0.5765295624732971,2.837043583393097,2.5698991057433886,0.5863760011372123,0.22194257378578186,0.22082099318504333,0.22419026494026184,871.6107036353033,,,,,,,
66,135168,96.69913316655177,105.49827016635825,218.33333333333334,18.186826417851016,0.49385687040398785,2.021722479109497,-0.0018668368575163186,6.745076417922974,3.3706713914871216,3.047128677368164,1.000123143196106,0.0238037109375,0.0023603204754181206,0.36033380031585693,0.5465007275342941,3.5389615893363953,2.5644862177286996,0.6005199302324683,0.2219628095626831,0.2207672894001007,0.22405897080898285,860.8139055248714,,,,,,,
67,137216,93.598547792788,105.61616789217508,230.25,19.44805105441832,0.5430181698099188,2.0640846073144603,-0.0009092180989682674,6.588400840759277,3.293291211128235,3.039781928062439,1.0006773471832275,0.007568359375,0.0005953189538558945,0.40727707743644714,0.42152534425258636,2.3562970757484436,2.548792605215567,0.5989647664519059,0.22200025618076324,0.22074612975120544,0.22400882840156555,853.9699579741201,,,,,,,
68,139264,93.98778629057374,104.97934610718613,242.75,23.264597315446967,0.5556512073553852,2.2378622511187682,-0.0036978910211473703,5.483063817024231,2.7378339767456055,3.0305018424987793,0.9989036172628403,0.0203857421875,0.0035409617266850546,0.38051600754261017,0.6575090885162354,2.3520341515541077,2.609436195329181,0.6232710103027018,0.22206145524978638,0.22067634761333466,0.22400598227977753,873.2373677614388,,,,,,,
69,141312,100.39530245717924,102.97536613527507,271.57142857142856,20.036260241140198,0.5655363590592495,1.9984804003240797,-0.002156732603907585,6.740375995635986,3.368031322956085,3.052607238292694,0.999857485294342,0.03173828125,0.0029866505065001547,0.528028279542923,0.7346990555524826,3.8824559450149536,2.594012420537183,0.6196500924793843,0.22210726141929626,0.220694437623024,0.22390152513980865,878.0728891765758,,,,,,,
70,143360,104.96996096430412,102.41731403162649,275.2857142857143,21.065302523956568,0.5582742713169109,2.073759943498494,-0.0009696346241980791,8.456616163253784,4.227338433265686,3.044095456600189,0.9993715286254883,0.0189208984375,0.002651190821779892,0.37025201320648193,0.4962010383605957,2.7459842562675476,2.6679427756607765,0.6032252663249814,0.22214139997959137,0.22085539996623993,0.2237776219844818,883.0435301173579,2.3920799558230943,5.012847840828416,2.57575092574284,10.551328954008518,0.0,1.0,0.0
71,145408,96.47361898694777,101.82108189326865,237.125,20.981292566805926,0.5389710559146628,2.0789564203926285,-0.0018590748077258468,5.230535864830017,2.613408863544464,3.040724754333496,0.9981136471033096,0.0296630859375,0.004392728267703205,0.4757867157459259,0.4773303419351578,2.066305935382843,2.6031294085114496,0.629034869759225,0.22223421931266785,0.22099831700325012,0.22378849983215332,877.34249165403,,,,,,,
72,147456,96.78581567568287,100.3681176892531,223.66666666666666,20.292869731807755,0.5140082540706716,2.0791578618730004,-0.0016200277023017406,5.5382397174835205,2.76749986410141,3.0511142015457153,0.9976373463869095,0.00927734375,0.003589058032957837,0.4137716442346573,0.6720321625471115,2.703275740146637,2.6392438504844904,0.6224274642303862,0.22230565547943115,0.22107210755348206,0.22383376955986023,843.6167836984889,,,,,,,
73,149504,87.93213769852464,98.82350017796027,217.11111111111111,24.347597722158717,0.5342285240281821,2.259281661432526,-0.0020607117330655456,4.089034199714661,2.042456328868866,3.0376225113868713,1.0004576444625854,0.01220703125,0.0012010625723632984,0.5018281489610672,0.5164012610912323,1.8666002452373505,2.56107392400736,0.6588511879325876,0.22231018543243408,0.22105640172958374,0.22386324405670166,874.1484688953478,,,,,,,
74,151552,93.4473835724658,97.41635061713767,223.44444444444446,20.150656545234895,0.5279185285361971,2.0645237521181423,-0.0009639804484322667,4.653919696807861,2.3259958624839783,3.0221272706985474,1.0016407668590546,0.0347900390625,0.0011155194661114365,0.49931956827640533,0.6503315716981888,2.0420913100242615,2.4614980651676888,0.6401770228564873,0.22228065133094788,0.2209109663963318,0.2238336056470871,887.876481179824,,,,,,,
75,153600,87.42861729103937,95.76339890615101,210.55555555555554,21.58183723940901,0.5252492063174835,2.110702476784347,-0.0024188330862671137,4.168234467506409,2.0816983580589294,2.969374179840088,0.9975750595331192,0.0340576171875,0.005249550071312115,0.5762268155813217,0.5801332592964172,2.0587801337242126,2.4920746198185952,0.6689359152755693,0.22230714559555054,0.2208382934331894,0.22377319633960724,887.2467910897942,,,,,,,
76,155648,96.65184169019335,95.40068728719031,223.66666666666666,21.290388743714594,0.5153062691340298,2.1324909850698095,-0.0015577293816022575,5.049253702163696,2.523069143295288,3.008042812347412,1.0007242262363434,0.0296630859375,0.0019392875110497698,0.5411264598369598,0.5362266674637794,2.6882547736167908,2.5398519006121205,0.6612039270462217,0.22234836220741272,0.22074653208255768,0.22370664775371552,892.0105090894156,,,,,,,
77,157696,96.69439007011182,95.14095950923877,233.75,20.620021901881856,0.5184985194453463,2.0905043769306912,-0.0018249144777655602,7.0364580154418945,3.516404092311859,3.0036821365356445,0.9996902495622635,0.0135498046875,0.0018421514541842043,0.5116298943758011,0.7955992668867111,3.855125069618225,2.506907328730449,0.6528505442254302,0.2223670333623886,0.2206447571516037,0.22361429035663605,885.4829720277093,,,,,,,
78,159744,85.83001728488755,94.01872442849552,201.6,21.836789772693486,0.5166614813377347,2.1963339130619115,-0.0022562252706848085,3.3600470423698425,1.6777673065662384,3.020993709564209,0.9991411417722702,0.02783203125,0.0035833811125485227,0.5780332386493683,0.456689216196537,1.6543521881103516,2.3833749833429465,0.6609557301168263,0.2224026769399643,0.22061072289943695,0.22353191673755646,868.5419954863488,,,,,,,
79,161792,78.86524531527196,92.26893334690261,181.0909090909091,18.842901399264935,0.4966973174615229,2.0655562104984146,-0.002476880617905408,3.389699637889862,1.6923729479312897,3.0433963537216187,0.9998888820409775,0.0140380859375,0.0020055223285453394,0.5533163249492645,0.5304262787103653,2.266252100467682,2.5155883110128343,0.6445520606827055,0.22245687246322632,0.2205711007118225,0.22348877787590027,845.9230191361846,,,,,,,
80,163840,84.52879441129777,90.95980572398904,183.72727272727272,16.539214419681894,0.47940665341546146,1.9311103790496373,-0.0025991270667873323,4.030054569244385,2.0124281644821167,3.016613781452179,1.001095175743103,0.0244140625,0.0014260492462199181,0.5296667814254761,0.5666035562753677,2.9150273203849792,2.586752597024315,0.6343423840990808,0.22249987721443176,0.22052901983261108,0.2234925627708435,878.2015070170081,1.966589348848747,5.0377118687279925,2.9075564701853933,2.5003805931481278,0.0,1.0,0.0
81,165888,86.41541426962958,89.38150390865766,180.72727272727272,15.151556260167332,0.4543092787744965,1.8373736996376755,-0.00047554803313687444,3.5424367785453796,1.7707428336143494,3.0251269936561584,0.9993305504322052,0.00244140625,0.0016923677758313715,0.5924647301435471,0.5351758897304535,2.340815842151642,2.5720251141901826,0.6395080596224144,0.222604900598526,0.22062164545059204,0.22362127900123596,878.8767640819744,,,,,,,
82,167936,85.18050927489948,87.88487492692403,178.63636363636363,15.963158969574447,0.4527760839137902,1.8837967776832656,-0.0030658507021144032,3.5542508363723755,1.7740595638751984,3.0191240310668945,0.9985104203224182,0.0142822265625,0.0030732260638615116,0.6075501888990402,0.7654467225074768,2.1572946310043335,2.5961880533141084,0.6307797369259714,0.2227427363395691,0.22082562744617462,0.22382113337516785,883.2259515299055,,,,,,,
83,169984,85.66998943744177,87.56865356187,180.72727272727272,16.254762874922545,0.45784481181589626,1.9067097963612394,-0.002837901469320059,3.233884334564209,1.6141042709350586,3.0201287865638733,0.9977868646383286,0.050537109375,0.0062704605516046286,0.6642162203788757,0.5780959948897362,2.0388526916503906,2.4647115178522654,0.649850594783332,0.22287610173225403,0.22096776962280273,0.2240126132965088,880.0851961316812,,,,,,,
84,172032,86.55362501149861,87.04531687769959,176.1818181818182,13.037978866441179,0.439482472544887,1.6945654844957372,-0.0026823841617442667,3.299814462661743,1.6472248435020447,3.058142602443695,0.9981934130191803,0.0413818359375,0.005325658421497792,0.663638100028038,0.4930345267057419,2.289636254310608,2.514801509983954,0.6454357714441967,0.22296006977558136,0.22099682688713074,0.2241368144750595,857.6950564879647,,,,,,,
85,174080,84.57165947291314,86.13805834499354,184.72727272727272,16.03018796877611,0.48442091244060825,1.8820928043356673,-0.00046189219574443996,3.1229636669158936,1.5610199570655823,3.031595468521118,1.000685214996338,0.0009765625,5.98454789724201e-06,0.6181094497442245,0.34841693937778473,2.2381410598754883,2.672063037447515,0.6498902214307468,0.22299867868423462,0.22090426087379456,0.22428664565086365,810.3197303839081,,,,,,,
86,176128,86.31693570739009,85.25353371205378,181.45454545454547,15.701519228363766,0.45806787030007096,1.8668221974301287,-0.0018024906748905778,3.207691729068756,1.6020433604717255,3.032695233821869,0.999252438545227,0.0107421875,0.002195438035414554,0.646575078368187,0.46414420008659363,1.829927921295166,2.640583281114232,0.6481244491931138,0.2230084389448166,0.2208404839038849,0.22436383366584778,876.1614190209261,,,,,,,
87,178176,91.97964801703144,85.35014915558048,202.6,16.42102662693631,0.4915357005970604,1.9173537504061078,-0.00045944718294776976,3.785460352897644,1.892270714044571,3.044055223464966,0.9996001124382019,0.009521484375,0.0019339244754519314,0.5975149273872375,0.4631796106696129,1.9744493663311005,2.624343260176829,0.6540407614513392,0.22299587726593018,0.22082558274269104,0.22430989146232605,883.0731610732208,,,,,,,
88,180224,92.69190688526137,87.02860753695327,194.2,15.064305033215623,0.45844713817969424,1.8376528564701127,-0.002087767410557717,4.236445307731628,2.1161349415779114,3.022520124912262,0.9983993023633957,0.0079345703125,0.0029436807380989194,0.5692950636148453,0.47084617614746094,2.1538443565368652,2.68985762335069,0.6512329904551858,0.22295282781124115,0.2209450751543045,0.22421424090862274,878.6470339326635,,,,,,,
89,182272,95.61996321910323,88.25905656935493,207.55555555555554,15.706497050577891,0.49147921179762505,1.8858242753493617,-0.001968050957657397,4.295572280883789,2.1458181142807007,3.0023102164268494,0.9965416789054871,0.037109375,0.00677124633511994,0.5689074546098709,0.5544820055365562,2.58513867855072,2.7651467664400116,0.6290298515593185,0.2229803055524826,0.22117073833942413,0.22423553466796875,884.2726196700321,,,,,,,
90,184320,91.01053455060278,88.29422648375203,203.1,16.443980380169602,0.4986791582196385,1.9428897196524004,-0.002243446186184883,3.5776771903038025,1.7865951359272003,3.0385708808898926,0.997781977057457,0.0162353515625,0.004190763545921072,0.5995356440544128,0.5452236160635948,2.906162738800049,2.6628095530177234,0.6203383127865486,0.22304123640060425,0.2214028686285019,0.2242307811975479,886.2151512375982,2.1261721009291508,5.010222026885575,2.4925679467795128,2.5549305362021446,0.0,1.0,0.0
91,186368,85.0191231802532,88.3717880610634,186.1,18.217280452996327,0.488910542836814,2.030137711676573,-0.00373185274656862,5.072794079780579,2.532665193080902,3.0329442620277405,0.9984789192676544,0.023193359375,0.004054651755723171,0.4911494255065918,0.7333624809980392,3.645106554031372,2.521211314611719,0.6349624251625543,0.22307363152503967,0.22151224315166473,0.22426363825798035,863.2590306350986,,,,,,,
92,188416,82.94119713616642,87.90022231214807,185.72727272727272,19.595354719320568,0.4983972098621876,2.0969886777303097,-0.0021072207018733025,3.9252219200134277,1.960503727197647,3.084067463874817,0.9986920654773712,0.033935546875,0.004471837528399192,0.5413033962249756,0.7143404483795166,5.458085536956787,2.53125903273758,0.6276882066348973,0.22311758995056152,0.22151994705200195,0.2244390845298767,747.5616478221685,,,,,,,
93,190464,79.9074002234832,87.35603138555535,175.8181818181818,18.222815147599533,0.4747063657891591,2.005807494156818,-0.0036943466402590275,4.406529903411865,2.199570596218109,3.0685498118400574,0.9983936995267868,0.048095703125,0.005511306007974781,0.5326517671346664,0.6027617678046227,5.078247427940369,2.5670461026747944,0.6377938779304025,0.22318163514137268,0.22149604558944702,0.22465161979198456,781.8655156815867,,,,,,,
94,192512,73.50467474914656,85.61855377583598,163.41666666666666,18.919394868214514,0.47488688773425114,2.0107852019260237,-0.0021647782996296883,4.628844380378723,2.312257468700409,3.061380684375763,0.9982691705226898,0.0189208984375,0.003862807250698097,0.5346705913543701,0.6003309339284897,7.8901368379592896,2.688509891158901,0.6009784049414134,0.22319328784942627,0.22138960659503937,0.224800705909729,785.7155736273996,,,,,,,
95,194560,76.12594426857598,84.73133556795815,165.0,18.54155684181675,0.4663752667166201,1.9973251456514731,-0.0021861387067474425,3.716888725757599,1.85625821352005,3.0715705156326294,0.9977950900793076,0.0289306640625,0.004867978874244727,0.5834808498620987,0.5068584531545639,6.457516551017761,2.6880784137611045,0.6036981043136215,0.22317788004875183,0.22129704058170319,0.22488825023174286,837.3031218053574,,,,,,,
96,196608,72.35599816208372,82.60329940825004,159.66666666666666,18.52275302511492,0.4755809633893482,1.9952668731498142,-0.0022764651803299785,4.088482022285461,2.041964530944824,3.077618956565857,1.0009069442749023,0.0458984375,0.00281307844852563,0.5338180363178253,0.6588076651096344,6.883314371109009,2.744594654388493,0.5808099351731325,0.22316959500312805,0.22131554782390594,0.22498469054698944,827.7401092485214,,,,,,,
97,198656,73.42788808397077,80.44792276946563,159.08333333333334,18.446492782255312,0.47210110075765965,1.9867028530799642,-0.0022328358609229326,3.275408387184143,1.6354713439941406,3.052556812763214,0.996983140707016,0.0294189453125,0.005723723326809704,0.5921324640512466,0.6053591147065163,6.2581164836883545,2.7964339037716854,0.5644730443162299,0.22316059470176697,0.2212815135717392,0.22515720129013062,815.8990421825995,,,,,,,
98,200704,69.0284150222902,77.07406590686205,154.0,18.990582148156207,0.4775295867259617,2.0087336373879103,-0.001864633581135422,2.7424124479293823,1.3693416118621826,3.0845527052879333,0.9988059550523758,0.0411376953125,0.004594399506459013,0.6547522842884064,0.4733193814754486,6.424026846885681,2.801731678802753,0.5645586864416685,0.22318154573440552,0.22126032412052155,0.2253873497247696,807.4667115493629,,,,,,,
99,202752,72.19471512153045,75.0958843823594,157.33333333333334,17.629211272288757,0.47748375113181485,1.9621026757093336,-0.002094243187457323,2.991204261779785,1.4935079216957092,3.0540621280670166,1.0015282332897186,0.0164794921875,0.0002558448468334973,0.6120189875364304,0.7735829204320908,6.016326904296875,2.7803582527849358,0.5903444136961805,0.22320473194122314,0.2212533950805664,0.22561661899089813,833.2174006389042,,,,,,,
100,204800,69.8166657284787,73.47936738265292,154.92307692307693,18.075058558251534,0.47748340658595856,1.9816195187273768,-0.0008019778179004788,2.18429496884346,1.0913455039262772,2.990050435066223,1.0010204315185547,0.0411376953125,0.002366983360843733,0.6948700696229935,0.6615742743015289,5.140485763549805,2.8460024662927026,0.5857211988468631,0.2231750190258026,0.22120261192321777,0.2257833182811737,827.7090188915346,2.0270825178968357,5.063705105072206,3.4061421102883473,3.444037450816088,0.0,1.0,0.0
101,206848,72.44636933023448,72.38509920526919,159.16666666666666,18.319446230692307,0.4822491787828211,2.0041110249055163,-0.00224550865823403,1.8760696351528168,0.9357893019914627,3.0311445593833923,0.9987670183181763,0.018310546875,0.003128428536001593,0.708302229642868,0.5759149044752121,3.163110136985779,2.810273276467342,0.57049319746505,0.22315607964992523,0.22123034298419952,0.2258768081665039,836.6895034224632,,,,,,,
102,208896,70.60371384838672,71.93460738302352,155.23076923076923,18.53490950218034,0.4740800950124263,2.0107422809591915,-0.0013535089674405754,1.155247837305069,0.5762704014778137,3.0241571068763733,0.9992766976356506,0.014404296875,0.002651929564308375,0.8144101500511169,0.49208489805459976,1.3297024965286255,2.838151485004346,0.5723529497114916,0.22315368056297302,0.22123131155967712,0.2258365899324417,817.3982769856806,,,,,,,
103,210944,72.65701880597632,71.4598956902079,162.5,18.530063073400243,0.4820483249118872,2.044716562760009,-0.002203613694291562,1.4721208214759827,0.7338567972183228,3.0574814677238464,1.0007001161575317,0.0252685546875,0.001867396233137697,0.7725843042135239,0.4748287945985794,2.2434293031692505,2.679305574914906,0.5995696057992911,0.22315430641174316,0.22125549614429474,0.22574341297149658,846.8647541577565,,,,,,,
104,212992,73.41942642133303,71.57784147689945,165.33333333333334,19.03586658785933,0.4813388604966936,2.0736805450852636,-0.0017447775462642312,1.6701088547706604,0.8333096504211426,3.0476850271224976,0.9997176676988602,0.01806640625,0.0024070450162980705,0.7640984952449799,0.5183969363570213,2.567505419254303,2.75775904537295,0.6083407638513736,0.22309187054634094,0.22114746272563934,0.22562208771705627,838.580733163435,,,,,,,
105,215040,81.30282832153044,72.48971518096776,179.63636363636363,18.451141628154588,0.4791456099563942,2.043046846797695,-0.0014499988174065948,1.9137460887432098,0.955423042178154,3.0627145767211914,1.0003327429294586,0.0081787109375,0.0007658153190277517,0.7895070761442184,0.5878888815641403,2.6721789240837097,2.7607653771847254,0.5869743250564572,0.2230221927165985,0.2209903597831726,0.2255086898803711,844.2027873846296,,,,,,,
106,217088,74.56093041059559,73.10032162244048,176.45454545454547,21.016745222614773,0.5094329120763594,2.194662529120719,-0.0021931719384156168,1.1621728539466858,0.5788932591676712,3.0757569670677185,0.9982291460037231,0.0218505859375,0.004200203402433544,0.8254682272672653,0.5080220997333527,1.6426002085208893,2.7217283920326736,0.6054635024592944,0.22302290797233582,0.22099895775318146,0.22541594505310059,841.3111332517993,,,,,,,
107,219136,76.87403048250808,73.87049675120116,178.0909090909091,20.088761399755526,0.4979232647643338,2.1511502221434413,-0.0019412742694839835,1.2100297510623932,0.6030735969543457,3.0849611163139343,0.9998043775558472,0.018798828125,0.0023509842867497355,0.8208534270524979,0.47247953712940216,1.4454525411128998,2.6348888827487826,0.6112701864686264,0.223109632730484,0.22112029790878296,0.225391685962677,845.0081479305388,,,,,,,
108,221184,80.25640673813085,74.7735493899133,174.63636363636363,17.49311178425571,0.4714446119333791,1.9897049808826295,-0.0016242077108472586,1.613262116909027,0.8050068467855453,3.0360657572746277,0.9996312856674194,0.003173828125,0.0012659111380344257,0.7940272837877274,0.43640096485614777,1.9883253872394562,2.8082168791879667,0.6021522283143187,0.223192036151886,0.22126293182373047,0.22538980841636658,819.6994445107699,,,,,,,
109,223232,81.04364025710801,76.01037111421284,182.63636363636363,18.84832117348217,0.49246265585328564,2.0790368302768547,-0.001846781640779227,1.316254884004593,0.6562806516885757,3.0369755029678345,1.0004446506500244,0.0184326171875,0.0017308498790953308,0.8373134136199951,0.46853533387184143,1.4977736473083496,2.7874753194482764,0.6109899244110435,0.22323131561279297,0.22136236727237701,0.22551409900188446,826.9068605849781,,,,,,,
110,225280,81.39636874013136,76.92237867254684,184.45454545454547,20.278421675403948,0.4999133897071588,2.160090110514329,-0.001543039339594543,1.2999023795127869,0.6484081447124481,2.9776949286460876,0.9997884631156921,0.0072021484375,0.001788807479897514,0.8269995301961899,0.4489831104874611,1.510236918926239,2.7976574140629964,0.6225635418765636,0.2232077717781067,0.2214210033416748,0.22558456659317017,853.5151260087872,2.52079323639827,5.0256220993949015,2.8466038216654406,12.043728044918195,0.0,1.0,0.0
111,227328,81.18616084148888,77.9455520559265,189.3,19.36569238005149,0.514172620098119,2.091064858896486,-0.0015730021405033767,1.8678260147571564,0.9323400110006332,2.949269950389862,0.9992651343345642,0.02392578125,0.0033354144252371043,0.7504455149173737,0.38229821622371674,1.3631647825241089,2.71741953358287,0.6881719877644723,0.22315376996994019,0.22139382362365723,0.22554415464401245,851.7085116166766,,,,,,,
112,229376,83.46183117877703,78.99500878291269,192.9,17.55193775096124,0.49402480645244445,1.9998642987271644,-0.004047089314553887,2.8522123098373413,1.4220590591430664,3.0096542835235596,0.9968491345643997,0.0244140625,0.005695579398889095,0.681450366973877,0.6613545715808868,1.6233957707881927,2.70905739889713,0.6546381729333305,0.2231050729751587,0.22128862142562866,0.22548992931842804,874.1018941821893,,,,,,,
113,231424,85.9710910317684,80.34509767438344,191.0,18.10766532202586,0.4904597936891457,2.0355019383406603,-0.0019419650780037045,3.411908984184265,1.7040125131607056,2.9083642959594727,0.9993681013584137,0.04248046875,0.0041912179221981205,0.6349934488534927,0.6366521120071411,2.8432779908180237,2.9765197891101707,0.6257628317351538,0.22308140993118286,0.22120442986488342,0.22537384927272797,823.1883475440194,,,,,,,
114,233472,88.29195925077815,81.31258388487313,200.2,15.901593141726178,0.4989636038333662,1.9088569715705643,-0.002133733971277252,2.4648162126541138,1.2302743792533875,2.974083960056305,1.000218689441681,0.01220703125,0.0013200260000303388,0.708097979426384,0.6301388218998909,1.9479067027568817,2.932607680064393,0.5776056145355328,0.22306989133358002,0.22113677859306335,0.22525326907634735,843.601184855267,,,,,,,
115,235520,90.38022629161821,82.47750520039054,190.1,14.077082124435849,0.4606578253089944,1.7850738585857509,-0.0023637847043573856,2.8015562891960144,1.3984143435955048,2.9572144746780396,0.997392326593399,0.0455322265625,0.006500853276520502,0.7024394571781158,0.5359914004802704,2.03683078289032,2.917496977839619,0.6064581947613887,0.22309574484825134,0.22109635174274445,0.22523626685142517,812.5524205662922,,,,,,,
116,237568,94.44421550426635,84.18288818626397,211.33333333333334,17.0647162076245,0.5005464254897174,1.9677015509747888,-0.0035856402246281505,2.734678030014038,1.3637533783912659,2.995089113712311,0.9973895996809006,0.0477294921875,0.006534481013659388,0.7057691812515259,0.8480081260204315,1.5757693648338318,2.9086403590772534,0.5755203746601292,0.22313375771045685,0.22111575305461884,0.22523187100887299,823.0278425803577,,,,,,,
117,239616,82.63676617727319,84.63093286810629,195.3,17.293704510474264,0.5078296318104779,1.9914090493792895,-0.002529666235204786,2.908767879009247,1.4518542885780334,2.911004960536957,0.9986384958028793,0.045166015625,0.005098812165670097,0.649741604924202,0.6960492432117462,2.1487411558628082,3.0089494331914466,0.5690770377057239,0.22320592403411865,0.22122155129909515,0.22528241574764252,853.7104051248594,,,,,,,
118,241664,88.84275166123784,85.65668456541945,194.2,15.650483066261472,0.4791100931848264,1.884292985353144,-0.0017999288393184543,3.18589586019516,1.5911479890346527,2.9027373790740967,0.9986973702907562,0.00830078125,0.0024123632756527513,0.6494754105806351,0.6078145951032639,2.8324347734451294,2.9938686562381918,0.5848901387478982,0.22325469553470612,0.22125771641731262,0.22534777224063873,840.2540028940464,,,,,,,
119,243712,86.73658023773669,86.20431662386628,187.1,15.297060558687939,0.4756579152166628,1.8661854089538152,-0.0010011610575020313,3.5805553793907166,1.7892765402793884,2.92502099275589,0.9995080232620239,0.018798828125,0.0024126677599269897,0.6077417284250259,0.6131477952003479,1.583927184343338,2.9778971600317163,0.5853803819928158,0.22325512766838074,0.22116942703723907,0.2253287136554718,855.6520870284518,,,,,,,
120,245760,84.63044700898465,86.50953764733372,190.3,16.36923078584202,0.48841889495099033,1.941630176419836,-0.0007546762935817242,2.8611003160476685,1.4297954738140106,2.955356240272522,0.9993828535079956,0.012939453125,0.002125416140188463,0.642909049987793,0.5386910289525986,1.8674612939357758,2.9847819746937603,0.5661588315850299,0.22325055301189423,0.2211562991142273,0.22523777186870575,821.4462915423616,2.2430249635328323,5.036503989209178,2.639101108247108,4.486200600978911,0.0,1.0,0.0
121,247808,84.66076980905967,86.90782935819794,182.9090909090909,15.553112372948378,0.4745183121174561,1.875878027670671,-0.001847254519816488,2.7431774735450745,1.3697414696216583,2.926441788673401,1.0006970167160034,0.0355224609375,0.0023083277483237907,0.6890832930803299,0.6509026736021042,1.820656418800354,2.945624670232064,0.5866630944411948,0.22326645255088806,0.22117751836776733,0.2251909226179123,845.817749935786,,,,,,,
122,249856,85.88681549707991,87.15032779002823,193.9,16.473119619555803,0.4948081347399988,1.940420539876677,-0.0021700893994420767,3.0345484018325806,1.5151041150093079,2.934299409389496,0.9998292028903961,0.014892578125,0.001893147113150917,0.6516395807266235,0.44608599692583084,2.4312650561332703,2.9512070095952367,0.5734971867575445,0.22327223420143127,0.2211635708808899,0.2251214236021042,829.8014883846444,,,,,,,
123,251904,85.51788549143491,87.10500723599489,199.0,19.650634034983625,0.506562220584828,2.119453637272282,-0.0011833932949230075,2.920212507247925,1.4589228630065918,2.9371199011802673,1.0000763982534409,0.00244140625,0.0007810137030901387,0.6841032058000565,0.6053541749715805,3.109957695007324,2.991807698752382,0.5749627592517784,0.22326239943504333,0.22105616331100464,0.22501952946186066,829.4142111285935,,,,,,,
124,253952,88.69728461613835,87.19750642648366,184.45454545454547,15.37717248857521,0.4607841788770798,1.8562611155622997,-0.0023445234983228147,3.172754168510437,1.584032565355301,2.9207329154014587,0.9995978474617004,0.02734375,0.003093708917731419,0.6647926419973373,0.5660423338413239,2.626642405986786,3.0125823172566015,0.5939988660184295,0.2232881784439087,0.22101135551929474,0.22496415674686432,861.5827182574941,,,,,,,
125,256000,82.2148577385059,86.11316021692132,181.0909090909091,18.175150932282556,0.47811194911273047,2.0297967830078303,-0.0017056998913176358,3.0363120436668396,1.5164503157138824,2.887475609779358,0.9985860139131546,0.028564453125,0.004172462897258811,0.6458099186420441,0.5893841162323952,3.7233088612556458,3.044737283489667,0.5750234617086234,0.22333723306655884,0.22099535167217255,0.22497567534446716,850.9782676416721,,,,,,,
126,258048,80.50292884789225,85.30357209321716,170.41666666666666,16.813277793083998,0.4682515141341477,1.9390998296683344,-0.0025686825392767787,3.801616370677948,1.8982394933700562,2.8323997855186462,0.9993501901626587,0.0303955078125,0.0034703624405665323,0.586582288146019,0.7232411801815033,5.932924032211304,3.106454720662441,0.5711687976660611,0.2233787178993225,0.22097130119800568,0.2250247448682785,826.8464474041385,,,,,,,
127,260096,87.58120969353583,85.46318443040892,181.72727272727272,15.824047390367415,0.45317979364386496,1.8761918455107998,-0.001645852462388575,3.0200610756874084,1.5083846747875214,2.9046117067337036,0.9979656040668488,0.036865234375,0.005251677212072536,0.6754510551691055,0.6692064553499222,3.623032808303833,3.0437419864465483,0.5758768321598244,0.22341647744178772,0.22092954814434052,0.22510400414466858,814.5722112986617,,,,,,,
128,262144,85.40487487300912,84.69604453591366,180.45454545454547,16.418670035998996,0.4580911898104876,1.926387183845837,-0.0013293155934661627,3.393544852733612,1.6954430937767029,2.8921546936035156,1.0014894902706146,0.034912109375,0.0016768533823778853,0.6360822021961212,0.5127467960119247,2.9379491209983826,3.0357473703479627,0.5803833097059782,0.22343096137046814,0.22091616690158844,0.22509700059890747,842.8299028022656,,,,,,,
129,264192,85.03286382347981,84.93116264934346,172.54545454545453,15.571709443479712,0.45242032753759986,1.8667945055267663,-0.002770539140328765,3.4532597064971924,1.7238593101501465,2.8703824281692505,1.000989407300949,0.0245361328125,0.0013238842439022847,0.6145530641078949,0.6668349280953407,4.745813369750977,3.0413254154555034,0.5823568408108961,0.22347605228424072,0.22095569968223572,0.22512462735176086,838.2240634352269,,,,,,,
130,266240,84.5302063203286,85.07654016172219,178.63636363636363,15.856281821727457,0.4576131183015073,1.8826192318393196,-0.0011937051021959633,2.880262792110443,1.4389376938343048,2.9082265496253967,1.000347077846527,0.0260009765625,0.0022561945515917614,0.6613044440746307,0.5692307576537132,2.068357139825821,3.016473099705763,0.5759091202343779,0.22355039417743683,0.22111696004867554,0.22522959113121033,824.616763375432,2.0016758704500264,5.0270022151787375,2.9209556807617725,3.3631232539154325,0.0,1.0,0.0
131,268288,95.76575769999829,85.68544330254207,205.22222222222223,16.83695867661595,0.47371491143460664,1.9731465278095324,-0.0005041408003307879,3.9298296570777893,1.964410662651062,2.9432740211486816,1.000633329153061,0.000244140625,2.438538649585098e-05,0.7041325271129608,0.42373137921094894,3.5982293486595154,2.9823260702978587,0.5775837698358458,0.2236471176147461,0.2213306874036789,0.22529903054237366,838.6443881187578,,,,,,,
132,270336,91.31455798223772,86.44159560985041,195.4,16.46622030986674,0.4719716683742836,1.9449234765815269,-0.001377711829263717,3.6765908002853394,1.8369176983833313,2.9340860247612,0.9993581622838974,0.0115966796875,0.002354711847146973,0.6429921388626099,0.4691542461514473,2.056447446346283,2.9912374661507783,0.5785662980995163,0.2237423211336136,0.2214375138282776,0.22535079717636108,844.5632049678331,,,,,,,
133,272384,96.29024298396862,87.61402428137237,190.8,14.784675441647169,0.43440821814212915,1.8097960648752973,-0.0017425586702302098,7.276960492134094,3.6367377042770386,2.9758495688438416,0.9995835274457932,0.005126953125,0.0016713305521989241,0.3517714589834213,0.544260710477829,4.273338079452515,2.906194196533761,0.6032497025305997,0.2238674759864807,0.22152316570281982,0.22546042501926422,802.9724780219813,,,,,,,
134,274432,81.62801669407988,86.8996643646843,178.0909090909091,16.47283981205161,0.46934818781772725,1.93003078863839,-0.003045947232749313,2.7503058314323425,1.3721069693565369,2.8554866909980774,1.0006126463413239,0.04150390625,0.002758954964519944,0.6821983754634857,0.8904645591974258,1.8221306800842285,3.0426184623065637,0.5872549299422181,0.22396761178970337,0.22163981199264526,0.225565105676651,844.7465466347359,,,,,,,
135,276480,93.7348129173015,89.02415365635811,194.8,16.280887378198955,0.45521906523163025,1.9250233447787586,-0.004011512501165271,6.736852288246155,3.364414632320404,2.9586031436920166,0.9982299655675888,0.0341796875,0.0048455662617925555,0.3492385298013687,0.7947417348623276,4.826267838478088,2.9199625129258493,0.6130555145983563,0.22407099604606628,0.221676766872406,0.2257274091243744,845.4734681469479,,,,,,,
136,278528,91.25899850941038,89.2619615560723,187.8,16.772216736936944,0.45969133553225383,1.954224097905,-0.0015876680263318121,4.366620063781738,2.181722342967987,2.9363933205604553,1.0005619525909424,0.029541015625,0.0022610925370827317,0.5726543515920639,0.5535591840744019,4.06951767206192,2.976823338729446,0.6081052621368798,0.22417742013931274,0.2217496633529663,0.22575148940086365,839.1779306944629,,,,,,,
137,280576,104.39067727527987,90.40022195457298,213.55555555555554,15.908431721374956,0.44497155906226815,1.9146984344342757,-0.002071714785415679,6.817837238311768,3.4068468809127808,2.9274476170539856,1.000167265534401,0.0299072265625,0.0026295140341972,0.6011181771755219,0.5800933241844177,4.347925662994385,2.94116050163575,0.6049217840271885,0.22424951195716858,0.22179941833019257,0.2257474660873413,829.6257743660318,,,,,,,
138,282624,90.87629728905576,91.32669095937969,183.54545454545453,15.5733106967188,0.444147370609974,1.8673537597929486,-0.0013395165442489088,3.743727385997772,1.8705241978168488,2.920290231704712,0.9983965456485748,0.0084228515625,0.002749654828221537,0.622819110751152,0.46603523194789886,2.814677059650421,2.9570539696724154,0.6003052229582738,0.2243076115846634,0.22192074358463287,0.2257641851902008,826.8999033678871,,,,,,,
139,284672,102.62060074144728,92.78359168717817,205.33333333333334,16.177242512038212,0.45517751062660433,1.9302975857955955,-0.0029265772318467498,5.4970622062683105,2.7456045150756836,2.9554877877235413,0.9988040030002594,0.0086669921875,0.0025531836072332226,0.536209836602211,0.6356063783168793,3.4629040956497192,2.9015356801683083,0.6194216200075353,0.2243126481771469,0.22203044593334198,0.22580990195274353,767.8019979739762,,,,,,,
140,286720,105.01591507596379,94.45313595281743,204.33333333333334,14.987920718618742,0.4379506046556518,1.8500993946319244,-0.001374987419694662,8.396976232528687,4.1971131563186646,2.9817346334457397,0.9989433735609055,0.0125732421875,0.0025756088143680245,0.33704133331775665,0.8180657625198364,4.4993979930877686,2.843395293573849,0.6279308594732181,0.22430124878883362,0.22199982404708862,0.22586987912654877,835.8885479609157,1.9826643192776792,5.017740788191735,2.446410032183496,3.342893710934796,0.0,1.0,0.0
141,288768,103.06133287969685,95.67958081127043,192.6,12.932149677414978,0.39949778258405333,1.7025125002165098,-0.0030607343651354313,9.400015115737915,4.696946859359741,3.046565353870392,0.999445915222168,0.0224609375,0.0029427974222926423,0.40453945100307465,0.7262338548898697,3.9440528750419617,2.7684189612191403,0.6129380268596311,0.22430366277694702,0.22195720672607422,0.22592861950397491,867.9041552628482,,,,,,,
142,290816,92.00107605050431,95.9413361617298,183.6,13.27498240687725,0.42820020073134846,1.722989353720761,-0.0032066379790194333,6.087841272354126,3.0407140254974365,2.985406756401062,0.9984311461448669,0.041259765625,0.005081300114397891,0.5490683764219284,0.6883657425642014,3.199840724468231,2.8913620238745352,0.6043842034281841,0.2242920696735382,0.22187000513076782,0.22603349387645721,817.0428679313035,,,,,,,
143,292864,108.61552077758182,97.2140382012457,209.0,14.07658301327573,0.4252466671508149,1.7888531577166473,-0.0015458217239938676,6.947200059890747,3.472054183483124,3.023045241832733,1.001163363456726,0.0115966796875,0.0006880904256831855,0.5078499019145966,0.631876528263092,3.4805445075035095,2.8309276648360537,0.6135687542727793,0.2242545187473297,0.22174514830112457,0.22617901861667633,786.8485651331629,,,,,,,
144,294912,108.71487901080602,98.8305700468519,196.1,11.718542603681643,0.3792934526116855,1.6130370043985158,-0.0031610537553206086,9.201669454574585,4.597673654556274,3.0048421025276184,0.9980045557022095,0.0213623046875,0.004350879287812859,0.4133452773094177,0.6804057210683823,3.570581316947937,2.7397474282770418,0.620583569225569,0.224270761013031,0.22162723541259766,0.226365864276886,779.244791243541,,,,,,,
145,296960,94.92807689042526,99.64453350221842,183.36363636363637,12.73966824986913,0.4215426775947167,1.689205270374694,-0.0011868925066664815,11.175018310546875,5.58632218837738,3.0667073726654053,0.9986457377672195,0.0159912109375,0.0031433493859367445,0.22153736650943756,0.5999283045530319,8.640815019607544,2.5990830190421548,0.6524288476830559,0.22435811161994934,0.2215765118598938,0.22659718990325928,777.8568726798062,,,,,,,
146,299008,124.22805273606089,102.6335844920015,219.44444444444446,11.455834957635387,0.37542464346410087,1.6058024683144736,-0.0021296291961334646,10.81394624710083,5.40484356880188,3.0079445242881775,0.9994150102138519,0.025146484375,0.0029056903513264842,0.41997599601745605,0.5717512667179108,4.530849933624268,2.72716677581775,0.6761991471125914,0.2244117558002472,0.22152931988239288,0.2267829030752182,815.2221528523495,,,,,,,
147,301056,101.28660883153192,102.57625311783828,184.9090909090909,11.09254163999338,0.39550378735613945,1.570242168934667,-0.0015918959397822618,4.514821648597717,2.2558189034461975,3.0009032487869263,0.9982334673404694,0.01904296875,0.00383968188543804,0.6403975933790207,0.43800076097249985,3.161686897277832,2.8272243304672884,0.6179399810553621,0.2245049625635147,0.22167114913463593,0.22697190940380096,792.4642098733517,,,,,,,
148,303104,96.62721981253613,103.0001826646175,174.8181818181818,9.416379969031183,0.37586394905698123,1.4330761719374796,-0.0013138304930180311,7.858644604682922,3.928008496761322,3.055787146091461,0.9990652501583099,0.00244140625,0.0020309817336965352,0.44672219455242157,0.4930133670568466,3.144472360610962,2.710681419237517,0.6330767446884729,0.22457733750343323,0.2219626009464264,0.22706280648708344,771.6528729412805,,,,,,,
149,305152,103.57343071588302,103.35503544754785,187.9,10.116760926821444,0.39272298840609615,1.4875007583912987,-0.0019215995562262833,15.498158693313599,7.747157692909241,3.081680178642273,1.0011135041713715,0.0089111328125,0.0004157834337092936,0.27080966532230377,0.5495916083455086,5.739545702934265,2.5628205159155186,0.6463888761741946,0.22460827231407166,0.22214512526988983,0.22714686393737793,836.780821287255,,,,,,,
150,307200,108.34710958056253,103.47051538997725,198.0,11.482805250072346,0.3904306308345801,1.5988295873184046,-0.0030400564428418875,8.959516763687134,4.476718306541443,3.055706799030304,1.0009017884731293,0.01513671875,0.001119756037951447,0.38704967498779297,0.5030254349112511,4.649641394615173,2.6063053226243937,0.6401732891820134,0.22465994954109192,0.22225157916545868,0.22714509069919586,741.5693173169107,1.4011398479401098,3.964879349612848,2.033836414852699,4.023443537411459,0.0,1.0,0.0
151,309248,101.09696553056187,103.41814144716389,187.7,10.9028217724073,0.4048751405234424,1.5512271997343774,-0.003678498149383813,9.27840256690979,4.635522723197937,3.063203275203705,0.9985474348068237,0.036376953125,0.004847090705879964,0.3788541108369827,0.5677876397967339,3.702769160270691,2.5685789188573835,0.6550768093130231,0.22467468678951263,0.22223994135856628,0.22723008692264557,825.587719469652,,,,,,,
152,311296,100.99499215418491,104.35710708801214,199.2,13.993428349362903,0.4317703517835223,1.7939438078213488,-0.0016033300198614597,13.47074294090271,6.7337682247161865,3.0914297699928284,1.0008943378925323,0.0194091796875,0.0012022330338368192,0.17845091223716736,0.4445832818746567,10.1675546169281,2.4366309708857443,0.6202040502895375,0.22471983730793,0.22211144864559174,0.22748246788978577,859.4664122384216,,,,,,,
153,313344,111.99538421160085,104.62550279116766,224.125,13.294456846653336,0.45158308049580465,1.7459140326088467,-0.0026150228804908693,14.93516731262207,7.464968681335449,3.0904329419136047,0.9973739087581635,0.0146484375,0.004596255035721697,0.21630188822746277,0.6771619766950607,5.4953532218933105,2.433761116801179,0.6359232532884025,0.22479230165481567,0.22200451791286469,0.22777073085308075,855.770155610634,,,,,,,
154,315392,118.42550532147298,105.12565715203053,226.44444444444446,12.90247511287469,0.4307869563544035,1.7177018719637418,-0.0018183575011789799,13.857828855514526,6.927096128463745,3.0891695618629456,0.9992216974496841,0.0208740234375,0.0031406346970470622,0.19001725316047668,0.5623875707387924,8.262741923332214,2.4240113136766013,0.621616534335814,0.2248629331588745,0.22195205092430115,0.2279329150915146,825.1427699858124,,,,,,,
155,317440,102.77389957593792,106.25295428285136,213.88888888888889,15.044013245485448,0.44876322594804263,1.8616369024631179,-0.001489384943852201,15.584294080734253,7.790657639503479,3.1139016151428223,0.997926726937294,0.0306396484375,0.005136444990057498,0.16153626143932343,0.5162706226110458,11.44002628326416,2.31021433796559,0.5863732565500565,0.22496598958969116,0.22194749116897583,0.2280690222978592,800.8528190941544,,,,,,,
156,319488,110.1533147488138,105.85356979896888,238.875,16.450507556031564,0.49146451155898147,1.9659541022791778,-0.002592352917417884,13.270427227020264,6.6326212882995605,3.129079282283783,0.9986788034439087,0.0235595703125,0.0036178384762024507,0.16713230311870575,0.5791712701320648,11.496358871459961,2.3115079689159757,0.5843563981846905,0.22504441440105438,0.22191183269023895,0.22822806239128113,805.8547215350364,,,,,,,
157,321536,106.52062622293953,104.62362916072853,227.0,19.199754329514043,0.4855142153463776,2.1287038168120183,-0.0014869407750666142,12.42636227607727,6.211694121360779,3.076161026954651,0.9986987262964249,0.0404052734375,0.004508539612288587,0.21606899797916412,0.7122581079602242,13.307075500488281,2.2476979478960857,0.571763387441624,0.225067600607872,0.22185538709163666,0.22831940650939941,839.6727581082216,,,,,,,
158,323584,106.50185222182525,106.34610750806537,224.33333333333334,17.376530950807073,0.47479924396521234,2.016941475213534,-0.0032567211892455816,10.742016077041626,5.367751240730286,3.107190191745758,0.9995960593223572,0.0107421875,0.0018039948045043275,0.26771605014801025,0.7782869189977646,9.908003091812134,2.2556412956037093,0.5993059713673841,0.22506581246852875,0.2217959463596344,0.22835277020931244,834.0771719479501,,,,,,,
159,325632,98.39894522511725,106.43422866611792,211.55555555555554,17.878278661567364,0.4795277586537725,2.045989367497344,-0.0023198219714686275,10.26116132736206,5.128260850906372,3.0814369916915894,0.9965842664241791,0.038330078125,0.006681175233097747,0.2782658785581589,0.7590640187263489,12.052510976791382,2.1883974094089353,0.5693090192111949,0.22505605220794678,0.22167916595935822,0.228481262922287,801.4826853623639,,,,,,,
160,327680,105.6120690264365,106.25676342679976,214.88888888888889,16.526864526401436,0.4466763663038438,1.9583958228740983,-0.0012506667990237474,9.669292211532593,4.833395481109619,3.0531901717185974,1.0002812594175339,0.0142822265625,0.001322942363913171,0.32166658341884613,0.6981812119483948,8.846064567565918,2.2403946346312296,0.5790339815402044,0.2251262366771698,0.22165898978710175,0.22870980203151703,860.1885692199418,2.0475384423307847,5.046331621546376,2.4782363752695717,1.2223249158807719,0.0,1.0,0.0
161,329728,92.51514090550414,104.73380282223478,204.66666666666666,18.26173018465625,0.4885685013381904,2.062919609902202,-0.00013399706222116947,8.091840028762817,4.045786023139954,3.0566373467445374,0.9998730272054672,0.0001220703125,0.00047515108599327505,0.34529514610767365,0.4907137155532837,9.034016370773315,2.1987880649248837,0.5901427216452584,0.2252574861049652,0.22161228954792023,0.2290317565202713,843.1036004346826,,,,,,,
162,331776,102.68389070180802,105.28059742040206,210.0,16.661449422937224,0.45703464674107336,1.9659845687102735,-0.0031138831982389092,8.35068655014038,4.1722294092178345,3.0829318165779114,0.9963622093200684,0.0318603515625,0.0064166423690039665,0.34812091290950775,0.6877154856920242,8.30675208568573,2.211323307987186,0.5780846811284535,0.22539442777633667,0.22160957753658295,0.2293388545513153,825.7275253799114,,,,,,,
163,333824,116.80696983784776,106.47156734550079,240.125,16.385622816418554,0.45569642990079545,1.9660155862538098,-0.003178747952915728,9.42337942123413,4.708510994911194,3.0827001333236694,0.9995138645172119,0.03564453125,0.0036550258373608813,0.37125711143016815,0.5775853395462036,6.581536412239075,2.2038622933177976,0.5813197487341099,0.22551384568214417,0.22167812287807465,0.22963424026966095,855.7952566014842,,,,,,,
164,335872,105.39550599875967,106.32772792785768,232.125,17.85856099242285,0.5057369301431544,2.048574952442876,-0.0011622539022937417,6.001614332199097,2.9996448755264282,3.0960745215415955,0.9992194771766663,0.00537109375,0.0018518142169341445,0.47866518795490265,0.4469456970691681,5.359806299209595,2.20414928268292,0.5793988812317697,0.22560644149780273,0.22163636982440948,0.22986000776290894,841.9211074559364,,,,,,,
165,337920,110.74490672507693,105.22323462544226,240.5,17.321645889697702,0.4903772422247149,2.022726178318713,-0.0011037198128178716,6.666097164154053,3.3319448828697205,3.0753044486045837,0.9993012845516205,0.019287109375,0.002609956922242418,0.4805203378200531,0.47733692824840546,4.919582724571228,2.2191138941125246,0.5768850644307294,0.22569337487220764,0.2215351164340973,0.22994796931743622,859.647338444223,,,,,,,
166,339968,107.89029094040421,105.37097315451527,218.77777777777777,16.381469551867102,0.44565186545490926,1.9499401258366127,-0.0017245894996449351,6.521646499633789,3.2590986490249634,3.0940006971359253,0.999518871307373,0.0113525390625,0.0018375553627265617,0.5279178619384766,0.44239429384469986,4.884258270263672,2.276824968692381,0.5964424791703131,0.22580179572105408,0.22158531844615936,0.22999584674835205,842.9664695223993,,,,,,,
167,342016,113.70087164967104,106.13086903780619,235.0,16.977727751758778,0.4539907670451958,2.0049407080391837,-0.002708942978642881,8.102545857429504,4.048563897609711,3.12111097574234,0.9988649040460587,0.03125,0.003971653612097725,0.5205415636301041,0.5695023462176323,5.676283836364746,2.281055083469255,0.5686472680168253,0.2258620262145996,0.2216341495513916,0.22998812794685364,818.2697899199053,,,,,,,
168,344064,101.1772052532737,105.3651558351853,206.0,16.024146849222255,0.4512103918892315,1.9209824884133047,-0.0013422119081951678,4.832170367240906,2.4147430062294006,3.1182183027267456,0.9983149319887161,0.02392578125,0.004086065120645799,0.593895360827446,0.39748257398605347,4.646991610527039,2.196680302848108,0.5724094986548518,0.22587591409683228,0.22153839468955994,0.22997558116912842,829.0842703751651,,,,,,,
169,346112,100.52487595642768,105.04316313362611,199.11111111111111,14.405879447445578,0.4317763128031253,1.8062505029217748,-0.002813229395542294,7.6417458057403564,3.8180596828460693,3.093608021736145,0.9982360005378723,0.018310546875,0.0037325924640754238,0.5390020608901978,0.5549594387412071,5.52199923992157,2.1895872878667433,0.5709188290656062,0.22591029107570648,0.2215154767036438,0.22998009622097015,847.6378785425638,,,,,,,
170,348160,105.43991211092897,105.07906779639998,211.33333333333334,15.2562895870466,0.4410263068098053,1.867281568947712,-0.000997502007521689,5.283669471740723,2.640837252140045,3.1324899792671204,0.9996816515922546,0.03564453125,0.0035434077435638756,0.6233093440532684,0.48396292328834534,4.1240609884262085,2.283925763418665,0.5738926834776232,0.22596704959869385,0.22158019244670868,0.22999992966651917,829.0698467068457,1.822063873561433,5.026147031601292,2.703001064894984,1.3505865368319734,0.0,1.0,0.0
171,350208,100.46690489675284,104.96159664720277,196.8,15.201963275165873,0.42496662146245423,1.8472143305479305,-0.001621091563720256,4.2899733781814575,2.1433656215667725,3.122626781463623,1.0002486407756805,0.0079345703125,0.0013219078682595864,0.6650922447443008,0.3549719825387001,3.4193467497825623,2.2878298713912955,0.5726840119250954,0.22602015733718872,0.22164997458457947,0.23007048666477203,845.4802548541271,,,,,,,
172,352256,101.66157365011352,105.25520193539901,191.0,13.544483797939574,0.3973164593709019,1.7301542760488513,-0.0034314420772716403,5.128303527832031,2.5607203245162964,3.1301531195640564,0.9981168955564499,0.033203125,0.004928854075842537,0.6435211896896362,0.6665424555540085,4.030653357505798,2.260534858694882,0.5686125091334326,0.22608286142349243,0.22178561985492706,0.23018710315227509,861.813090451763,,,,,,,
173,354304,97.01995046474758,105.03677526498257,192.7,15.269785379663904,0.4308907040253305,1.8539908553145912,-0.0017341694911010563,3.257334351539612,1.6269330084323883,3.1312376260757446,0.9965601712465286,0.0478515625,0.007453292782884091,0.7179889529943466,0.5399340689182281,2.5581855177879333,2.304873868022696,0.5738281309072314,0.22613275051116943,0.22193771600723267,0.2303362786769867,860.8418520679082,,,,,,,
174,356352,101.77091450642514,103.83214268517763,183.9,12.234350011086232,0.37922993355574103,1.629858937039459,-0.0007216389058157802,5.542017459869385,2.7702870965003967,3.166037440299988,0.9991063475608826,0.0111083984375,0.002331978510483168,0.6487017869949341,0.3731837496161461,3.85836523771286,2.3444761586288223,0.5620442898331585,0.22620239853858948,0.22198531031608582,0.23050494492053986,811.9424276026291,,,,,,,
175,358400,94.27887783486649,102.67659530316612,177.63636363636363,13.612079101834428,0.400641143019029,1.717236724998098,-0.001446698617655784,3.0197969675064087,1.5084517896175385,3.1381861567497253,0.9976585358381271,0.03076171875,0.005126098287291825,0.7376458495855331,0.5535687580704689,1.952640026807785,2.2880836303374963,0.5677309702286608,0.22626832127571106,0.22204969823360443,0.2305830866098404,835.5736543342593,,,,,,,
176,360448,95.61274431096889,101.26001063049542,171.0,11.2299683683418,0.3904804132720172,1.5623195930751137,-0.0009083004551939666,2.737012028694153,1.3675977289676666,3.156037151813507,0.99983711540699,0.001220703125,0.0007589173910673708,0.7490044683218002,0.5653640031814575,2.2494738698005676,2.3478342373709893,0.5768619698724957,0.2263055443763733,0.2220364660024643,0.23059922456741333,865.0931475297812,,,,,,,
177,362496,98.17838286199652,99.18371618405712,169.75,9.742731671279714,0.3608339179927188,1.4400470794201259,-0.001788987370673567,3.9683147072792053,1.9823683500289917,3.1819612979888916,0.9989289045333862,0.0296630859375,0.003863706937409006,0.7060193866491318,0.5784033164381981,2.5833842158317566,2.349639507694519,0.5708500365528948,0.22630201280117035,0.22200843691825867,0.2305905520915985,850.973604094343,,,,,,,
178,364544,99.6718720794603,99.11426590218434,164.08333333333334,7.536207729511603,0.32272351904513724,1.2451038280211804,-0.0013050760026089847,3.4169247150421143,1.7071572840213776,3.159089207649231,1.000602811574936,0.0174560546875,0.0015386192681035027,0.7443352490663528,0.3836941793560982,2.2786832451820374,2.4061261795141036,0.5704066182828369,0.22628644108772278,0.22199858725070953,0.2307085543870926,857.717037194212,,,,,,,
179,366592,89.06431327450655,97.09711713063112,163.66666666666666,11.601064695750061,0.3805307953549904,1.57509730294052,-0.0015431210049428046,3.088797450065613,1.542855590581894,3.162550628185272,0.9991525262594223,0.0208740234375,0.0029736721771769226,0.7502150386571884,0.5345183312892914,1.8294111490249634,2.428787133161677,0.5615454467268839,0.22628194093704224,0.2220148891210556,0.23083792626857758,858.8577738541023,,,,,,,
180,368640,112.99414567729598,98.40108955790534,190.6,10.491052428072386,0.3370492201233313,1.4920729940079018,-0.001960262714419514,6.472347617149353,3.2342135906219482,3.162533760070801,1.0004630386829376,0.000244140625,9.746263094712049e-05,0.7340511232614517,0.7157142013311386,5.617518186569214,2.4897619831754128,0.5705439475130307,0.22624820470809937,0.22201566398143768,0.2308724820613861,815.8131676241636,1.433472735835734,4.147600448864816,2.4508668136198026,1.8806533562085888,0.0,1.0,0.0
181,370688,97.6625983978941,98.21583949455166,168.66666666666666,10.88397599726054,0.3578434786268422,1.516949291828606,-0.002628909016493708,2.5043776631355286,1.249559909105301,3.1672526001930237,1.0001092851161957,0.0284423828125,0.0027292486192891374,0.8036835789680481,0.4774073213338852,2.43090683221817,2.465548556385329,0.5637462253179364,0.22619125247001648,0.22199960052967072,0.23089641332626343,855.9546863570829,,,,,,,
182,372736,98.40673904582901,98.35252127467024,183.63636363636363,13.835117048099148,0.4044574926862799,1.7505858660653375,-0.0033295941539108753,2.914464294910431,1.453902542591095,3.181436061859131,1.001091092824936,0.0201416015625,0.0012658515479415655,0.7796474397182465,0.6269169524312019,2.0276435911655426,2.518832800342352,0.5677921455613306,0.22613149881362915,0.2220039963722229,0.2309306114912033,827.5138586210395,,,,,,,
183,374784,116.93078181069798,99.68526465543842,203.77777777777777,13.122107208710478,0.3856739336771508,1.7043016321446522,-0.0006692667957395315,4.135953187942505,2.0673073530197144,3.1421242356300354,0.9991580694913864,0.0098876953125,0.002536980711738579,0.7736346572637558,0.3915932774543762,3.1969457268714905,2.551310382754309,0.5718605306256715,0.22609741985797882,0.22211609780788422,0.2309463620185852,864.7946901352365,,,,,,,
184,376832,115.61150611298122,101.63957458751885,230.625,14.448124037717875,0.4376901716872119,1.8171117441870728,-0.0035722420434467494,6.6678889989852905,3.3303722739219666,3.1445776224136353,0.9992037862539291,0.0130615234375,0.0025512273277854547,0.5618568509817123,0.5592582523822784,5.346319317817688,2.619407495993073,0.5811961570902445,0.22605422139167786,0.22215202450752258,0.23095467686653137,868.7426923118203,,,,,,,
185,378880,105.70502704204456,102.1227656545418,209.11111111111111,14.871828742618288,0.4235192531781059,1.8485865819763183,-0.0016183987609110773,5.291093826293945,2.6439284682273865,3.140847086906433,1.0021644234657288,0.0150146484375,-0.00023264845367521048,0.6458418965339661,0.450873538851738,2.8731892704963684,2.6746299963997444,0.5837602583835425,0.2259567677974701,0.22211752831935883,0.2308991551399231,851.6237610850345,,,,,,,
186,380928,117.58021034572968,104.52884266836139,225.55555555555554,15.601781276965616,0.43095009785573246,1.8972975363561968,-0.001660067355260253,4.171872973442078,2.0842764377593994,3.088511645793915,0.9999004900455475,0.015380859375,0.0020966343581676483,0.7239718437194824,0.38834456354379654,2.9125431180000305,2.741573946084827,0.5898496452160243,0.22584745287895203,0.22202780842781067,0.2307790070772171,828.834257684542,,,,,,,
187,382976,127.49709731124533,106.56013991479475,243.75,13.843720583696502,0.41870067598539124,1.7775130196001891,-0.0008407538407482207,5.505385160446167,2.751851797103882,3.088301181793213,0.9996288567781448,0.003662109375,0.001327119862253312,0.7328945100307465,0.42629726231098175,4.940353274345398,2.718885811860673,0.6041118613557255,0.22579216957092285,0.22193200886249542,0.2305927276611328,837.205346058617,,,,,,,
188,385024,111.7007503084186,107.58593552113163,225.0,16.146173475440968,0.452227890927121,1.9348775205981021,-0.000998826464638114,2.780797064304352,1.3893997371196747,3.06024307012558,0.998997300863266,0.0040283203125,0.001822417943913024,0.806938111782074,0.48028457164764404,3.0152646899223328,2.8366680189501494,0.6203427962235336,0.22576279938220978,0.22184671461582184,0.23042860627174377,817.5668125113697,,,,,,,
189,387072,106.63842137283878,108.7114839501862,222.77777777777777,16.97096628972702,0.46723087730050733,1.9910385673282507,-0.002468993014190346,4.8811354637146,2.438098728656769,3.0359968543052673,0.9987004846334457,0.017822265625,0.0032210715871769935,0.6721561104059219,0.555644616484642,6.055063366889954,2.8551412088563666,0.6072708953644527,0.22576448321342468,0.22177892923355103,0.23026719689369202,842.2512032655266,,,,,,,
190,389120,120.56403626491016,111.0345341241515,231.875,15.093701072250749,0.434839994427374,1.8738297642175878,-0.0017289349343627691,4.391866445541382,2.194204270839691,3.0936980843544006,1.0001049041748047,0.0223388671875,0.0021796138971694745,0.7315087169408798,0.4612063020467758,2.717874825000763,2.7302114587073447,0.6100780414383524,0.2257271707057953,0.22153951227664948,0.23014043271541595,850.7870556481196,1.9528435137235678,5.030244163186834,2.1236415537364866,2.1248737641326314,0.0,1.0,0.0
191,391168,122.20525829675036,111.66851405413951,242.5,15.527580675794601,0.43304128355508964,1.908392141667945,-0.0018136841244995594,4.9272379875183105,2.4618053436279297,3.0282851457595825,0.9980313032865524,0.0140380859375,0.0034249610180268064,0.7589642256498337,0.5943243131041527,4.466069459915161,2.8339154210261768,0.6117829603536735,0.22562634944915771,0.2212160974740982,0.230020210146904,867.6294220248119,,,,,,,
192,393216,116.72826626055723,113.31242834962352,236.0,15.470437975992919,0.4361379393028124,1.9032180662741864,-0.0014832326560281217,4.239515542984009,2.1182745695114136,3.0296462178230286,1.0018285810947418,0.029296875,0.000822392939880956,0.7828546315431595,0.6701734066009521,4.025788366794586,2.8143992200057255,0.6174725135368737,0.22552114725112915,0.22100090980529785,0.22986090183258057,847.3891102193982,,,,,,,
193,395264,139.68820245983574,115.3799914596103,261.42857142857144,13.856924108327664,0.4175116347986377,1.8021196908884276,-0.001553752546897158,5.7717649936676025,2.8843287229537964,3.0789620876312256,0.9983957260847092,0.02001953125,0.003803825777140446,0.7682283073663712,0.4575229063630104,6.023167133331299,2.752663949126145,0.6214098167312556,0.22547172009944916,0.22090889513492584,0.22971266508102417,747.3650356568983,,,,,,,
194,397312,122.484481927248,117.73470069678719,243.75,15.45167115700849,0.4403804401838288,1.9045217487583357,-0.0012402361608110368,3.2991963624954224,1.6483579576015472,3.035812199115753,0.9994272589683533,0.0159912109375,0.0025270589903811924,0.8079826235771179,0.5022387057542801,2.3818769454956055,2.81400124944048,0.616931929140436,0.22540389001369476,0.22070840001106262,0.2295796424150467,747.4029530129853,,,,,,,
195,399360,118.99157068325619,117.956688487684,237.875,15.231855124354592,0.43982615456521645,1.8863209328886241,-0.0016518273623660207,2.1478177309036255,1.07225701212883,2.9844253063201904,0.9988929480314255,0.01513671875,0.002949969522887841,0.852485403418541,0.48099932819604874,2.3320139050483704,2.8774677621840965,0.635900965872938,0.22531560063362122,0.22049786150455475,0.22938407957553864,815.6698234190803,,,,,,,
196,401408,121.0635115503635,118.58680762996697,232.75,15.836773500148945,0.44605743021638433,1.9196065700871445,-0.0013427413650788367,3.353876292705536,1.6755954027175903,3.027170419692993,0.9989728331565857,0.0140380859375,0.002665900385181885,0.7967049032449722,0.6687067300081253,1.7413044571876526,2.776621657292708,0.6248524117393273,0.22526007890701294,0.22036774456501007,0.2292279601097107,819.3206282475096,,,,,,,
197,403456,122.29239217299396,119.61405912503545,234.375,15.422759572052327,0.4402609854747241,1.893892112735669,-0.0012028825003653765,2.540175497531891,1.2688848972320557,2.9900603890419006,0.9974384307861328,0.065673828125,0.007752012068522163,0.8563604205846786,0.5864529088139534,2.379120409488678,2.9282435394416098,0.630423011105702,0.2252606600522995,0.22039183974266052,0.22909687459468842,819.9462100869234,,,,,,,
198,405504,101.31250989295457,118.51915527010223,208.33333333333334,16.348186647935364,0.4580430446564587,1.9460052254612066,-0.0012500713346526027,2.3071720004081726,1.152335911989212,3.0132349133491516,1.00143563747406,0.0001220703125,-0.000920096252229996,0.7999333441257477,0.33938825130462646,3.507672429084778,2.8244685617100913,0.6223795842475706,0.22524341940879822,0.22038479149341583,0.22898589074611664,809.3082439092829,,,,,,,
199,407552,103.2622645150642,116.71023639529501,213.22222222222223,16.22640459948793,0.45123626316953525,1.9428287218527838,-0.0010493097361177206,2.237921893596649,1.1179116666316986,3.0439667105674744,1.0005637109279633,0.0013427734375,0.0003529036184772849,0.8322661519050598,0.40232089161872864,2.5438347458839417,2.7962674156733556,0.616771255643914,0.22526811063289642,0.22034254670143127,0.22906002402305603,834.8619960175698,,,,,,,
200,409600,107.3027991000754,115.94629028162794,217.11111111111111,16.374840569645233,0.4425153345093913,1.9537606047101927,-0.0011224197514820844,2.461950421333313,1.2298527657985687,3.0909416675567627,0.9998781830072403,0.00390625,0.001337202891591005,0.8426272422075272,0.6801036894321442,1.340164601802826,2.708309703215491,0.6097072773716378,0.22527733445167542,0.22025929391384125,0.2291620522737503,849.4632939516374,1.971228598321754,5.0300502888510135,2.3116380552217564,1.3311866526797467,0.0,1.0,0.0
201,411648,113.85792665183443,116.9474092108921,225.44444444444446,16.482254751896253,0.4465672229845824,1.9620905615667816,-0.0009854513336904347,2.2320026755332947,1.1150158941745758,3.0580111742019653,1.0011028945446014,0.02294921875,0.0014069075550651178,0.8560586124658585,0.3867308497428894,1.4125517010688782,2.749343427363783,0.6171133676196338,0.22521671652793884,0.2200320065021515,0.22924093902111053,840.5867218150385,,,,,,,
202,413696,105.36442374462749,115.4784057948921,213.44444444444446,16.335067467277828,0.4469266616415152,1.9493246619124684,-0.0014301787596195936,1.3516000509262085,0.6743698567152023,3.090641140937805,1.0007541179656982,0.0184326171875,0.0010896158346440643,0.8924094289541245,0.47454629093408585,1.4845052361488342,2.7022904574114364,0.6173629825162094,0.2252049744129181,0.21992047131061554,0.22931773960590363,851.0187244508815,,,,,,,
203,415744,103.90934104659877,114.03097429897893,211.11111111111111,16.528670299008493,0.4551354892984336,1.959543834230707,-0.0019563183886930346,1.464941382408142,0.7305143624544144,3.1054670214653015,1.0000343918800354,0.04345703125,0.0034662481339182705,0.8736009895801544,0.576342985033989,2.174823671579361,2.7000116695126053,0.6172609969190945,0.22526416182518005,0.21997860074043274,0.2293996810913086,863.559185985775,,,,,,,
204,417792,110.92584584576133,113.15617282888869,220.77777777777777,16.0652166627073,0.43981601856885705,1.9320882096772554,-0.0012583202915266156,1.5422669053077698,0.7698751389980316,3.0914421677589417,0.9998079687356949,0.002685546875,0.0009505936031928286,0.9014610350131989,0.47762539982795715,1.6823266744613647,2.7272023322730092,0.6237219092762539,0.2253027856349945,0.22006992995738983,0.22940592467784882,843.3675457903151,,,,,,,
205,419840,109.63735149245734,111.06058350443236,216.22222222222223,15.927349560767787,0.42672852397393257,1.9231740535861386,-0.0021285548573359847,1.9297465682029724,0.962744727730751,3.1197203397750854,1.001750886440277,0.0087890625,-0.00030759189394302666,0.8813216090202332,0.4622994735836983,1.7943282425403595,2.6798612162965583,0.6063877182111779,0.22532051801681519,0.22020414471626282,0.22933027148246765,863.0192639100791,,,,,,,
206,421888,108.00965082150717,109.84825163862733,213.11111111111111,15.646525235240908,0.4342642213426693,1.9033816826592624,-0.0013431324623525143,1.3930057883262634,0.6951597630977631,3.080252528190613,0.9997128695249557,0.0107421875,0.0020696300052804872,0.8967354446649551,0.2956666871905327,1.1158029437065125,2.713886567071313,0.613908508022472,0.22535660862922668,0.22035498917102814,0.22923004627227783,806.6456567453366,,,,,,,
207,423936,108.68962310609271,108.67457310414765,212.33333333333334,16.022443985851012,0.43919253564103694,1.9269460286476952,-0.0021079981816001236,1.4188262522220612,0.7073051184415817,3.044553279876709,0.9989451020956039,0.01220703125,0.002807131560984999,0.8916323184967041,0.5771544128656387,0.8856565058231354,2.779591685903142,0.6214103279215552,0.22539353370666504,0.22045636177062988,0.22925545275211334,795.1135776395273,,,,,,,
208,425984,101.98454196497418,106.70291045602502,202.1,16.408417230819026,0.4407399295216555,1.9442161818378947,-9.424251038581133e-05,1.616988331079483,0.8083999305963516,3.0739731788635254,0.9995498657226562,0.0078125,0.001882359996670857,0.8765139430761337,0.47831207513809204,1.1995132267475128,2.759185117436573,0.6120058072760228,0.2254190742969513,0.22046895325183868,0.2292991429567337,828.3994605063929,,,,,,,
209,428032,104.01386558912384,106.94603246868026,204.44444444444446,15.773181474497576,0.43003455585769024,1.9051583981938447,-0.0020473053446039557,0.9597076922655106,0.47780654579401016,3.070041239261627,0.9989037811756134,0.007080078125,0.0025751466455403715,0.9273334294557571,0.46210187673568726,1.1842776834964752,2.7505427609721664,0.6053934584396048,0.22542648017406464,0.2204008400440216,0.22920973598957062,856.9761378631434,,,,,,,
210,430080,104.30923629380567,107.04025992876699,205.88888888888889,15.359956411333947,0.42791575166485696,1.88145899355121,-0.002250981458928436,1.527316927909851,0.7614074796438217,3.092682957649231,1.000193327665329,0.0286865234375,0.00266887410543859,0.8852347135543823,0.634188637137413,1.4742821753025055,2.6963611605169717,0.5895228730501971,0.22542792558670044,0.22020108997821808,0.22905531525611877,846.981281809434,1.8870013344086738,5.0138737685916155,2.4293188461344886,0.9949146206758914,0.0,1.0,0.0
211,432128,104.07231136886509,106.74951603295806,205.88888888888889,16.092004712477717,0.442237083144827,1.9281051053606855,-0.00017612334340810776,1.924953043460846,0.9623003900051117,3.091408848762512,0.9990939944982529,0.0032958984375,0.002030115181696601,0.8558709919452667,0.4899390786886215,1.7523316442966461,2.7424075064773206,0.598561072741242,0.22546061873435974,0.21994489431381226,0.22894705832004547,846.5602621711528,,,,,,,
212,434176,100.52781018031294,105.54980555052114,204.11111111111111,16.426751822354916,0.45642343664448987,1.9525940115751037,-0.0014472894254140556,1.224312961101532,0.6107091903686523,3.0898162126541138,0.9980868250131607,0.0179443359375,0.004077529869391583,0.8996536880731583,0.3910459503531456,1.7499236464500427,2.715808664506767,0.5979289663640274,0.22544994950294495,0.21971996128559113,0.22879651188850403,844.0643497016817,,,,,,,
213,436224,125.8976123297102,107.39779252317858,226.55555555555554,14.610765256999313,0.3984883703089055,1.8347973378293037,-0.0019615095225162804,3.3210039138793945,1.6585404574871063,3.12664794921875,1.001847505569458,0.016845703125,0.00042375978955533355,0.8363530337810516,0.36831488460302353,3.8895745277404785,2.694001016978291,0.5917554571733706,0.22536753118038177,0.21941909193992615,0.22865992784500122,846.4354466176611,,,,,,,
214,438272,107.07789247257811,107.68296215151672,209.66666666666666,15.125761833616124,0.4338416982658977,1.8685859075829865,-0.0014252991531975567,1.7810457944869995,0.8890976160764694,3.1223944425582886,0.9995647966861725,0.0167236328125,0.002678731339983642,0.8728762716054916,0.3219376876950264,3.0029277205467224,2.6559279434441123,0.5808262350398234,0.22524255514144897,0.21910430490970612,0.228523388504982,862.9284414157377,,,,,,,
215,440320,110.56075225776408,107.65010372859697,214.66666666666666,15.007988943082106,0.42341894384279166,1.8623454727782667,-0.0020581031567417085,2.415560722351074,1.2057222425937653,3.1153892874717712,0.9995676130056381,0.0145263671875,0.0022458209423348308,0.8372188210487366,0.4893834665417671,2.762373149394989,2.666172798126354,0.5811463609313272,0.2251492738723755,0.2188808023929596,0.22845904529094696,866.4829236606324,,,,,,,
216,442368,113.73905131369779,108.01925671250861,217.77777777777777,14.88662862195719,0.41536174197394266,1.8541478251030108,-0.0009296963689848781,2.746687650680542,1.3724141120910645,3.1066595315933228,0.9988829046487808,0.0054931640625,0.002491404433385469,0.8351503908634186,0.3429810255765915,2.658949077129364,2.6937994252803037,0.5760294600271944,0.22509494423866272,0.2188444435596466,0.22848308086395264,845.0260780764953,,,,,,,
217,444416,106.42105854500498,107.87628340762339,210.55555555555554,14.658699875020993,0.4179746341532453,1.836900221831322,-0.00097700982587412,4.256490707397461,2.127268373966217,3.1518110632896423,1.0000402331352234,0.0037841796875,0.0011851787130581215,0.7588083297014236,0.3693072944879532,3.4268669486045837,2.6068321915954584,0.5653236700227331,0.22505861520767212,0.21891197562217712,0.22849172353744507,827.3462463964662,,,,,,,
218,446464,133.98100385235333,110.24624954303285,249.0,13.97455491057241,0.41131333012663124,1.7980390283104042,-0.0033015094231814146,4.096035122871399,2.044716000556946,3.1354809403419495,0.9984098076820374,0.0399169921875,0.005048500548582524,0.8000538945198059,0.5189347565174103,3.2218855023384094,2.662204611217021,0.5874081961333156,0.2250053584575653,0.21902790665626526,0.22838813066482544,856.6895252045216,,,,,,,
219,448512,118.53298318740099,111.20204397435197,228.125,14.763862476697657,0.42807263974115267,1.8522593034932526,-0.00197421433404088,3.7754358649253845,1.8857437372207642,3.13053035736084,0.9972193539142609,0.0257568359375,0.005478300707181916,0.780293196439743,0.40052220970392227,2.749906599521637,2.5957737149728928,0.5871867526522542,0.22495503723621368,0.21912039816379547,0.22840042412281036,867.2201648838947,,,,,,,
220,450560,129.71225829162597,113.24377818968227,241.125,14.25484420757893,0.3985646864612872,1.82486729380603,-0.0010834261775016785,6.346797585487366,3.1723154187202454,3.1542479395866394,1.000330626964569,0.000732421875,0.00042268040124326944,0.7222801148891449,0.4119800701737404,4.742483854293823,2.5680092143447837,0.5606021132645292,0.22497189044952393,0.21917705237865448,0.22856904566287994,861.3584517539227,1.8364736174645144,5.026691193929818,2.1013215696802643,1.2729067718614653,0.0,1.0,0.0
221,452608,117.33766686074341,114.28118490150052,237.0,15.702382398283238,0.4589049583949042,1.9241153002418694,-0.0006943673943169415,3.0327008962631226,1.5156560838222504,3.1501235365867615,0.9999123215675354,0.0028076171875,0.0012097273574909195,0.7975901067256927,0.38252850621938705,3.9347020983695984,2.613198454651865,0.5832837062579788,0.22498440742492676,0.219114750623703,0.22867463529109955,865.7332494212552,,,,,,,
222,454656,136.69812973191043,116.26988277012464,293.6666666666667,15.765657837507288,0.5014947869428907,1.9357281568958182,-0.0010296818218193948,9.288671970367432,4.643306255340576,3.118432104587555,1.0000777542591095,0.00634765625,0.0013070738496026024,0.5585793405771255,0.27798089385032654,7.162838935852051,2.539370476108161,0.6155927750126067,0.22495588660240173,0.21899287402629852,0.22872397303581238,831.8624373261918,,,,,,,
223,456704,133.1226882568519,118.43981749215692,275.7142857142857,15.608662964819862,0.45682950004221506,1.9296250963535888,-0.002402553742285818,12.465744733810425,6.230469822883606,3.14100581407547,1.0005977749824524,0.01318359375,0.0012693688331637532,0.4805355966091156,0.5059183463454247,6.66593599319458,2.5355863445292925,0.6033977912483797,0.22493231296539307,0.21879981458187103,0.22882020473480225,845.9875557088088,,,,,,,
224,458752,130.73210836422157,120.23773725799052,265.7142857142857,15.406307738773046,0.46521398810299,1.9143901464201993,-0.0010209151078015566,9.961652040481567,4.979805111885071,3.0882060527801514,0.999448299407959,0.00927734375,0.0019728814077097923,0.571232482790947,0.3405352905392647,5.224859714508057,2.423743162624305,0.6137829794733106,0.22496870160102844,0.21857982873916626,0.22900167107582092,851.6677044476911,,,,,,,
225,460800,144.37862097662705,122.37202341180902,284.42857142857144,15.001654770405391,0.4450186998944789,1.890045421095721,-0.0011451953905634582,12.541109085083008,6.2694092988967896,3.108537197113037,0.9982713609933853,0.00927734375,0.003134689250146039,0.5137816667556763,0.5476468354463577,4.083203911781311,2.480479039644706,0.629707734900321,0.22501026093959808,0.21834374964237213,0.22921405732631683,852.8790146318327,,,,,,,
226,462848,122.22113452838386,122.29063271930734,272.6666666666667,16.920077313539544,0.4856401996859814,2.0193914555744397,-0.0011114395456388593,22.862576961517334,11.430176973342896,3.1060282588005066,0.9997105747461319,0.00048828125,0.0008615979895694181,0.2305532544851303,0.4984322786331177,9.611461877822876,2.419649899849901,0.6020767608415545,0.2250489890575409,0.21820741891860962,0.2293364554643631,841.6832161298415,,,,,,,
227,464896,168.7634108899385,125.87052421065313,321.1666666666667,13.885347280589851,0.4210031231295507,1.8260054727395643,-0.001679767738096416,25.126026153564453,12.561333179473877,3.120010793209076,1.0014491379261017,0.0137939453125,0.00035757159639615566,0.2586737871170044,0.5385501906275749,7.067531108856201,2.397784746106481,0.5898736075804533,0.22512421011924744,0.21823522448539734,0.22941364347934723,862.3096621742696,,,,,,,
228,466944,168.23722518330044,129.57700602707123,338.0,15.558819574867119,0.4683891643230547,1.9398540978673786,-0.0005786511464975774,22.467610359191895,11.233226776123047,3.0776150822639465,0.9991766214370728,0.01318359375,0.0024188662209780887,0.27225251495838165,0.5302061438560486,11.191366910934448,2.2447055893426295,0.5978533961494051,0.22516995668411255,0.21837517619132996,0.22947542369365692,838.4150668061424,,,,,,,
229,468992,148.6889067134775,131.88822697956925,308.6666666666667,15.664783906521244,0.4513439303868145,1.9455075603292213,-0.002758635440841317,28.078683376312256,14.036582946777344,3.1623629331588745,1.000335156917572,0.0048828125,0.0005279854376567528,0.11104592680931091,0.5578282922506332,16.94175100326538,2.4822845706512453,0.5670103654430942,0.2252177894115448,0.21854731440544128,0.22956913709640503,796.3228086571273,,,,,,,
230,471040,152.3374508768258,134.9879154474428,289.14285714285717,14.974959188309784,0.4335174932824773,1.8908903379268744,-0.002594636636786163,18.74167537689209,9.368243217468262,3.1489328145980835,0.9989203065633774,0.0125732421875,0.0024957215500762686,0.29825060069561005,0.4682138040661812,12.654677152633667,2.618953480574419,0.5722033383838026,0.22529783844947815,0.2187710404396057,0.22955487668514252,857.005518421756,1.9743198520550838,5.012448970622499,1.5215651941553645,0.9579449229596746,0.0,1.0,0.0
231,473088,174.87302710231555,138.94531024911285,319.5,14.043032546937004,0.3985820800183032,1.8382522468888165,-0.0030675845046062022,27.11549711227417,13.554680824279785,3.122634530067444,0.9992910325527191,0.014892578125,0.002357752644456923,0.26777368783950806,0.411182701587677,9.843530893325806,2.5636040417448385,0.5849920369581284,0.22535809874534607,0.21898064017295837,0.22938869893550873,848.1162290418794,,,,,,,
232,475136,157.5714438234821,141.13939735600525,308.0,14.792952183816531,0.4280479779093267,1.8895802954741243,-0.0017790185520425439,33.4899787902832,16.743210792541504,3.1098373532295227,0.9984337538480759,0.0108642578125,0.003139568871119991,0.20622679591178894,0.5739395767450333,11.677416563034058,2.5246730073704384,0.5759704904190589,0.22540271282196045,0.21910181641578674,0.22930635511875153,841.8001445274001,,,,,,,
233,477184,168.283004401129,143.20677040283474,326.3333333333333,15.280297285243067,0.43596316896922105,1.9217477191476342,-0.0021945704938843846,22.72947406768799,11.362542629241943,3.1210455298423767,0.9993432313203812,0.011962890625,0.002102113561704755,0.3235546350479126,0.6225026845932007,8.239488124847412,2.5222915142949205,0.5866207275136698,0.22542275488376617,0.2191932052373886,0.22925172746181488,862.2999050009955,,,,,,,
234,479232,120.02398016832925,143.4205779097496,280.42857142857144,19.326491152213702,0.5183242540721056,2.164530388800234,-0.0005417759239207953,14.209125280380249,7.104020833969116,3.1424821615219116,1.0013280808925629,0.0069580078125,-0.0002954618394142017,0.43464840948581696,0.6338943988084793,14.610402584075928,2.4985446659266017,0.5783680836958889,0.2254364788532257,0.2192765176296234,0.22919338941574097,833.436257082146,,,,,,,
235,481280,127.23607308368794,142.67217157408905,262.7142857142857,16.358807871495575,0.45691295460509357,1.9821154118541935,-0.004394975956529379,19.866755962371826,9.928982973098755,3.1473288536071777,1.0005708634853363,0.050048828125,0.0036243963113520294,0.2856311947107315,0.7456900849938393,14.291631937026978,2.5496255539765116,0.5810329346674998,0.22548215091228485,0.21937435865402222,0.2292385846376419,827.2683030868621,,,,,,,
236,483328,163.93676854328498,145.85294023549065,294.3333333333333,15.418133019141578,0.42528727853631193,1.924643482452835,0.00010043277870863676,24.456000328063965,12.228100299835205,3.162194550037384,0.999708965420723,0.0,0.0006144478829810396,0.28214243054389954,0.45665569603443146,11.499703884124756,2.6116384599299636,0.573133661130209,0.2255517989397049,0.21950221061706543,0.22932323813438416,857.5387110326423,,,,,,,
237,485376,120.75556235478732,145.37366376571862,252.42857142857142,15.842158084453809,0.4544693261212076,1.9482627973427231,-0.0008427859283983707,18.124334812164307,9.06132459640503,3.138841688632965,0.9997994303703308,0.0118408203125,0.0015152247506193817,0.33461979031562805,0.35261220484972,10.692583084106445,2.6341787251876667,0.566966209308841,0.22560268640518188,0.21955622732639313,0.2293294072151184,860.590702979128,,,,,,,
238,487424,121.68612623529137,144.9537517254887,259.7142857142857,18.523056829788278,0.49592235500408677,2.1107826510994787,-0.002423522644676268,9.428470849990845,4.7118120193481445,3.1238995790481567,0.9968880265951157,0.0152587890625,0.004713174654170871,0.5348221361637115,0.48695898056030273,11.969890832901001,2.600410383573035,0.5693980532947279,0.22565984725952148,0.21942394971847534,0.22935107350349426,875.0425636316039,,,,,,,
239,489472,131.78765215572676,143.62041759062805,259.0,15.269447344146933,0.4326633464317843,1.9088869978984322,-0.0016050232807174325,14.043945074081421,7.020367622375488,3.16873437166214,0.9982874244451523,0.0260009765625,0.003907545004040003,0.4534886032342911,0.5948691517114639,9.937955141067505,2.5538356183387805,0.5713110929472177,0.22573666274547577,0.21937234699726105,0.22974079847335815,863.1307589901676,,,,,,,
240,491520,113.21332470162673,142.7883501932184,240.375,17.55449643045148,0.46149057970389684,2.049027908959285,-0.00021563051268458366,8.806154251098633,4.402861475944519,3.1785842180252075,0.9999169111251831,0.0050048828125,0.000957075331825763,0.5797131210565567,0.4354875609278679,11.37851619720459,2.549245353860897,0.5770307515438897,0.22577309608459473,0.21937891840934753,0.22995561361312866,871.2149764374801,2.1017032807402263,5.011433747434062,1.8352759380088903,0.48181555287084804,0.0,1.0,0.0
241,493568,126.11399387085554,142.41841967735868,259.42857142857144,16.410930808754962,0.4517335013216486,1.9849548983577403,-0.001908322679810226,10.419623851776123,5.207903623580933,3.1573341488838196,1.0000589489936829,0.000732421875,0.00046630478755105287,0.5195768177509308,0.4514406695961952,7.536058068275452,2.5604388793290127,0.5734747085045679,0.22581401467323303,0.21937189996242523,0.2300816774368286,847.1209184263164,,,,,,,
242,495616,113.02539568001649,137.8709371248346,243.125,17.729662521226505,0.47479906033306496,2.0599030983742757,-0.0011825264664366841,5.968950629234314,2.983292818069458,3.1596579551696777,0.9988772571086884,0.010498046875,0.0024930228828452528,0.6492799818515778,0.3326801508665085,8.143619656562805,2.54869080336357,0.5687082223351985,0.22583122551441193,0.21936853229999542,0.23017174005508423,862.5655158102117,,,,,,,
243,497664,119.98986832978628,134.78596494418443,262.57142857142856,17.42733219786219,0.49104625708537253,2.045341315311115,-0.0016838926821947098,5.257124066352844,2.6268781423568726,3.1657949686050415,0.9998852908611298,0.00341796875,0.001002776451059617,0.6658374518156052,0.4111863821744919,6.704587697982788,2.538529860525159,0.5706571178077964,0.22581234574317932,0.21937377750873566,0.23026515543460846,865.4748905281872,,,,,,,
244,499712,106.86136460219379,132.58134355720352,227.75,18.022023397550456,0.4860489078293136,2.070509068391822,-0.0020804204395972192,4.7712119817733765,2.383525550365448,3.176712989807129,0.9977736622095108,0.017822265625,0.004255574574926868,0.6686626225709915,0.3901423290371895,6.674301385879517,2.5400930394243915,0.5644805869523519,0.22580742835998535,0.21939340233802795,0.2303704023361206,872.647793849504,,,,,,,
245,501760,119.6943448264784,128.73734326953664,242.0,16.387556407423514,0.44482409313900206,1.9732677053619325,-0.0022736231912858784,5.805354952812195,2.9004037976264954,3.165177047252655,0.9989188313484192,0.0264892578125,0.003805475906119682,0.6616082787513733,0.5888608694076538,6.146324992179871,2.4911788026220165,0.5718185081583692,0.22583714127540588,0.21945315599441528,0.2304515391588211,869.1458858682037,,,,,,,
246,503808,114.17794266655953,123.6517430171686,234.875,16.113600235323645,0.46230840033088894,1.9502528169383109,-0.0033047256292775273,5.373835802078247,2.6836131811141968,3.1651190519332886,0.9989383518695831,0.05615234375,0.0055724940611980855,0.650359258055687,0.6155414208769798,6.968333601951599,2.444534687907435,0.5756220656073563,0.22586590051651,0.21942783892154694,0.2304249405860901,880.5272579683734,,,,,,,
247,505856,106.17242331865512,121.09848745544559,226.0,17.536379152584026,0.4827101271462642,2.0356837861543764,-0.0018770287279039621,3.6519164443016052,1.8240811824798584,3.147273361682892,1.0002365112304688,0.0208740234375,0.002108404747559689,0.717067077755928,0.3412380516529083,5.871363162994385,2.418501223262865,0.5690972030085062,0.22584813833236694,0.21941007673740387,0.2302606850862503,802.2022721101812,,,,,,,
248,507904,109.07781921479213,119.15339456555921,224.88888888888889,17.304095800618335,0.46515943190462666,2.020678489370169,-0.0009094242705032229,3.077466905117035,1.537824034690857,3.1460134983062744,0.9981674700975418,0.0157470703125,0.0037985975213814527,0.7667522877454758,0.35683511942625046,4.031594693660736,2.3999951937876176,0.5740943305116064,0.2258663773536682,0.21934720873832703,0.23024030029773712,862.3479468827173,,,,,,,
249,509952,110.37377433709457,115.30145680428852,224.88888888888889,16.80691091511632,0.45943420704212445,1.9875332150322655,-0.0021072992822155356,3.4396837949752808,1.7177346050739288,3.1482043266296387,0.9982412904500961,0.0146484375,0.003446635077125393,0.7500699609518051,0.5867955833673477,5.186426877975464,2.3529357008374063,0.5703421463734952,0.22591008245944977,0.21925519406795502,0.2303655445575714,854.4358211294434,,,,,,,
250,512000,113.59796697188649,114.79844665391337,226.625,15.744863456508753,0.44838094056310573,1.9249966920679131,-0.002910990733653307,4.571525573730469,2.282851755619049,3.134527862071991,0.9971804618835449,0.0587158203125,0.007779219537042081,0.6953891217708588,0.672386422753334,5.503515243530273,2.3211823680612724,0.5653809529972751,0.2259688377380371,0.21919433772563934,0.230540931224823,866.0562404300695,2.0378914574241382,5.045999655018526,2.1424944015446723,0.6520313883844203,0.0,1.0,0.0
251,514048,114.66509241320635,113.8461661675096,235.875,15.993706898080026,0.4540664104819917,1.9453778990141835,-0.0012538109440356493,4.1180002093315125,2.0577462911605835,3.147469460964203,1.000160276889801,0.001220703125,0.000360637714038603,0.7172767817974091,0.39231985807418823,5.838046431541443,2.2834979617618956,0.565226450293169,0.22600820660591125,0.2192261517047882,0.230655238032341,870.4280831867653,,,,,,,
252,516096,111.2139628826364,113.37624486437667,230.5,16.418474182192583,0.4629878924990042,1.9698901665130453,-0.0020236335694789886,2.983784317970276,1.4898685216903687,3.1555973291397095,0.9997096210718155,0.0126953125,0.00203570380108431,0.7800330370664597,0.6346222907304764,3.7358041405677795,2.3114615726226475,0.5640940040212012,0.2260066568851471,0.2192756086587906,0.23063057661056519,857.18988778462,,,,,,,
253,518144,116.48531697917252,112.88534834541856,237.625,16.04302179792945,0.4539394390494437,1.9486340829159043,-0.00048171787057071924,3.8967763781547546,1.947906494140625,3.1441378593444824,0.9994453340768814,0.012451171875,0.0024407593300566077,0.7395451664924622,0.43869712203741074,3.7937947511672974,2.294898945503519,0.5634102540272699,0.22602012753486633,0.21936540305614471,0.23065221309661865,827.0213519815043,,,,,,,
254,520192,102.0358004875333,111.96249618811973,227.55555555555554,18.933323033749193,0.5076551736387698,2.124295046086297,-0.0016793940449133515,1.824876070022583,0.9107586443424225,3.1194695830345154,0.9990470707416534,0.0343017578125,0.004022051231004298,0.8463212251663208,0.48823152482509613,2.180742383003235,2.2802280231408076,0.5702837518418492,0.226058691740036,0.21949858963489532,0.23071207106113434,858.2122229772157,,,,,,,
255,522240,117.9644830281696,111.662221511851,242.75,16.548829226178103,0.45087395172057065,1.983834165933161,-0.003004707978107035,4.8103344440460205,2.402162492275238,3.091846466064453,0.9967469125986099,0.0499267578125,0.0074851649114862084,0.7329527586698532,0.6023981794714928,4.738870739936829,2.220715422721696,0.5687702402356833,0.22607915103435516,0.2196149379014969,0.23076346516609192,858.9871643009941,,,,,,,
256,524288,101.05625717678353,110.6634556274372,220.22222222222223,17.869903879365843,0.4806577830560099,2.058394446082104,-0.0017964036669582129,1.7141883969306946,0.8552978038787842,3.0744890570640564,0.9992568492889404,0.033447265625,0.0037229777226457372,0.8585439324378967,0.45859498530626297,2.456005096435547,2.172221145068761,0.5699360395961436,0.22603559494018555,0.21963706612586975,0.230833500623703,851.5084945722144,,,,,,,
257,526336,102.61594772337364,109.74559022209154,220.11111111111111,17.419064367266643,0.47351013126607816,2.0282056930812002,-0.0003485425841063261,2.1832637786865234,1.0912833511829376,3.071180582046509,1.0001208186149597,0.00244140625,0.0009954831621143967,0.8333740532398224,0.46283987164497375,3.046158254146576,2.1362338536564494,0.5757649582239709,0.22598938643932343,0.21964234113693237,0.23080213367938995,839.8525245210456,,,,,,,
258,528384,99.1726756685737,108.4726793292428,213.11111111111111,17.351272406200625,0.47288830774422047,2.0225828328602695,-0.002327259222511202,1.1882668137550354,0.5918061435222626,3.0443307161331177,1.0013647973537445,0.0274658203125,0.001321227042353712,0.8860648721456528,0.5311063230037689,1.3864684998989105,2.1666633973509306,0.5673686102319067,0.22596417367458344,0.21967822313308716,0.230707049369812,846.8257904588068,,,,,,,
259,530432,96.54242241759081,106.99389915338654,204.8,17.92374482527438,0.47977332803910727,2.0465801066787113,-0.0017442376702092588,1.5453768074512482,0.7709441781044006,3.0649498105049133,1.0011188089847565,0.0068359375,0.00047829371760599315,0.8495107144117355,0.3671274334192276,1.9925492703914642,2.1547301963873906,0.5765205171233343,0.22597946226596832,0.2196824550628662,0.23060378432273865,854.1593866053245,,,,,,,
260,532480,91.33161938377417,105.85762929066168,204.2,18.45609508115497,0.5023371805076575,2.0799382833160887,-0.0020601500291377306,1.236567348241806,0.6162235289812088,3.0387446880340576,1.0007668733596802,0.0283203125,0.0019836305000353605,0.8712589591741562,0.47931724786758423,2.0387984812259674,2.1199772876134375,0.5788571364586924,0.22605082392692566,0.21965499222278595,0.23070582747459412,839.4309046375546,2.042722079908086,5.021228341351927,2.545740627616917,0.8682156040422188,0.0,1.0,0.0
261,534528,100.68679786927775,103.98500815744131,203.7,17.207366417308336,0.4542453863481104,2.00145425064687,-0.001266790262889117,1.490347534418106,0.7439069896936417,3.0886513590812683,1.0009090900421143,0.01123046875,0.0009453335078433156,0.8723618686199188,0.4124334380030632,1.5746923983097076,2.1562291995069245,0.5743454204537529,0.22605964541435242,0.21943411231040955,0.23068979382514954,871.8402666500732,,,,,,,
262,536576,96.53838169839824,102.60228446316616,197.6,17.072798817766483,0.44627594629700845,1.991433478544227,-0.0018026509787887335,1.2941649854183197,0.6452798247337341,3.0704988837242126,1.000795990228653,0.0040283203125,0.00014982608263380826,0.8836213797330856,0.36589109897613525,1.5889499187469482,2.16873303646571,0.5674575699592695,0.2260088324546814,0.2191740870475769,0.2306554764509201,869.6282765182166,,,,,,,
263,538624,95.42886187307542,101.44817948144106,199.4,17.49346519601797,0.46017565691936324,2.0180117546872873,-0.001085829921066761,1.3387012481689453,0.6682647913694382,3.088836908340454,0.998589038848877,0.0238037109375,0.0038373128190869465,0.8817547112703323,0.44469231367111206,1.501847892999649,2.1753681390400743,0.5781410383946815,0.22606511414051056,0.21909503638744354,0.2308340221643448,842.7054881117589,,,,,,,
264,540672,83.0523300224049,97.68304929801599,183.9090909090909,18.70883799249482,0.48843314815465955,2.086104508855567,-0.0017705039354041219,0.9201422929763794,0.4583006426692009,3.1155776977539062,0.9989499449729919,0.0379638671875,0.0043499729508766904,0.8902015537023544,0.5091245844960213,2.113747298717499,2.2299815179867437,0.5704115531278932,0.22613918781280518,0.2190706431865692,0.23102852702140808,840.4130813972336,,,,,,,
265,542720,99.00601241745763,96.6223114499683,200.9,17.159353898321584,0.44919895250550945,1.998344335382891,-0.0026405274402350187,0.9781748056411743,0.48644687235355377,3.0828052759170532,1.0000609457492828,0.0166015625,0.0017500756948720664,0.916163757443428,0.4990813806653023,1.1968752443790436,2.1963700799824437,0.5826038257191842,0.22617289423942566,0.21906377375125885,0.23104257881641388,844.1215561338131,,,,,,,
266,544768,89.64689628387063,95.08906465468478,192.6,17.63587034588425,0.4649511161047215,2.028809123809413,-0.0017081080004572868,0.7626543343067169,0.3796190544962883,3.081722140312195,0.9979183673858643,0.045654296875,0.006026184928487055,0.9149312674999237,0.4929730221629143,1.1976416409015656,2.1897299225238385,0.5853270999902382,0.22616678476333618,0.21906588971614838,0.2308848798274994,872.3840665505129,,,,,,,
267,546816,94.19044925694023,94.39844123267466,196.5,17.3052859025566,0.45319569178238744,2.0082852521082173,-0.0006594759179279208,0.6773889809846878,0.3380350172519684,3.117523193359375,1.0001928955316544,0.0283203125,0.0023539168323623016,0.9328333586454391,0.43540487438440323,0.966956377029419,2.179942924529314,0.5871511588596346,0.22617441415786743,0.21916157007217407,0.230787992477417,876.7459686383588,,,,,,,
268,548864,93.74231762276882,93.7411632583442,199.7,17.642357056270942,0.4699221201142246,2.0290848557662833,-0.0011850802693516016,1.209246963262558,0.6034384071826935,3.0711700916290283,0.9994985014200211,0.019287109375,0.0024228774855146185,0.8955713510513306,0.5700690001249313,1.2023989260196686,2.201592801400693,0.5889906288382176,0.22617405652999878,0.21929891407489777,0.23069967329502106,839.3298708841266,,,,,,,
269,550912,96.0573987192856,93.72227094908085,197.3,16.957407613256674,0.4469251682169052,1.9833037134640314,-0.0021590052056126297,0.7747042924165726,0.3851931393146515,3.0428406596183777,0.9991623759269714,0.054443359375,0.005230916009168141,0.9292185306549072,0.4037443622946739,0.8910068720579147,2.182880548731191,0.595097119535538,0.22616559267044067,0.2193428874015808,0.23084966838359833,872.1039998189442,,,,,,,
270,552960,86.50041881715407,93.31244675726629,182.0909090909091,17.73595433408513,0.4601664282547204,2.0204343486159546,-0.0023177878465503454,0.5600552707910538,0.27770984917879105,3.023719847202301,0.9999421089887619,0.0445556640625,0.003686518262838945,0.9415173828601837,0.4289969727396965,0.9190344661474228,2.12754970153037,0.5943650369190588,0.22618436813354492,0.2194375991821289,0.23087255656719208,836.6843443508425,1.9839401608894778,5.026881062980399,2.6868285296840453,1.1160015147577544,0.0,1.0,0.0
271,555008,95.56176024054818,92.76943369976739,190.1,16.0135487984219,0.42954403738801816,1.915031717155594,-0.0027686709072440863,0.8579026758670807,0.42618266493082047,3.042243003845215,1.0010077357292175,0.035400390625,0.0021430542547022924,0.9209514707326889,0.433695487678051,1.3857742249965668,2.153937106966623,0.6020241956140074,0.22621256113052368,0.21949371695518494,0.2308841347694397,863.7290658849425,,,,,,,
272,557056,94.76588293677493,92.76036701384236,187.6,16.87115389953076,0.4442219924417943,1.9624662187861703,-0.0013207322917878628,0.5222139954566956,0.2597862631082535,3.0295125246047974,1.0004923641681671,0.0263671875,0.0022199839004315436,0.9493676424026489,0.4967363402247429,0.8168545961380005,2.117626780673163,0.5960510542509591,0.22623348236083984,0.21955618262290955,0.2309620976448059,865.609457880038,,,,,,,
273,559104,87.11022435540893,92.0616255133688,180.63636363636363,16.99247432262387,0.4493706201777284,1.9681117869649638,-0.000929375906707719,0.5520163625478745,0.27507880330085754,3.037579596042633,0.999671533703804,0.0208740234375,0.0026879690849455073,0.9440830051898956,0.45071467757225037,0.7129407525062561,2.134684061355074,0.6095801781717209,0.22624045610427856,0.2195858508348465,0.23124854266643524,853.8143506380138,,,,,,,
274,561152,91.40176872327673,92.1903078664692,181.1818181818182,16.405991011414045,0.4303600983683748,1.9274844956506072,-0.0026154136867262423,0.4729872792959213,0.2338782288134098,3.0210338830947876,0.9977941662073135,0.05126953125,0.006252815161133185,0.9565104991197586,0.5327094867825508,1.0091394782066345,2.1495066314237192,0.6179168830736587,0.22625550627708435,0.21964561939239502,0.23154322803020477,859.4602463754011,,,,,,,
275,563200,87.83196504760603,91.52236479033022,180.63636363636363,17.0426666851558,0.44735629095182106,1.9707656730296417,-0.0013344385661184788,0.7357036024332047,0.3665173575282097,3.0562674403190613,1.0000264346599579,0.0067138671875,0.0012992015108466148,0.9355667531490326,0.3385869860649109,1.1932183504104614,2.1887856942485087,0.6166206305524021,0.22629955410957336,0.21972903609275818,0.2318420112133026,855.3640338399998,,,,,,,
276,565248,88.90473087943967,91.10151592573162,184.45454545454547,17.409204031563824,0.4596241609320872,1.9943091273453055,-0.0015970768872648478,0.5372983813285828,0.2670521140098572,3.0620197653770447,1.0004051625728607,0.0098876953125,0.0010861107148230076,0.94266577064991,0.28995877504348755,0.9099456369876862,2.2270612539432477,0.6207126635999065,0.2263641357421875,0.21973195672035217,0.23212265968322754,870.9536973808378,,,,,,,
277,567296,92.48556679049551,91.10726626624951,185.8181818181818,17.047477757523076,0.447662169558413,1.9671504675364355,-0.0034597552148625255,0.5712095946073532,0.28214504569768906,3.092437207698822,1.0000492632389069,0.0479736328125,0.0037458563165273517,0.9436174780130386,0.5824532955884933,0.873025506734848,2.2424998914793832,0.6312860328765569,0.22639426589012146,0.21962539851665497,0.23229363560676575,849.0368886427195,,,,,,,
278,569344,85.76780864044873,90.10074254513881,178.45454545454547,16.93461172679908,0.4464865211278355,1.962275657104809,-0.0016740619903430343,0.2979236990213394,0.1472877860069275,3.0753682255744934,0.9999233782291412,0.022216796875,0.0025518981710774824,0.9668272435665131,0.3929675221443176,0.4774227663874626,2.2790129872737452,0.6199201392085725,0.2264041304588318,0.21958325803279877,0.23243314027786255,809.7211915840645,,,,,,,
279,571392,85.268012007218,89.42442467173515,185.1,17.47563415658005,0.4809510060956388,1.9990924557002414,-0.0010453314753249288,1.071859896183014,0.5348846167325974,3.092200458049774,0.9998000711202621,0.0081787109375,0.0017804819799493998,0.891811266541481,0.44494303315877914,2.7925958037376404,2.2922545686597005,0.6349410544408869,0.22640195488929749,0.21953658759593964,0.23257848620414734,857.4485203150949,,,,,,,
280,573440,94.73753296026169,89.8631703923294,198.7,17.222167225124075,0.459846142132475,1.99370868752736,-0.0006797550013288856,1.0703277885913849,0.5344841256737709,3.0831411480903625,1.00095534324646,0.0008544921875,-5.7015378843061626e-05,0.8949743211269379,0.38435084372758865,1.828909546136856,2.3650176156224916,0.6272912328300451,0.2263551652431488,0.2195153683423996,0.2326795756816864,795.0154157628227,2.013843617821351,5.035369620311444,2.6699378807259064,1.3865206689211955,0.0,1.0,0.0
281,575488,90.45196033128616,89.5486503203042,195.9,17.308968552140712,0.46898895063445545,1.999882804649243,-0.0016740724677219987,1.2570191323757172,0.6268354952335358,3.1063008308410645,0.9995085150003433,0.0101318359375,0.0020450833690119907,0.9062407612800598,0.4751138761639595,2.149542361497879,2.4013440364506096,0.6334914002689176,0.226333886384964,0.2195250391960144,0.2327340841293335,784.9475881037664,,,,,,,
282,577536,93.14071523455253,89.6972739350297,196.5,17.43825762637872,0.4590963802346597,2.0106546387739246,-0.001558006857521832,1.1739244163036346,0.5854042023420334,3.058499276638031,0.9984504133462906,0.018310546875,0.003781017308938317,0.9181822389364243,0.37472494691610336,2.0219233632087708,2.349235771704116,0.6457010180601231,0.22630342841148376,0.21949812769889832,0.232755646109581,834.5610097292946,,,,,,,
283,579584,98.34118212524942,90.47137361178149,211.44444444444446,17.097514985321226,0.4630726014834372,1.9997584548569176,-0.0019154635374434292,1.4806653559207916,0.7384172081947327,3.1499109864234924,0.9995783865451813,0.0345458984375,0.003655577980680391,0.8679973483085632,0.5103864669799805,1.4272946417331696,2.4556955025618663,0.6298741370854697,0.22627367079257965,0.2194412648677826,0.23282568156719208,845.1542303690046,,,,,,,
284,581632,100.71697798204167,91.53267507590402,224.25,18.84566020523307,0.5038103984680603,2.1110647112333445,-0.002138125244528055,1.9491988122463226,0.9724612832069397,3.1367308497428894,0.9997174739837646,0.0247802734375,0.0027510215586517006,0.8313746005296707,0.5962710455060005,2.604858696460724,2.5027273349114694,0.6129657386695124,0.2261810004711151,0.21932080388069153,0.23289841413497925,837.2891118061895,,,,,,,
285,583680,102.04803295377502,92.76203236795703,225.55555555555554,18.782439673585138,0.49913242619682163,2.1093089142547856,-0.001345223339740187,1.823343575000763,0.9103265702724457,3.117753505706787,0.9992005676031113,0.015380859375,0.0029008229612372816,0.8441101312637329,0.40239112824201584,2.0516395568847656,2.5414628896542126,0.607650348725815,0.2260570377111435,0.2192727029323578,0.23284009099006653,857.266507790341,,,,,,,
286,585728,108.37968045486512,94.27603130719703,229.25,17.011629954842075,0.48076946089379535,2.0031273817362503,-0.003932012361474335,1.6055190563201904,0.798827514052391,3.1233250498771667,0.9997877031564713,0.0277099609375,0.0029773545102216303,0.8793615698814392,0.6683823987841606,1.5604641139507294,2.5939385688106995,0.6367852269783042,0.22599740326404572,0.21924929320812225,0.23282881081104279,856.9521479894378,,,,,,,
287,587776,110.06753430829622,95.93921590305041,243.875,18.005277415202713,0.4871993216187918,2.0721887943140698,-0.0011451960308477283,2.0037314891815186,1.0007205456495285,3.0981611609458923,0.9982156902551651,0.05224609375,0.0061148616805439815,0.8478416800498962,0.6489413380622864,2.637331485748291,2.73715998067928,0.6001021187355812,0.2259647399187088,0.2193327248096466,0.23274652659893036,871.5173629999465,,,,,,,
288,589824,104.54382310095014,96.8844137773474,233.25,17.885541327313327,0.48996562899511575,2.0653621943318896,-0.0028174088220112026,1.8747101128101349,0.9345376491546631,3.1003105640411377,0.9987620711326599,0.0260009765625,0.00399206172733102,0.8531709611415863,0.5834380313754082,2.238422214984894,2.6365966624143766,0.6002013959093033,0.22594791650772095,0.219403937458992,0.23266662657260895,863.3494721627363,,,,,,,
289,591872,94.05612423041413,97.61714184199833,224.88888888888889,19.789930666175714,0.5311572334376575,2.1723976842724593,-0.002325926732737571,1.9086483120918274,0.9519982188940048,3.0623310804367065,0.998319610953331,0.0462646484375,0.0054250899847829714,0.8222537934780121,0.5414067953824997,4.175244688987732,2.7234790678921854,0.6491909260066553,0.22594648599624634,0.21932564675807953,0.23269867897033691,830.6811512107968,,,,,,,
290,593920,99.32463073804777,98.78275544123268,235.875,19.768429671593815,0.5127928818432702,2.1796929836718677,-0.0031585311517119408,1.3395105302333832,0.6665967255830765,3.1111937761306763,1.0026291608810425,0.0333251953125,0.000439171155449003,0.8787113577127457,0.6991433650255203,2.2047304809093475,2.734740982428775,0.5860656297338133,0.2259548455476761,0.2192125916481018,0.23276744782924652,838.9795943130388,2.170195141195163,5.020781547090324,2.034540639657812,1.5592831119691892,0.0,1.0,0.0
291,595968,108.277589072007,99.95156322479532,240.25,18.051702391016207,0.4955204471969287,2.075455489885533,-0.002081934711895883,2.272555410861969,1.1341957747936249,3.058727741241455,1.0005348920822144,0.0433349609375,0.003135577542707324,0.8362759649753571,0.46286173164844513,4.637450575828552,2.8364827733603306,0.6151623871097464,0.2259928584098816,0.21921572089195251,0.23282918334007263,870.7551050553674,,,,,,,
292,598016,121.32632174500408,102.3826934557542,262.42857142857144,17.216196295219277,0.4896567437147876,2.0293694038136745,-0.003098837798461318,2.5036038160324097,1.2487030923366547,3.019758701324463,0.9983040690422058,0.0487060546875,0.006022949863108806,0.8398232311010361,0.5711936056613922,4.137948751449585,2.8541370386228664,0.60721971039797,0.22605407238006592,0.21927055716514587,0.23290976881980896,874.0335211628636,,,,,,,
293,600064,114.46075779971204,103.96867405992862,249.375,19.164189816474835,0.4885124472803568,2.144021406433253,-0.00158737285528332,2.133723735809326,1.0652745068073273,3.1014404296875,1.000609040260315,0.020751953125,0.001692465230007656,0.8610347211360931,0.34096284955739975,2.8501209020614624,2.7763387146405876,0.592973213518537,0.2261044681072235,0.21931986510753632,0.2329484075307846,869.5333246583098,,,,,,,
294,602112,102.6931443623735,104.66343158901432,241.625,19.23575962818275,0.5100022404524731,2.147992148834819,-0.0011490629403851926,1.8419879972934723,0.919844925403595,3.0915021300315857,1.0001845061779022,0.0159912109375,0.0018286890117451549,0.8595291972160339,0.3953886330127716,4.350003957748413,2.798053979247925,0.5971968568055158,0.22608879208564758,0.2192540317773819,0.23287661373615265,866.7172636565517,,,,,,,
295,604160,127.38401103736906,107.05180692626826,265.42857142857144,16.811442251450522,0.47072227919510823,2.0081524068468153,-0.0018863846198655665,2.880326271057129,1.4382767379283905,3.096704661846161,0.9995100647211075,0.0091552734375,0.0020493228948907927,0.8206601589918137,0.5439864546060562,2.351964592933655,2.703301731031388,0.6024091383336768,0.22600649297237396,0.21915161609649658,0.23273521661758423,872.0332974817624,,,,,,,
296,606208,108.86884170001959,107.74631793879963,252.625,19.884390117747543,0.5227485755565741,2.187762336734185,-0.0012531507527455688,1.9796707034111023,0.9885822087526321,3.0983806252479553,1.0002783238887787,0.017822265625,0.0019796448323177174,0.8453558534383774,0.5872349143028259,2.4980602860450745,2.699050494498806,0.5973439733559224,0.2258799523115158,0.21907436847686768,0.23254846036434174,846.6087104687681,,,,,,,
297,608256,132.4074618593435,109.53037289219614,275.14285714285717,16.611538773790592,0.45640982253229545,1.9960039727197398,-0.0034146003890782595,3.784993886947632,1.8890823423862457,3.1339110732078552,0.9996820092201233,0.0230712890625,0.0027920245775021613,0.8108202219009399,0.5751899629831314,4.48032546043396,2.5150779204268474,0.614040050231559,0.2257765531539917,0.21893310546875,0.23245982825756073,871.668235813057,,,,,,,
298,610304,123.2895898518076,111.17509457482123,259.7142857142857,17.953600272115025,0.4961636898321611,2.074857247608834,-0.0020066607976332307,2.425640642642975,1.2108136713504791,3.117547869682312,0.999295175075531,0.0045166015625,0.0020105783332837746,0.8382505476474762,0.8480491936206818,3.1793212294578552,2.4696769718284486,0.6199889436376164,0.2256975769996643,0.2188252955675125,0.23243020474910736,876.9665537124565,,,,,,,
299,612352,139.19031604851173,113.37579590519233,279.42857142857144,16.50460744712032,0.44799826470596626,1.9887391044780354,-0.002630133123602718,6.823253512382507,3.4089966416358948,3.1196672916412354,0.9993522614240646,0.0318603515625,0.0037031635583844036,0.7511486113071442,0.5884010344743729,6.493460536003113,2.4442787624138873,0.6078517580488909,0.22564247250556946,0.21874085068702698,0.23239615559577942,862.3983012007714,,,,,,,
300,614400,154.54317693037572,116.14208034324193,291.0,14.849330596743165,0.43227493252414007,1.8836603416982705,-0.0013437396846711636,7.915464758872986,3.9563886523246765,3.108056426048279,0.9997877180576324,0.023681640625,0.002822578913765028,0.7203315496444702,0.3724019378423691,7.682087421417236,2.379313466270105,0.5992618241479948,0.2256420999765396,0.21868132054805756,0.23237785696983337,867.5198599381398,1.85467858474359,5.015958009738669,1.7890663926156853,1.2042770879514757,0.0,1.0,0.0
301,616448,138.75326738705462,117.58869486953374,315.1666666666667,18.521469430540833,0.5124865212076181,2.1188687580573267,-0.0009329809690825641,4.221469044685364,2.1098015308380127,3.1376375555992126,1.0000377595424652,0.025146484375,0.002424427671940066,0.7788211405277252,0.3773438632488251,4.228018283843994,2.3594512977288105,0.5919532157023171,0.22564522922039032,0.21866437792778015,0.23236726224422455,840.3024602238131,,,,,,,
302,618496,160.98702155477505,121.73892752613833,295.0,13.921568972549341,0.42176380439858574,1.821050115361496,-0.0013417082373052835,7.940958380699158,3.969137489795685,3.1061843037605286,1.0003468096256256,0.002197265625,0.0004890585551038384,0.7088973224163055,0.39198410511016846,7.791837215423584,2.308523005078314,0.6100698750243604,0.22568807005882263,0.2187008559703827,0.23236596584320068,846.1023431683005,,,,,,,
303,620544,137.78156780556466,124.64355383043717,267.14285714285717,14.788813747912203,0.4236250592858241,1.875694363718619,-0.0028585431282408535,5.36804723739624,2.681165099143982,3.100164234638214,1.0019562542438507,0.026611328125,0.000670419613015838,0.7618680745363235,0.6960415467619896,6.952285289764404,2.2432829439349007,0.5897490631923975,0.2257474660873413,0.2186967432498932,0.23237244784832,863.8593067310203,,,,,,,
304,622592,141.09861234998962,127.53928491342198,288.57142857142856,17.00938539081026,0.47060522634638563,2.019554280448519,-0.0011271820403635502,5.362874269485474,2.680310010910034,3.1123085021972656,0.9994329512119293,0.0233154296875,0.0030407439480768517,0.777546301484108,0.4406769424676895,6.911418437957764,2.3403777430939954,0.6090357059367373,0.2258126437664032,0.21867676079273224,0.23240919411182404,870.0690927557297,,,,,,,
305,624640,133.89133657745188,129.6351028820203,272.42857142857144,16.358676365825445,0.46116819818205856,1.9797628124906355,-0.0014741026097908616,5.374843955039978,2.685947835445404,3.1394521594047546,0.9980818927288055,0.0345458984375,0.0051329592388356104,0.7613759636878967,0.45772479474544525,6.455545783042908,2.3618812963395612,0.5965593962046474,0.2258981168270111,0.21868197619915009,0.2324712723493576,880.1131666704254,,,,,,,
306,626688,153.94541153371574,131.65986453497894,302.6666666666667,15.61669581649118,0.4692492504541792,1.9336560236081726,-0.0010887972312048078,7.375122904777527,3.6864726543426514,3.123432457447052,1.0004828572273254,0.0035400390625,0.00030373332265298814,0.7207470536231995,0.49642305076122284,7.470189094543457,2.3682618850289145,0.5953180022401271,0.22599157691001892,0.21875594556331635,0.23259997367858887,872.2430294166317,,,,,,,
307,628736,144.53491528194337,133.54073742723153,291.2857142857143,16.867932749381655,0.4674657686019545,2.0129916343363745,-0.0018876445246860385,7.83061957359314,3.913422167301178,3.1135385632514954,1.0003100633621216,0.0230712890625,0.0022236399963730946,0.6930202692747116,0.5945678055286407,8.741577386856079,2.4253274849033915,0.6300631548944677,0.2260219007730484,0.21883746981620789,0.2326347380876541,868.0090804027692,,,,,,,
308,630784,139.73325638648402,135.46199177955307,305.1666666666667,18.980755063244505,0.5002299433875288,2.1465818330842925,-0.0033733457094058394,5.203661561012268,2.598457396030426,3.158213198184967,0.9980056583881378,0.029296875,0.004752881868625991,0.7380323112010956,0.7510193437337875,8.428712725639343,2.413239334098762,0.5975783314690276,0.22601529955863953,0.2188645601272583,0.23263110220432281,821.8220043671269,,,,,,,
309,632832,137.25240466807028,137.3928264004688,321.8333333333333,17.63616981631911,0.5140701953171851,2.0659487358229884,-0.0029528208542615175,15.09992504119873,7.547009706497192,3.132144033908844,0.9993961602449417,0.052978515625,0.004722546858829446,0.5061763823032379,0.7177913263440132,13.840342044830322,2.5049556054000277,0.6231407698384065,0.22597399353981018,0.2188205122947693,0.23255543410778046,848.9430339846209,,,,,,,
310,634880,135.88653728366853,137.91137631578104,308.0,18.899351463067557,0.48704690860778865,2.138657607902863,-0.0024997786385938525,10.50025486946106,5.24762761592865,3.151698589324951,0.999846875667572,0.0233154296875,0.002729486921452917,0.542303279042244,0.5003135651350021,9.519793272018433,2.4738754237041576,0.6106871484501873,0.2259380966424942,0.21878975629806519,0.23251020908355713,873.953594354329,2.0627453111176752,5.01828617205914,1.7036509167200429,1.1764965749723757,0.0,1.0,0.0
311,636928,125.36605441779213,138.57473114701682,291.14285714285717,20.924004045993215,0.5324771755126919,2.252979296372015,-0.0024039021227508783,12.285607099533081,6.140399694442749,3.1372552514076233,1.0017333328723907,0.017822265625,0.00039989939250517637,0.5449920296669006,0.5334078744053841,18.95199155807495,2.520681332462118,0.5970188374500568,0.22593292593955994,0.21872836351394653,0.23259201645851135,871.5699533649587,,,,,,,
312,638976,117.12944926403,138.1485563561732,272.2857142857143,18.364076419666475,0.5151137477315362,2.1046333272423006,-0.0013714212691411376,15.029960632324219,7.513608932495117,3.145057499408722,0.9995564371347427,0.03125,0.003362242816365324,0.4985932409763336,0.6038504391908646,20.952637672424316,2.5628552254347596,0.6096835628781867,0.2259080857038498,0.21861034631729126,0.23271521925926208,881.0193358611034,,,,,,,
313,641024,125.93287425313575,138.26899614092304,275.14285714285717,17.854101264933014,0.4857534906945453,2.0726783717717137,-0.001132502220571041,13.036270141601562,6.517002582550049,3.1251553893089294,0.9977771043777466,0.0162353515625,0.004212948144413531,0.4649628698825836,0.6191820055246353,18.01960277557373,2.4855423443950713,0.6006937863010289,0.2258768379688263,0.2184390127658844,0.2327987253665924,843.46138606142,,,,,,,
314,643072,125.05170729060512,137.5794104681896,282.2857142857143,19.26453653869426,0.504894331639188,2.158581869931966,-0.002016100159380585,11.412717342376709,5.704342484474182,3.149687945842743,1.0004262924194336,0.0421142578125,0.0031209447770379484,0.5360109806060791,0.5636433064937592,17.81598138809204,2.5074358016136102,0.583348922707891,0.22586528956890106,0.21823327243328094,0.23285692930221558,822.5747180704184,,,,,,,
315,645120,126.9508947767474,136.3875816933958,285.2857142857143,19.08915064375857,0.5074599668702782,2.1488596601432763,-0.0029826448881067336,13.999004364013672,6.996519565582275,3.137975811958313,0.998425766825676,0.0316162109375,0.004322432345361449,0.47860419750213623,0.6792081594467163,19.882529258728027,2.553656151285395,0.5831304419403635,0.225879967212677,0.21810728311538696,0.2328375279903412,852.1129595210243,,,,,,,
316,647168,121.15410777118514,134.590684270794,274.2857142857143,18.93714101463084,0.49577824785024527,2.1412564630901434,-0.0025941443163901567,11.610246419906616,5.802528977394104,3.12651664018631,0.997396245598793,0.05126953125,0.006900713255163282,0.4969482570886612,0.59656623005867,11.941096067428589,2.4400000595196616,0.587847910738492,0.22591082751750946,0.21814057230949402,0.23273059725761414,876.0269741644343,,,,,,,
317,649216,133.5189007668741,132.9425970235199,309.3333333333333,19.93586362466303,0.5277962024188442,2.2049431401554287,-0.0017630072543397546,13.957882642745972,6.977178335189819,3.1514627933502197,0.9981336891651154,0.05419921875,0.006233197127585299,0.3779171407222748,0.6107020750641823,16.52336359024048,2.3517697603383567,0.5822779443080334,0.22592581808567047,0.21808989346027374,0.23277628421783447,866.891977168214,,,,,,,
318,651264,129.07403009304758,132.7316587321239,295.5,20.011610619537457,0.5270094922072325,2.205390183186055,-0.0018766000866889954,14.072078704833984,7.034162759780884,3.1534735560417175,1.0001259446144104,0.0341796875,0.002889293449698016,0.3395175635814667,0.605305977165699,15.823538303375244,2.3844546353648184,0.5774216725850856,0.22591263055801392,0.2180270105600357,0.23275114595890045,881.3190540124733,,,,,,,
319,653312,127.64021794160577,131.70607602272767,292.14285714285717,20.53925258639279,0.5281447675969404,2.2341912515926206,-0.0037045488134026527,12.119872093200684,6.056231498718262,3.1526719331741333,0.9962379932403564,0.039794921875,0.0072455006738891825,0.410455659031868,0.8388118892908096,15.163405179977417,2.3597265159187373,0.5735091187675978,0.22591717541217804,0.2180132120847702,0.23269900679588318,873.862332635732,,,,,,,
320,655360,121.54870930186202,130.50026528152887,282.0,19.774497270433493,0.5165008677926957,2.1911406711053107,-0.0004915688768960536,11.491987705230713,5.745502233505249,3.112479031085968,1.0000753104686737,0.006103515625,0.0010428370005683973,0.46419884264469147,0.3068589121103287,11.134633541107178,2.319555583395413,0.5854525461447888,0.22590377926826477,0.21797136962413788,0.23266111314296722,887.5096068958694,2.1601955443309806,5.01064292658444,1.7663142871479154,0.6669577955336907,0.0,1.0,0.0
321,657408,114.18577266788789,127.99253695956429,267.57142857142856,18.706816499367513,0.5050945319282383,2.127535603284199,-0.001999097759835422,14.329252481460571,7.162627100944519,3.1578651666641235,0.9995028078556061,0.014404296875,0.0020666849886765704,0.34703755378723145,0.49221736192703247,15.31834101676941,2.3395866203063633,0.5758998816786943,0.22583739459514618,0.21792174875736237,0.23258443176746368,854.1834975404913,,,,,,,
322,659456,128.79931043010296,126.78426259217332,297.5,18.96305643626312,0.5102544395933248,2.147332165908315,-0.001081822789274156,15.866623401641846,7.932229995727539,3.1485713124275208,0.9998105466365814,0.0035400390625,0.0010253493092022836,0.36655789613723755,0.5750444978475571,11.969308614730835,2.3065019420464523,0.5719731896740259,0.2258194088935852,0.21790100634098053,0.232564315199852,877.0822663718887,,,,,,,
323,661504,131.35516602538743,126.42657108739414,304.5,19.289580719017216,0.5339238049037938,2.167518789891789,-0.0010642113629728556,13.779601573944092,6.8887364864349365,3.1316189765930176,1.000533640384674,0.009521484375,0.0011413262545829639,0.34118926525115967,0.696866512298584,14.207014083862305,2.3099267701181816,0.5705864986797868,0.22585955262184143,0.21794497966766357,0.2326941043138504,881.1210772958408,,,,,,,
324,663552,138.2666209777604,126.36909831433475,322.6666666666667,19.33397906474041,0.5234809993836693,2.17283863900874,-0.0021157003357075155,10.259326934814453,5.127547740936279,3.129447340965271,1.0010706186294556,0.03955078125,0.0024021196441026405,0.441713809967041,0.631987527012825,13.102542161941528,2.262557155423565,0.5603471124872279,0.22590908408164978,0.21806183457374573,0.232914537191391,875.2267538694448,,,,,,,
325,665600,145.7695000924595,127.18114658716513,347.0,20.445442578819428,0.5508027823615076,2.234956778167614,-0.0010007476666942239,11.882151126861572,5.940074801445007,3.112963020801544,1.0001967698335648,0.027099609375,0.0023709731904091313,0.4217890352010727,0.579800546169281,11.078507661819458,2.263900414443924,0.561060889618792,0.22597742080688477,0.21816043555736542,0.23303118348121643,884.0507889520771,,,,,,,
326,667648,133.9929900166325,127.62878673959767,314.8333333333333,18.88976128861848,0.5231809420615909,2.146103503368516,-0.000811553152743727,11.031546592712402,5.5149617195129395,3.1005382537841797,0.9997358471155167,0.0135498046875,0.0018381591653451324,0.447020024061203,0.4291858524084091,10.233920335769653,2.2240029352687998,0.5706370228885519,0.226058691740036,0.21825437247753143,0.23305676877498627,842.1898024608706,,,,,,,
327,669696,132.52159903653583,128.14556528685628,308.1666666666667,18.610663464662217,0.5031604399911158,2.128727765364043,-0.002273470163345337,8.85757303237915,4.426512956619263,3.1197627186775208,0.9988114684820175,0.02685546875,0.003505329994368367,0.5772952437400818,0.7908611744642258,8.27791428565979,2.1973001675796695,0.5579210855160851,0.22608675062656403,0.21823692321777344,0.2330792248249054,843.4371395310669,,,,,,,
328,671744,128.48932464950718,128.38934690067893,296.6666666666667,18.392562608318602,0.5128071370158703,2.1139490189457155,-0.002451886364724487,8.368292331695557,4.181694149971008,3.0875499844551086,0.9976089298725128,0.02685546875,0.004536856838967651,0.5789760947227478,0.629316508769989,7.57411003112793,2.1770539125427604,0.5595924057949155,0.22613121569156647,0.2182028889656067,0.23321200907230377,863.7599142204463,,,,,,,
329,673792,145.2528956707274,129.61462276862866,315.3333333333333,17.347069296611643,0.48731511380456527,2.0541788121974087,-0.0008036252111196518,7.217833995819092,3.608113408088684,3.1213560700416565,0.9994544386863708,0.0491943359375,0.004399732380989008,0.6261900961399078,0.8058126270771027,8.298566818237305,2.174707050260622,0.5686874236444355,0.22620046138763428,0.21813111007213593,0.2332925647497177,855.1458195300544,,,,,,,
330,675840,131.10448787152836,130.03457370905937,320.1666666666667,18.90881964765872,0.5289439333492203,2.145340654525947,-0.001998364576138556,7.932198405265808,3.9641008973121643,3.1255043148994446,0.9993058145046234,0.02197265625,0.0029754257120657712,0.5776644349098206,0.5526473373174667,8.73405385017395,2.2738406735588796,0.5686455185460647,0.22625352442264557,0.2181597203016281,0.23327624797821045,865.210842876751,2.110622164221213,5.009867324447905,1.6159853839029685,0.40775188069055274,0.0,1.0,0.0
331,677888,132.75125719688847,130.00692554541806,291.8333333333333,16.856016142024842,0.49294560330463894,2.020202058260009,-0.003478027996607125,8.40723967552185,4.200141787528992,3.11513489484787,0.9988422244787216,0.008544921875,0.0025767285987967625,0.6014070063829422,0.663811594247818,6.35346245765686,2.234744264758774,0.5745532061610544,0.22632157802581787,0.21825702488422394,0.2332799732685089,881.6138864795643,,,,,,,
332,679936,151.810944522953,132.36204496121672,322.5,17.043986098533004,0.47992432968281074,2.0337430566910903,-0.0017631573136895895,7.136588096618652,3.5665308237075806,3.1331297159194946,0.9976560026407242,0.0509033203125,0.006691256930935197,0.7143881022930145,0.5934405326843262,7.639539957046509,2.226670192423626,0.5681405683079305,0.226390540599823,0.21831370890140533,0.2331812083721161,869.064060191537,,,,,,,
333,681984,151.85536839317126,133.66127887816327,336.3333333333333,18.256131446436896,0.5114164055834114,2.1074122935851793,-0.0015417113318108022,10.018154621124268,5.0075355768203735,3.1735389828681946,0.9997253566980362,0.021484375,0.002748402999714017,0.5766745805740356,0.5233772546052933,7.683771252632141,2.3899782129592495,0.5751163912807029,0.22643578052520752,0.21838392317295074,0.23306404054164886,848.1562322194899,,,,,,,
334,684032,147.85112089128336,134.4850875593896,324.3333333333333,17.33937922727418,0.49002468930550663,2.054985668324852,-0.0008995409589260817,8.457392692565918,4.227796792984009,3.1645313501358032,0.9987713247537613,0.007568359375,0.0025267384480684996,0.6465190649032593,0.6203871518373489,6.5479642152786255,2.318789795579505,0.5790974266933366,0.22645148634910583,0.21839037537574768,0.23318834602832794,870.4141402260336,,,,,,,
335,686080,157.10443098225232,135.9592653079418,348.6,17.848039889758695,0.5143507291985179,2.084427342509083,-0.0012014054809696972,7.31398868560791,3.6557929515838623,3.1135727763175964,0.9995531439781189,0.0107421875,0.001989300741115585,0.7015797942876816,0.413018599152565,6.680278658866882,2.3819428032438736,0.5814944772584071,0.22650347650051117,0.2185310274362564,0.23331540822982788,871.667522383266,,,,,,,
336,688128,149.35970863027399,136.95160976381715,333.3333333333333,18.0749028792671,0.5108078507373077,2.0982866045694593,-0.0015285026165656745,6.618079304695129,3.3075111508369446,3.1648733019828796,1.0000116229057312,0.004150390625,0.000863786437548697,0.710337445139885,0.47954969108104706,5.821305871009827,2.3941936398041435,0.5815240272609108,0.22649365663528442,0.21869175136089325,0.23326152563095093,885.4961878803579,,,,,,,
337,690176,158.12012781786783,139.24735469014627,340.6,16.244332898921943,0.49656386831528543,1.9883444283460343,-0.0020464967819862068,10.511900424957275,5.25390362739563,3.1459977626800537,0.9980975687503815,0.0216064453125,0.003920902294339612,0.6571048498153687,0.4796892926096916,8.485950231552124,2.381604518785025,0.5856579428892773,0.22646892070770264,0.21880847215652466,0.23315292596817017,875.635277882491,,,,,,,
338,692224,149.2237489432986,141.49971590584562,327.0,17.586836050574313,0.4953293694177708,2.068828549354033,-0.001918879570439458,5.6587302684783936,2.827446222305298,3.165110409259796,0.9974630326032639,0.0328369140625,0.005463025096105412,0.7524976134300232,0.5518017709255219,5.877332806587219,2.430062944171368,0.5793842074234207,0.22648359835147858,0.21887756884098053,0.23308037221431732,813.3468654287483,,,,,,,
339,694272,160.30831429341666,142.53398199574698,370.6,16.985284117502072,0.5139342211227502,2.0354512069240505,-0.003984137321822345,8.733449220657349,4.362740397453308,3.163253903388977,0.9976596832275391,0.0185546875,0.004322341570514254,0.6597344875335693,0.6852931082248688,7.368616580963135,2.3473488869640278,0.569307888648397,0.22653409838676453,0.21888457238674164,0.2330511212348938,839.9323963837313,,,,,,,
340,696320,153.58588538207658,144.7543436567716,348.8,16.985348207139793,0.4948555278851236,2.0358756836319745,-0.0021844072034582496,9.49770188331604,4.7466665506362915,3.1593127846717834,0.9980097562074661,0.048828125,0.005910314037464559,0.6747575253248215,0.6267331689596176,8.264908075332642,2.4421119660546537,0.5783836325315913,0.22660250961780548,0.21882829070091248,0.23309586942195892,865.9565142207018,2.0114688805189713,5.015734249997982,1.4718070902725962,0.6117269422009858,0.0,1.0,0.0
341,698368,151.96736466344194,145.31746471296665,328.1666666666667,17.152303206664854,0.4887322019459104,2.042318173162017,-0.0002535143867135048,8.37807321548462,4.188783049583435,3.186545491218567,1.0010496377944946,0.0089111328125,0.00043343611469026655,0.6698503345251083,0.25524522364139557,9.299025297164917,2.5319095098384423,0.5886543404941116,0.2267020344734192,0.21885503828525543,0.23324669897556305,878.6713856755663,,,,,,,
342,700416,196.8408051285211,148.12290470658203,386.2,14.839135985954126,0.4410153640504827,1.9008567172726465,-0.003298246185295284,13.090832233428955,6.5421178340911865,3.1694018840789795,0.9980567693710327,0.0181884765625,0.003969454599427991,0.6604177355766296,0.6676117777824402,9.469768524169922,2.523378580764984,0.5823249037077621,0.22677484154701233,0.21889781951904297,0.2333960384130478,871.9608791859116,,,,,,,
343,702464,145.9774600646549,148.45813713632484,326.2,18.622248979673337,0.5505336463237923,2.130740637659256,-0.000589046161621809,6.405920386314392,3.202371120452881,3.141601085662842,1.000326693058014,0.0107421875,0.0014682302862638608,0.6905648559331894,0.383243128657341,7.69002902507782,2.546401398416492,0.5893521853183805,0.22677497565746307,0.21883262693881989,0.23348771035671234,875.6063846763876,,,,,,,
344,704512,150.33687824733946,149.19228330899895,366.6,16.043931338080533,0.5291592944390765,1.9725500181821272,-0.0024847970344126225,5.125614762306213,2.560322642326355,3.1502800583839417,0.9976597726345062,0.019775390625,0.004503207062953152,0.7739368975162506,0.46084580570459366,4.163067698478699,2.547630640605348,0.5984580716637764,0.2267286628484726,0.21874019503593445,0.2335517704486847,882.960628381191,,,,,,,
345,706560,174.4302350299571,151.21518013328873,379.0,15.157698896009244,0.4973493960432497,1.9184160812282565,-0.0026502565597184002,8.187354326248169,4.0910269021987915,3.1469554901123047,0.9991362988948822,0.0162353515625,0.002816044303472154,0.7319785058498383,0.6838108152151108,6.232250690460205,2.529805963902618,0.5934226617777697,0.226715549826622,0.2187523990869522,0.23357515037059784,845.8010359956761,,,,,,,
346,708608,166.7790694235335,152.8200911151685,427.0,14.179559902352977,0.5328059427419751,1.856451876266697,-0.0012636962346732616,17.90732431411743,8.952398538589478,3.1658435463905334,1.0012971758842468,0.012939453125,0.0005443560658022761,0.5435936897993088,0.4160482734441757,9.571473121643066,2.516617113346001,0.5818170428321635,0.22673189640045166,0.21891498565673828,0.23354433476924896,861.2406040115643,,,,,,,
347,710656,153.27597040804147,153.57916168953017,341.0,16.413314700772496,0.5224360914426104,1.99954358722728,-0.00012209650594741106,6.611600756645203,3.3056783080101013,3.16036194562912,1.0000243484973907,0.0028076171875,0.0009783074638107792,0.7224559634923935,0.32228732854127884,3.9368026852607727,2.5150071543466765,0.5953853370937775,0.22676682472229004,0.21914269030094147,0.23346146941184998,858.1621890871169,,,,,,,
348,712704,173.41870119094855,155.17794770075415,375.6,15.556443850492709,0.49054225124981343,1.9480137254367125,-0.0018185466760769486,7.845352649688721,3.9208577275276184,3.161395311355591,0.9990546107292175,0.01708984375,0.002704184065805748,0.7116072773933411,0.316686425358057,5.0669087171554565,2.4053747335565276,0.5940099407799921,0.22683262825012207,0.2194012552499771,0.2333746701478958,877.9899480936717,,,,,,,
349,714752,192.08004900059822,157.97987130823196,405.8,16.34700196589695,0.49745931824468637,1.998841634013312,-0.001980223983991891,17.815865993499756,8.90595269203186,3.172865867614746,0.9994544833898544,0.015380859375,0.0019466429948806763,0.5696383118629456,0.5385740548372269,10.741042375564575,2.3239258184912615,0.5759370431471467,0.226979061961174,0.2196708470582962,0.23345133662223816,879.2637126729264,,,,,,,
350,716800,150.68527045685568,158.9531317411903,379.75,20.23609572306598,0.5644742191666303,2.228914398454969,-0.001051672617904842,10.643914461135864,5.320905566215515,3.1461047530174255,0.9994112551212311,0.0008544921875,0.0013720999413635582,0.6175323724746704,0.4183866009116173,5.590912103652954,2.3788203238946153,0.5883503814210722,0.22707673907279968,0.21992303431034088,0.2334396243095398,875.8331838395446,2.178491556023758,5.015204167487958,0.9930567312276761,0.6475329194675167,0.0,1.0,0.0
351,718848,185.29404577986725,160.76150150168831,433.75,17.44226718877991,0.5208366774972532,2.0721999952291514,-0.0012371968477964401,12.59646224975586,6.296993970870972,3.1653770804405212,0.9991622120141983,0.0057373046875,0.0017841732042143121,0.6461653262376785,0.4991396516561508,7.543843030929565,2.3744141062779818,0.5807551628629214,0.22712501883506775,0.22009779512882233,0.23330998420715332,834.2682242990791,,,,,,,
352,720896,227.52454358213885,163.06048708996863,448.5,13.463606851598012,0.441676939100471,1.8150707314813566,-0.0024499617284163833,26.23431396484375,13.114706993103027,3.1988149285316467,0.9981662631034851,0.0177001953125,0.0036389115994097665,0.5828541815280914,0.4466175436973572,13.590869903564453,2.4283882545714732,0.5800098213304735,0.22717690467834473,0.2202717661857605,0.23318904638290405,864.7453842946511,,,,,,,
353,722944,226.07730613760734,166.94802707872273,461.75,13.626665132301289,0.45881938576011666,1.8257571923975717,-0.0008996659889817238,28.872064113616943,14.435132503509521,3.144759953022003,0.9991826862096786,0.0067138671875,0.0018282842502230778,0.5444329231977463,0.5663371831178665,13.514364242553711,2.449749893246917,0.5846276923516752,0.22721996903419495,0.2203761339187622,0.233092799782753,817.4355637005673,,,,,,,
354,724992,191.2153575353371,168.15336417289146,375.0,14.563483730906992,0.444432739666094,1.8830713053615746,-0.0005837409989908338,23.192764282226562,11.59579849243164,3.1636423468589783,0.999143198132515,0.0074462890625,0.0018925247277365997,0.5612045079469681,0.3931092470884323,9.42360782623291,2.5056366849166807,0.5869865058746366,0.2272549271583557,0.22042182087898254,0.2330094575881958,815.8271275386356,,,,,,,
355,727040,177.94725635462473,169.34463470783464,408.25,14.976603481276332,0.5098817191679517,1.9132879375419405,-0.00043058121809735894,10.879718542098999,5.439428806304932,3.146401107311249,0.9999920874834061,0.0020751953125,0.0005395196640165523,0.6816864311695099,0.6371352523565292,5.2338255643844604,2.4225783743022475,0.5841907858764416,0.22730806469917297,0.22040146589279175,0.233019158244133,831.6520578039598,,,,,,,
356,729088,245.67347757392147,173.5471877240347,439.25,12.335512809364609,0.41113143900204285,1.7351710406969065,-0.002948441542685032,26.715557098388672,13.354830026626587,3.168689787387848,0.9979508072137833,0.02490234375,0.004429338689078577,0.5809300243854523,0.5270368978381157,12.845011472702026,2.4862806334276684,0.5835282507793864,0.22740358114242554,0.22032248973846436,0.23313143849372864,848.7084254886147,,,,,,,
357,731136,150.2794506747886,173.26416732742382,310.4,15.054395107128027,0.5024348246187116,1.9096823438043782,-0.001062076655216515,12.002392768859863,6.000134348869324,3.1575061082839966,1.0000152885913849,0.0118408203125,0.0015141173935262486,0.6147299408912659,0.6705769449472427,7.988282322883606,2.537732830096502,0.5895522364059099,0.22756348550319672,0.22034645080566406,0.23326601088047028,805.0773505066406,,,,,,,
358,733184,221.8397566436874,175.30584210401838,434.75,13.075889255457941,0.4467056051824577,1.7857533269920547,-0.0009128628298640251,16.623446464538574,8.310810327529907,3.170231580734253,1.0007586777210236,0.015869140625,0.0009408610203536227,0.6306750774383545,0.5051627531647682,8.050085544586182,2.503258797325543,0.5867404524000452,0.2277354896068573,0.22033855319023132,0.2334710955619812,863.7781455071533,,,,,,,
359,735232,196.03548812760724,177.85108489560727,391.6,15.707259937826656,0.4549254739019543,1.9594090594753601,-0.0011242639739066362,12.569645643234253,6.2836984395980835,3.171071171760559,0.9990725964307785,0.0172119140625,0.003053797991015017,0.6887759864330292,0.307547926902771,8.480929374694824,2.512897479944513,0.5865850841284115,0.227868914604187,0.22040194272994995,0.23359116911888123,868.9159993048318,,,,,,,
360,737280,153.09081213656833,177.51413489035684,356.0,16.885456659862598,0.4854013830722238,2.0350169328882783,-0.002894736477173865,32.82584571838379,16.410027980804443,3.1938516497612,0.9992235153913498,0.02880859375,0.0035138869134243578,0.4834950268268585,0.5165156647562981,9.07308316230774,2.514438169731875,0.5821485379058465,0.22799257934093475,0.22045856714248657,0.23365968465805054,872.7383687787669,1.199569070897987,3.398843195865979,0.5423621691736035,0.888601725082812,0.0,0.5,0.5
361,739328,240.6512100672655,181.7099974590079,489.25,13.994600280573538,0.46681856218990586,1.8511312130596649,-0.0020808607223443687,61.48678779602051,30.741313457489014,3.1950218081474304,0.9988143146038055,0.01123046875,0.0028127307596150786,0.42199601233005524,0.6105201542377472,18.72674322128296,2.3823107661737595,0.5867514554848204,0.22808842360973358,0.2204992175102234,0.23364974558353424,789.0596643284224,,,,,,,
362,741376,183.93691455283843,182.49254815855252,495.25,21.560858696728207,0.5898280781586858,2.305432037339469,-0.0029968289309181273,10.943812131881714,5.46890926361084,3.1969138383865356,0.9986253827810287,0.0240478515625,0.0037578289047814906,0.6769274026155472,0.8235255181789398,12.84749984741211,2.5671294124185806,0.5791641987879054,0.22817465662956238,0.22059330344200134,0.23376139998435974,814.7055782602274,,,,,,,
363,743424,325.17541326155475,187.41025752610312,675.3333333333334,15.868140901298789,0.4987886913050803,1.9794740432647038,-0.0023554288782179356,62.24181652069092,31.118552684783936,3.1960639357566833,1.0002223551273346,0.0335693359375,0.002806397737003863,0.38713987171649933,0.4447562247514725,19.45298957824707,2.4451682354992954,0.5850216613248332,0.22819694876670837,0.2206660360097885,0.23383063077926636,788.1525915335372,,,,,,,
364,745472,166.68613973604684,188.13035286867407,460.6666666666667,19.163451650718716,0.5664056861936274,2.175993871977254,-0.003543502767570317,31.781117916107178,15.887015581130981,3.185270369052887,0.9971830695867538,0.0238037109375,0.00522134467610158,0.4801698327064514,0.5952057838439941,12.86529016494751,2.394862191125867,0.5824274515947683,0.22816359996795654,0.22069859504699707,0.2339145690202713,849.1283225111315,,,,,,,
365,747520,214.1350510062016,188.8868539808866,489.6666666666667,16.756273265164698,0.4950597642898362,2.0336366250743976,-0.0031383440946228802,40.03274440765381,20.01323366165161,3.207037925720215,0.9980635493993759,0.0303955078125,0.00478892277169507,0.44928115606307983,0.5362521260976791,15.701126098632812,2.416470410185866,0.5736660756040645,0.22819633781909943,0.22080440819263458,0.23413142561912537,864.2800418181325,,,,,,,
366,749568,200.76041502686346,189.61954097562403,558.6666666666666,26.06084898123037,0.5674777142761803,2.5413553688384076,-0.0020008764695376158,15.600533723831177,7.7982659339904785,3.1990970373153687,0.999912902712822,0.0296630859375,0.002625994660775177,0.6425543874502182,0.41468995064496994,9.448005676269531,2.45717787562171,0.5802486132549253,0.22828540205955505,0.2209445983171463,0.234444260597229,799.0893309549322,,,,,,,
367,751616,290.7099951401366,192.50256259746368,860.0,26.98499426419462,0.6283762708425651,2.5905841143092783,-0.0018601525807753205,20.487951278686523,10.242115497589111,3.2103968262672424,0.9995815604925156,0.0228271484375,0.00258164742263034,0.5427049398422241,0.5652383491396904,16.019203186035156,2.4450892819149885,0.5756085220254692,0.22837938368320465,0.22102497518062592,0.2347455769777298,822.2836432592147,,,,,,,
368,753664,337.5857180023518,196.00221785285694,847.0,23.115993891966916,0.5483508413478076,2.3954784405802876,-0.001074609230272472,43.74637413024902,21.872112274169922,3.216100037097931,0.9982608407735825,0.0328369140625,0.004470321917324327,0.46391381323337555,0.41324104368686676,21.81852388381958,2.4531196230236674,0.5794817862164376,0.2285248041152954,0.22118762135505676,0.23500658571720123,725.7666166986013,,,,,,,
369,755712,327.212020928362,198.94082218849195,1001.0,19.153758856705245,0.6496979623582022,2.176071791346662,-0.0021344086853787303,57.12105846405029,28.55839443206787,3.210016667842865,1.000396490097046,0.0252685546875,0.0019651834008982405,0.3946906477212906,0.43409083038568497,30.808102130889893,2.4646003067173297,0.5711407279079693,0.22864371538162231,0.22144874930381775,0.23515194654464722,809.4070341521953,,,,,,,
370,757760,512.1574000725682,206.46413831795996,1001.0,12.914716671417462,0.46854441903657806,1.7885149318048252,-0.0014542603748850524,226.5293960571289,113.26324272155762,3.204653561115265,1.000179409980774,0.0079345703125,0.0013069356500636786,0.2773791700601578,0.35112130641937256,61.75270938873291,2.4678116628492717,0.566752092120887,0.2286578118801117,0.22162997722625732,0.23512384295463562,832.5381943154117,1.3403664043732837,2.067871098578439,0.4880900227763481,0.3296821473173419,0.0,0.0,1.0
371,759808,349.0673752662911,210.41976840600856,1001.0,20.94405980890753,0.6282758878706918,2.273942199849182,-0.002902607317082584,72.18350410461426,36.08884906768799,3.1974477767944336,1.0001923441886902,0.0189208984375,0.0018451577343512326,0.5737142413854599,0.5190817788243294,50.20596790313721,2.4657556617603404,0.5784579694721327,0.22866159677505493,0.22175732254981995,0.23505516350269318,832.5010071185123,,,,,,,
372,761856,246.40803564356648,212.93609206535567,676.6666666666666,19.991029540305625,0.6163850465269283,2.2106874691417553,-0.0019100182107649744,22.352625370025635,11.174402713775635,3.211483418941498,0.9991624355316162,0.017822265625,0.0028662379772868007,0.47684146463871,0.4183805212378502,13.262906789779663,2.448388208009419,0.573197347412328,0.22873425483703613,0.22195972502231598,0.2350156307220459,826.3563337749725,,,,,,,
373,763904,363.4236863847392,216.3578168675965,789.0,9.379961625133273,0.4582386555567607,1.5056687320494393,-0.003295025322586298,99.0338363647461,49.51362323760986,3.216092824935913,0.997544676065445,0.0126953125,0.00414697740052361,0.3351168781518936,0.5524967685341835,34.45294761657715,2.4689016297634225,0.5791149558981062,0.2288537621498108,0.22215327620506287,0.23501990735530853,849.6351624716344,,,,,,,
374,765952,437.8956694721036,222.13006548586822,922.0,10.881018001570007,0.4743187096187913,1.6197905713917546,-0.0003906728234142065,74.97501564025879,37.48711681365967,3.2322572469711304,0.9993544667959213,0.01904296875,0.0024690182326594368,0.3309357911348343,0.533457025885582,21.47671604156494,2.4606632122886367,0.5759709435980511,0.22899238765239716,0.22237993776798248,0.23505376279354095,825.3690193449219,,,,,,,
375,768000,295.0909512080888,225.6955040338892,662.6666666666666,12.322732229912098,0.5265635642062536,1.7325654875246526,-0.0019209299935027957,83.06875610351562,41.53245735168457,3.1968871355056763,0.9996948540210724,0.007080078125,0.0012635441671591252,0.3039861023426056,0.5288242027163506,19.343570232391357,2.436672500843997,0.5910891735374727,0.22913607954978943,0.2226400524377823,0.23511673510074615,857.9015798900278,,,,,,,
376,770048,219.8075999365184,227.50500570921588,661.0,14.899871237928485,0.5871682143650556,1.9036806520948115,-0.0018080556765198708,40.69270896911621,20.3445463180542,3.236564815044403,1.0001154839992523,0.0050048828125,0.0007468503172276542,0.4044799208641052,0.3639296814799309,12.276352882385254,2.4797029222827405,0.5879046061555958,0.22922611236572266,0.22280703485012054,0.23512618243694305,857.9763998876153,,,,,,,
377,772096,276.0432114920112,229.9743581630204,756.5,15.827875711791886,0.5799834378098527,1.9603032527858848,-0.0018814689246937633,50.312256813049316,25.15424680709839,3.2106205224990845,0.9989066869020462,0.00146484375,0.0017128816834883764,0.39064811170101166,0.7340169101953506,15.096191883087158,2.509231951160473,0.581882932160623,0.22924956679344177,0.22287175059318542,0.23513618111610413,859.2074370796524,,,,,,,
378,774144,425.3843396271608,234.87931682802892,917.0,9.942309085544561,0.48160993719847645,1.5617826949649212,-0.0015539758605882525,115.06004905700684,57.528470039367676,3.1927581429481506,1.0001787841320038,0.010986328125,0.0011589744681259617,0.2298065572977066,0.5713778287172318,35.20284175872803,2.4608776928216685,0.5833068694059717,0.22929872572422028,0.22297929227352142,0.23518499732017517,842.0105252022767,,,,,,,
379,776192,444.4570577759163,240.11190265676436,1001.0,11.090747576484231,0.5348675475326199,1.6492855679526846,-0.0023875670740380883,96.42435836791992,48.209792137145996,3.2065643072128296,0.9989568144083023,0.0145263671875,0.002924673695815727,0.25130586326122284,0.4208286553621292,48.725929260253906,2.468947915418539,0.5748881564869635,0.22932372987270355,0.22310872375965118,0.23525354266166687,810.2002451204571,,,,,,,
380,778240,250.62187071569096,240.59933337367775,672.5,13.249169809929793,0.5647099009780276,1.791373113306172,-0.0024342273245565593,41.3807430267334,20.687937259674072,3.211375653743744,1.0002795457839966,0.008056640625,0.0011434285261202604,0.34138724207878113,0.5782755240797997,15.541302919387817,2.428921945611364,0.5821425309560734,0.22933605313301086,0.22322727739810944,0.23534700274467468,783.9479941758303,2.0990835578691156,5.024487766231031,1.735057237225862,0.842246527685588,0.0,1.0,0.0
381,780288,344.4939765322125,243.89276343151712,880.5,16.536778619817127,0.5610975092893694,2.0054589090364674,-0.00032548175659030676,32.20934581756592,16.104347705841064,3.2091280817985535,1.0002061426639557,0.011474609375,0.0015395123336929828,0.527811124920845,0.6570630818605423,14.710326910018921,2.491327808238566,0.5975720235388687,0.22933825850486755,0.22329793870449066,0.235439732670784,855.7118618231744,,,,,,,
382,782336,522.266418703976,251.47703124462197,994.5,8.238568992825444,0.4525239467646482,1.4101111663837878,-0.002336591889616102,129.7484588623047,64.87189292907715,3.2187631130218506,0.9991627335548401,0.009033203125,0.0022608952567679808,0.3303566873073578,0.5275983363389969,44.416996002197266,2.494861179846339,0.5890705070395824,0.22931508719921112,0.2233542799949646,0.2354212999343872,844.8694122004731,,,,,,,
383,784384,438.35476727167696,257.35197714661075,1001.0,9.30453808454597,0.5404674719733382,1.5054369955450522,-0.0006488522049039602,82.44294357299805,41.22082233428955,3.210230231285095,1.0001757442951202,0.0042724609375,0.001025016521452926,0.385184183716774,0.3514075428247452,52.0631217956543,2.472610153752612,0.5881575458118862,0.2293386161327362,0.22347427904605865,0.23536080121994019,841.890330495313,,,,,,,
384,786432,469.44921677372514,263.05360976310703,948.5,8.70119070102384,0.4616359140173662,1.446397632658882,-0.001645394484512508,111.06791877746582,55.53231334686279,3.2097643613815308,0.9990634173154831,0.0072021484375,0.002067012552288361,0.33366888761520386,0.41543610394001007,41.548977851867676,2.4976150465663522,0.5880684267330136,0.22939693927764893,0.22361516952514648,0.235279843211174,844.917885013665,,,,,,,
385,788480,472.5787972820767,268.93116244892155,992.0,11.07509740317456,0.49918237360741546,1.635408014685147,-0.00373198400484398,91.88031768798828,45.93642711639404,3.2032355666160583,0.9991998970508575,0.0137939453125,0.0023478168004658073,0.3839680552482605,0.5174127370119095,34.463751792907715,2.49669382115826,0.5848564390582532,0.22944076359272003,0.2237304300069809,0.23518027365207672,854.7357559838292,,,,,,,
386,790528,383.53581965386115,273.5421304649724,928.5,10.692108143490714,0.5447315975592055,1.6095437275182454,-0.001842150290030986,43.59673881530762,21.79652738571167,3.212798297405243,1.0000241994857788,0.013427734375,0.0018450982897775248,0.4018303006887436,0.49942366033792496,18.52123498916626,2.4618346421193564,0.5852952486197356,0.22942718863487244,0.22379451990127563,0.2350352704524994,807.6736496088615,,,,,,,
387,792576,403.422235892128,275.7596985577242,940.5,17.071424629168455,0.5163813451400872,2.0260418525337873,-0.003683093818835914,63.983924865722656,31.988279342651367,3.212497591972351,0.9954755902290344,0.03271484375,0.007625024329172447,0.4397689253091812,0.4418197125196457,14.176309823989868,2.521557060186751,0.5966281511620027,0.229351207613945,0.22376424074172974,0.23481468856334686,826.9922531296972,,,,,,,
388,794624,343.4409128967055,279.0749662809259,948.5,12.469892642656651,0.5900925523581737,1.7386310824583353,-0.0030239158077165484,65.28078079223633,32.63736629486084,3.202055513858795,0.9985917657613754,0.025390625,0.004043000270030461,0.41006994247436523,0.5470343604683876,25.4222674369812,2.4986468113056617,0.5872575524566576,0.22928844392299652,0.22378303110599518,0.23473350703716278,833.859072384719,,,,,,,
389,796672,254.27971778184784,278.0219739517441,780.5,12.711643382888836,0.6006089525827152,1.753688641884493,-0.0006882306188344955,35.79969120025635,17.89915704727173,3.1741355061531067,1.0000408291816711,0.0152587890625,0.0018821322737494484,0.4589715451002121,0.4144544005393982,9.666892290115356,2.4583142406045226,0.5846801012560026,0.2292848825454712,0.22378410398960114,0.2348119020462036,839.889989765134,,,,,,,
390,798720,315.40629159285606,279.36264745225077,1001.0,19.7221996473797,0.6606982643239612,2.199906091131782,-0.0025572944432497025,33.777666091918945,16.88627576828003,3.214287281036377,1.0016695261001587,0.02587890625,0.0009126567019848153,0.45716188848018646,0.5105615630745888,11.981700420379639,2.479039003374055,0.5782446291986938,0.2292901575565338,0.22372983396053314,0.23501703143119812,850.6363436661542,2.1970030375254,2.4979713173602343,1.563150870707364,1.4325370499064702,0.0,0.0,1.0
391,800768,262.88904999660747,281.3445762754625,945.0,19.831520574975,0.6628244768904364,2.191046253876164,-0.0016981089720502496,17.455291271209717,8.725947618484497,3.191169500350952,0.9986662864685059,0.0064697265625,0.0024351720785489306,0.6124404668807983,0.43255476653575897,12.327847480773926,2.5131608124211198,0.6061857878119157,0.2292521893978119,0.2236635386943817,0.23507529497146606,833.0023138868293,,,,,,,
392,802816,284.9547198044879,284.27776158966594,875.0,16.655013716450775,0.6077793210500793,2.0017083199046097,-0.0016804456245154142,28.701724529266357,14.349181890487671,3.18257874250412,0.9992426037788391,0.0108642578125,0.002289419004227966,0.5451870113611221,0.5725644677877426,12.906994342803955,2.523240711874678,0.5981125403117484,0.22926361858844757,0.22374077141284943,0.23515403270721436,840.0043563089283,,,,,,,
393,804864,254.3261350920195,285.47554605694785,877.5,18.0275316144878,0.614856201208923,2.085067171946929,-0.0026605246821418405,29.19548225402832,14.595080614089966,3.197788178920746,0.9987414479255676,0.011474609375,0.002844137721695006,0.5541528761386871,0.9023057073354721,10.952723979949951,2.5312066358164884,0.6024405725505858,0.2292805314064026,0.22382065653800964,0.23528403043746948,849.0879354022894,,,,,,,
394,806912,295.36114251009906,288.1536168875233,964.5,24.05285687500904,0.6468302424791389,2.429098616550187,-0.002886483503971249,24.216309547424316,12.105268478393555,3.2208580374717712,0.9980527013540268,0.026611328125,0.0044869095290778205,0.5180970579385757,0.6432469934225082,12.944363594055176,2.514488708024146,0.5885288153994641,0.22922098636627197,0.22383588552474976,0.23529770970344543,850.8476938247617,,,,,,,
395,808960,330.91286292478685,290.07089186153195,1001.0,11.308755094912778,0.6462622477359663,1.6685599379496032,-0.002798723115120083,31.658652782440186,15.82652759552002,3.2287386059761047,1.0004196166992188,0.02978515625,0.002441090648062527,0.5285550355911255,0.6500264704227448,33.34243106842041,2.472295892017428,0.5746604372204793,0.22912946343421936,0.2238263487815857,0.23518221080303192,857.753648462082,,,,,,,
396,811008,306.2624532643862,291.0701841083499,1001.0,16.682741987286775,0.6702965354360627,2.030216402736513,-0.0011343428341206163,17.35358238220215,8.675656795501709,3.2215779423713684,1.00020033121109,0.00048828125,0.0005797066987724975,0.6587376892566681,0.4290725588798523,22.58487892150879,2.4679834887501784,0.5841815476848852,0.22902637720108032,0.22376695275306702,0.23501722514629364,842.6995538020556,,,,,,,
397,813056,295.21216342156947,294.07684970946565,993.5,19.833302263686726,0.6727752966882896,2.2141517683542666,-0.002094058319926262,13.05754542350769,6.526678681373596,3.1793412566184998,0.9983199685811996,0.05517578125,0.006035420170519501,0.6574363857507706,0.600549191236496,7.900780558586121,2.476360863816808,0.5851115223592652,0.22898465394973755,0.22377237677574158,0.23495371639728546,834.0572971712385,,,,,,,
398,815104,352.8179032204974,297.804567460922,1001.0,9.632804488712969,0.6246698915697133,1.540129393236442,-0.002338704594876617,20.85527992248535,10.42530107498169,3.1955684423446655,0.9979123324155807,0.0322265625,0.00498494079511147,0.6341290920972824,0.5489137023687363,20.07329034805298,2.4673126973066246,0.5748085218490726,0.2289685308933258,0.22383762896060944,0.2350175529718399,841.157947066403,,,,,,,
399,817152,374.11070705464454,301.28240051454765,1001.0,8.825177464174164,0.6060635976192847,1.4671955964865906,-4.155561327934265e-06,62.035645484924316,31.017818927764893,3.2219616770744324,1.0001002252101898,0.001220703125,0.0007882668433012441,0.08352625370025635,0.33071015030145645,53.36420822143555,2.461898529654718,0.581292113125439,0.22899651527404785,0.22394518554210663,0.23518265783786774,857.6668254049508,,,,,,,
400,819200,432.6167397179567,305.8564890414838,1001.0,7.617028054920664,0.5486502920777663,1.361811249144106,-0.0027435554075054824,118.70779418945312,59.35115337371826,3.2066689133644104,1.0001696944236755,0.00390625,0.0008722004422452301,0.02769230306148529,0.7229292839765549,71.02315330505371,2.4647330022999085,0.581779885343483,0.22900702059268951,0.22395029664039612,0.2352311760187149,837.0173441304942,1.1280315338800884,1.2272917990906786,0.507620265336552,0.6086467877963967,0.0,0.0,1.0
401,821248,475.3089502788764,310.82627307192524,1001.0,5.513236502933228,0.5050312986775747,1.1613419046952103,-3.517849836498499e-05,112.98296356201172,56.49144649505615,3.19991534948349,0.9985828548669815,0.015625,0.003582472141715698,0.20145286619663239,0.41500937938690186,68.06659889221191,2.4678251742443535,0.5853743445263221,0.22894734144210815,0.22371505200862885,0.23528927564620972,818.6339607868861,,,,,,,
402,823296,410.83015785444786,315.3819064910238,1001.0,7.582666205112457,0.5684313447942164,1.3645035797494802,-0.0019006431684829295,96.25378036499023,48.124990463256836,3.24470978975296,0.9997349828481674,0.0001220703125,0.0008504408033331856,0.2898997515439987,0.5405328124761581,67.47851371765137,2.46147162586567,0.5919987602804022,0.22889524698257446,0.22353273630142212,0.23550556600093842,837.5986271165555,,,,,,,
403,825344,584.0317929052311,323.379415191547,1001.0,3.648917651692904,0.4007367293813479,0.9452210921351757,-0.0018694516038522124,333.816650390625,166.90645599365234,3.196821451187134,1.001111626625061,0.0169677734375,0.0008718497992958874,0.0025478750467300415,0.4602852985262871,126.42442893981934,2.459176287142327,0.5800438935194853,0.22880537807941437,0.223392054438591,0.2356482744216919,812.9525571523421,,,,,,,
404,827392,502.11740726825684,330.3526429783376,1001.0,4.960228475145165,0.4798993127689223,1.1011712768679065,-0.0024484918685629964,188.54667282104492,94.27088737487793,3.2009586691856384,0.9987241625785828,0.03662109375,0.004524070522165857,0.11737960577011108,0.584374375641346,101.01689910888672,2.463838188632508,0.5861846620791678,0.2287306785583496,0.2232970893383026,0.2356894165277481,857.8681890052926,,,,,,,
405,829440,502.5535911360625,337.3492026741707,1001.0,5.207173428927584,0.4794979260866459,1.124835520096663,-0.0031415667035616934,186.84884643554688,93.4212818145752,3.218400299549103,0.9987452477216721,0.035400390625,0.004426843457622454,0.1890946477651596,0.5208527445793152,97.89002227783203,2.465664177070721,0.584091014558633,0.2287268042564392,0.2232196182012558,0.23575225472450256,849.4269109909723,,,,,,,
406,831488,492.8629583247143,340.63096009433684,1001.0,4.693107660111732,0.489208078518643,1.0672605310976921,-0.0015099506126716733,168.16383361816406,84.08040618896484,3.1934050917625427,1.0008377432823181,0.0218505859375,0.0015992109547369182,0.4374859631061554,0.4206150844693184,111.86992263793945,2.461177944074734,0.5806565604834354,0.22869105637073517,0.2231541872024536,0.23580080270767212,847.7953455020266,,,,,,,
407,833536,503.86761891629834,347.6577658163003,1001.0,4.382978952027932,0.4778538542707307,1.0300077637423075,-0.0010704543092288077,229.80003356933594,114.89894676208496,3.1752992272377014,0.9994184672832489,0.0078125,0.0018231866415590048,0.1700582057237625,0.42984138429164886,144.1305160522461,2.462271417985903,0.5793667046801391,0.22862747311592102,0.2229701280593872,0.23578336834907532,852.9031840500533,,,,,,,
408,835584,502.2578848790398,354.267147919827,1001.0,5.167232902979826,0.4807189589998797,1.1184224230056374,-0.0010004412615671754,235.43375396728516,117.71587753295898,3.196285307407379,0.9980736076831818,0.015869140625,0.003920989693142474,0.26739920675754547,0.4574977904558182,138.39654541015625,2.460438856476685,0.5681146162071148,0.22859713435173035,0.2227698266506195,0.23572969436645508,846.9589683910303,,,,,,,
409,837632,566.1996223552701,361.669439378873,1001.0,3.53803250432873,0.41843721511145804,0.9258995068155389,-0.0014486106811091304,274.5713806152344,137.28424453735352,3.1980791091918945,0.999967023730278,0.0010986328125,0.0008481779368594289,0.08429200947284698,0.47989416122436523,129.85052871704102,2.460145486635156,0.5805240985768749,0.22855262458324432,0.22248728573322296,0.235716313123703,825.8705594822308,,,,,,,
410,839680,640.3542752952781,369.4791695662259,1001.0,3.087768290388593,0.3467540796405615,0.8618179160558026,-0.0020005215774290264,410.77291107177734,205.38445663452148,3.198801815509796,0.9986816644668579,0.0101318359375,0.0030873708601575345,-0.03564134240150452,0.5160260796546936,148.71828842163086,2.468024334360962,0.5834987038217522,0.22849944233894348,0.2222113162279129,0.23571021854877472,842.0040319073979,0.9221192439525105,0.5105846019883763,0.5175252959456136,0.7890657947662831,0.0,0.0,1.0
411,841728,612.7440717581856,375.2746073277656,1001.0,3.336448729800666,0.3723420318963403,0.896908597079873,0.00019214488565921783,338.60594177246094,169.30316543579102,3.205215096473694,1.0007123947143555,0.004150390625,0.0005142189038451761,0.024045273661613464,0.2585371509194374,133.1120491027832,2.4600703979231184,0.5874839147608878,0.2284417748451233,0.22207675874233246,0.23574112355709076,858.2382874446607,,,,,,,
412,843776,547.3815973583942,382.92319167718205,1001.0,4.195178415183308,0.43593553676506536,1.0072591691928898,-0.0026351805427111685,236.93143844604492,118.46308517456055,3.171430826187134,0.9999208152294159,0.0093994140625,0.0016441933257738128,0.12419635057449341,0.4419959932565689,116.80741310119629,2.466676597177866,0.581081348919358,0.22831423580646515,0.2218979150056839,0.23568491637706757,848.3382263064735,,,,,,,
413,845824,432.52586425667886,388.09519003374885,1001.0,6.022270352720413,0.5479370060973578,1.2114661535936488,-0.000789021491073072,117.87464904785156,58.93653583526611,3.1891547441482544,1.0002970099449158,0.003662109375,0.0008493766072206199,0.07080881297588348,0.3997344970703125,98.28749084472656,2.457492687055492,0.5742368064574529,0.22819846868515015,0.22170600295066833,0.23556911945343018,844.1573892923616,,,,,,,
414,847872,359.1116879449629,390.67257722453746,1001.0,8.170624019849466,0.6199665562702155,1.4110601232158935,-0.0004779716837219894,72.52095031738281,36.25999641418457,3.182732582092285,0.9996437579393387,0.0,0.0008870872115949169,0.062248364090919495,0.41982531547546387,84.70042037963867,2.474446089938283,0.5778997400020814,0.22814591228961945,0.22162336111068726,0.23541496694087982,857.4428403634676,,,,,,,
415,849920,433.07494686888106,394.97057767760066,1001.0,5.744309352443913,0.5475470140402214,1.1829453865822739,-0.002105955732986331,108.23876762390137,54.11727809906006,3.2002675533294678,1.0018406212329865,0.0023193359375,-0.001130080025177449,0.310345396399498,0.5089651644229889,89.4440746307373,2.461916258180281,0.5819693279772663,0.2280910313129425,0.22161774337291718,0.23523341119289398,817.8537976011839,,,,,,,
416,851968,357.49924441906876,396.3063626631793,1001.0,7.715458547404739,0.6208451032610669,1.373746635565422,-0.0008136515389196575,49.45777702331543,24.72807502746582,3.1812897324562073,1.0007100999355316,0.022216796875,0.0016668112511979416,0.5714749097824097,0.5470625758171082,69.63075256347656,2.457425785585656,0.5759338326640256,0.22806823253631592,0.22159796953201294,0.2351619452238083,854.5150535951008,,,,,,,
417,854016,497.13328970666737,399.49731409726564,1001.0,4.849556131201452,0.4854774340423148,1.0842339567736927,-0.0018016149988397956,199.3013572692871,99.64887809753418,3.1987767219543457,0.9992510974407196,0.036865234375,0.0039954566600499675,0.03248387575149536,0.50734693557024,113.39801406860352,2.4622689087555045,0.5813592370948503,0.22805798053741455,0.2214319109916687,0.2351260632276535,849.1976005478602,,,,,,,
418,856064,516.8961031856319,403.29099574241104,1001.0,4.78404438057907,0.467561454971536,1.0736757013785088,-0.0005430447636172175,233.67893981933594,116.83892631530762,3.2050739526748657,0.9999261498451233,0.002197265625,0.001057326517184265,-0.13357406854629517,0.27646758407354355,120.72926330566406,2.4638626454398036,0.5821014815406966,0.22805334627628326,0.22135822474956512,0.23502901196479797,856.7285446286752,,,,,,,
419,858112,501.2636959335682,403.073121659631,1001.0,4.877042730956862,0.4816502250601774,1.0844920480902374,-0.002517876331694424,185.69324111938477,92.84410285949707,3.1993829011917114,0.9991969615221024,0.0030517578125,0.001811568348784931,-0.023520976305007935,0.8741786181926727,106.48422813415527,2.4661922246741597,0.5851353553511836,0.22805720567703247,0.22138167917728424,0.23492231965065002,852.0433638211865,,,,,,,
420,860160,494.8280751850107,405.9883356580054,1001.0,4.705204313051704,0.48791555708510903,1.0655051164344518,0.0003744323621504009,131.77915573120117,65.88995170593262,3.1912039518356323,1.0010558068752289,0.01171875,0.0008583004528190941,0.16910232603549957,0.34652916342020035,88.30498313903809,2.4620279224036494,0.5766311879617082,0.22804760932922363,0.22134825587272644,0.23485520482063293,850.7323602209003,1.0871482747137802,0.8529390560303061,0.3518048791478884,0.9289795341270632,0.0,0.0,1.0
421,862208,482.3095045055845,410.08842848798355,1001.0,4.877647896000207,0.4988622109855671,1.0858942836907939,-0.00040009350050240755,124.91048622131348,62.454843521118164,3.1940834522247314,1.0001552104949951,0.0,-2.3904707632027566e-05,0.11728224158287048,0.2596026137471199,86.81146621704102,2.4679616717621684,0.5856103455467836,0.22799894213676453,0.221291184425354,0.2346852421760559,839.1072382291857,,,,,,,
422,864256,468.6112986435844,412.73089204691996,1001.0,5.502696076113132,0.5134666583266758,1.1527536009125197,-0.0018151255208067596,140.0870132446289,70.04169082641602,3.1796998381614685,1.0007102191448212,0.00341796875,0.0002854100166587159,0.02567310631275177,0.41672123223543167,90.70575714111328,2.472823080504895,0.5840014042235872,0.22793905436992645,0.22111493349075317,0.234467551112175,856.3832555887067,,,,,,,
423,866304,534.6188394721756,416.49755067929686,1001.0,3.948586298893752,0.4488028931155519,0.9760734932730651,-0.0005431318713817745,156.05056381225586,78.02473831176758,3.1999146938323975,0.9995686560869217,0.0010986328125,0.0012291423772694543,0.08990733325481415,0.3505972549319267,86.23797607421875,2.456719535533921,0.5792177854543731,0.22791458666324615,0.2209673523902893,0.23424884676933289,856.0469071505895,,,,,,,
424,868352,424.98761817601456,418.3366767072096,1001.0,5.97675473966188,0.5552129506058846,1.2065396292866644,-0.0012980611063539982,65.70016288757324,32.84878444671631,3.1718116402626038,1.0009468495845795,0.0035400390625,0.00015783619892317802,0.16663506627082825,0.41152841597795486,53.31479835510254,2.464906606299337,0.5794424964758107,0.2279481440782547,0.22096849977970123,0.23414486646652222,839.801995683662,,,,,,,
425,870400,408.8909716763042,420.10534358479214,1001.0,7.448941286935204,0.5708441560472703,1.3484395135469196,-0.0012950535165145993,64.13389778137207,32.0656533241272,3.165631055831909,0.9999230206012726,0.0013427734375,0.0009911340894177556,0.12356865406036377,0.5482505112886429,59.46964454650879,2.465925709606381,0.5855011534431722,0.2279735654592514,0.22093862295150757,0.23416167497634888,843.9592340764532,,,,,,,
426,872448,404.14467597782266,423.79208510561824,1001.0,7.18488609045041,0.5749684767322866,1.3253642999913566,-0.0006017086561769247,53.27792835235596,26.638362407684326,3.208913564682007,0.9990197718143463,0.00244140625,0.0020855114998994395,0.1328650414943695,0.5719288885593414,49.887675285339355,2.4641507166525116,0.5872690291208251,0.22795630991458893,0.22089213132858276,0.23421908915042877,827.4380419883504,,,,,,,
427,874496,461.6109180225494,427.50343923622904,1001.0,5.28153861374908,0.5195810493834829,1.1336082809559236,-0.0011926291044801474,98.41116333007812,49.20438861846924,3.2136430144309998,0.9996185600757599,0.0291748046875,0.00321517615520861,0.09072165191173553,0.3986426368355751,64.77173233032227,2.4607638827583287,0.5819772952943102,0.22796007990837097,0.22090406715869904,0.23433777689933777,825.1119794790313,,,,,,,
428,876544,469.0518745155667,428.37678993399714,1001.0,4.7168661428202325,0.5121869643718522,1.0664805818048786,-0.0015124764759093523,108.75727653503418,54.37712574005127,3.1659865975379944,1.000975877046585,0.0103759765625,0.0007635101355845109,0.10208606719970703,0.5211354419589043,76.89467811584473,2.465012080196175,0.583470865396234,0.2279723733663559,0.22103527188301086,0.23448126018047333,841.4449216108814,,,,,,,
429,878592,423.6160079539799,427.9599689375584,1001.0,6.508496916255819,0.55718418942041,1.2564994687865036,-0.0023793845903128386,58.41085243225098,29.203046798706055,3.1809216141700745,1.0018997192382812,0.041259765625,0.0016631574399070814,0.13601160049438477,0.5265907794237137,51.64870548248291,2.4735748103121296,0.591505867829752,0.22795946896076202,0.22111612558364868,0.23462095856666565,857.3258056618863,,,,,,,
430,880640,379.15567741584357,430.53064507156137,1001.0,8.079644030270682,0.6001001433202462,1.4014848267372766,-0.0019729844643734396,30.443018436431885,15.219536542892456,3.1756885051727295,0.9998350143432617,0.0279541015625,0.002849973490810953,0.36515603959560394,0.5083233118057251,35.062021255493164,2.4625990385684418,0.5903332787602588,0.22796672582626343,0.22109779715538025,0.23467466235160828,848.4655823501447,1.5008144245859512,1.4656595304186122,0.3542747412636288,1.0040471406697304,0.0,0.0,1.0
431,882688,349.01324498557653,430.62103044062866,1001.0,9.60333457087958,0.6288832575694565,1.5292358818054839,-0.001790798851288855,21.78678798675537,10.891603231430054,3.160621702671051,1.0000151097774506,0.0115966796875,0.00162568646192085,0.31178271770477295,0.4358995333313942,26.558772563934326,2.4805193898500875,0.5863654084814865,0.22793401777744293,0.22100071609020233,0.23454365134239197,841.9015648658714,,,,,,,
432,884736,347.2914333260604,427.1215307330705,1001.0,8.62293582299986,0.6318493004750328,1.4431984090946752,-0.0013823235058225691,26.933037281036377,13.465136289596558,3.202157139778137,1.001398116350174,0.01220703125,0.00035319209564477205,0.34055301547050476,0.44707387685775757,45.910972595214844,2.4812574440584285,0.5843587788975485,0.22787559032440186,0.22090424597263336,0.23434799909591675,833.6927948265678,,,,,,,
433,886784,275.77350495174426,423.86990548667177,1001.0,11.79115923868802,0.7012644515170255,1.6915065779836962,-0.002131983870640397,14.732459306716919,7.364097595214844,3.1807228326797485,1.0007388293743134,0.02587890625,0.0019204551063012332,0.12547259032726288,0.556483618915081,42.66371440887451,2.503043367381906,0.5804491544783829,0.22781825065612793,0.22068502008914948,0.23418296873569489,858.8940016991545,,,,,,,
434,888832,287.92343997913645,420.23938995078004,1001.0,14.305603602379747,0.6893930725490979,1.8582389826479426,-0.0031732042552903295,13.093730211257935,6.543691873550415,3.1990039944648743,0.9991784989833832,0.0211181640625,0.0030761871457798406,0.1789783537387848,0.4748970717191696,15.96451210975647,2.550074789178325,0.602690520850674,0.22776278853416443,0.22044923901557922,0.2340376377105713,864.4250805738274,,,,,,,
435,890880,244.92694218662058,415.6863528488709,1001.0,18.185834735117687,0.73041011308311,2.1029868100984124,-0.002941770013421774,21.686859130859375,10.840487718582153,3.1539186239242554,1.0006566047668457,0.0291748046875,0.0020230422960594296,-1.4034355878829956,0.6213484704494476,51.33822154998779,2.5616913434496382,0.6056251237650662,0.22773969173431396,0.2202795147895813,0.23390281200408936,844.6607585812391,,,,,,,
436,892928,209.397689644016,412.20359024867395,897.5,23.90782213806414,0.6961810290360436,2.4093175222377066,-0.003050374099984765,51.10084342956543,25.54737138748169,3.176362991333008,0.9999963492155075,0.0389404296875,0.00327264831867069,0.0016475170850753784,0.6017006412148476,29.819239616394043,2.5803481321199797,0.6144271745282255,0.22769099473953247,0.2201627492904663,0.2337784618139267,839.6480221734339,,,,,,,
437,894976,237.22391765589379,408.87962388394925,800.0,23.37650435615869,0.6736994730611838,2.369777111337411,-0.0031714006909169257,38.66219615936279,19.327927112579346,3.123968482017517,1.0001773238182068,0.0206298828125,0.0019403537444304675,0.38743916153907776,0.6660179048776627,45.727044105529785,2.5561694773787167,0.6307685646654801,0.22765393555164337,0.22006916999816895,0.2336672693490982,829.7098631501691,,,,,,,
438,897024,239.27418504496694,406.7962893269146,722.0,23.24783607589701,0.6465191108178834,2.3597561659993223,-0.0018943155300803483,57.84500312805176,28.920607566833496,3.169519782066345,0.9991981238126755,0.04296875,0.004393845156300813,0.1205824464559555,0.6982127130031586,74.90780639648438,2.527178791773622,0.6024849075829888,0.22763089835643768,0.2199609875679016,0.2335667461156845,804.3302630981474,,,,,,,
439,899072,193.44277757180436,405.5795505227136,690.0,29.896022666087624,0.7109384909574167,2.6781631177205063,-0.0039746122201904655,65.93311882019043,32.96258544921875,3.1509326696395874,0.998692974448204,0.0384521484375,0.004547046119114384,-0.41368263959884644,0.7573819905519485,77.28120613098145,2.5321678914042423,0.6145513920177322,0.22759994864463806,0.2198929488658905,0.2335149198770523,849.4879607832405,,,,,,,
440,901120,192.53134832009818,403.1220516572584,671.5,25.25737312488792,0.6893273029804157,2.452231097870887,-0.003279274213127792,43.179322242736816,21.586381912231445,3.1597896218299866,1.00108402967453,0.0174560546875,0.0005863886326551437,0.005552470684051514,0.7647945433855057,54.760658264160156,2.550740882885293,0.6287744266042735,0.22757801413536072,0.2199578434228897,0.23345494270324707,847.9704126495949,2.9386963264130244,5.011691002464948,1.6841628304512652,4.490640491256474,0.0,1.0,0.0
441,903168,196.19408715902713,401.7881524005069,752.5,24.930142832775182,0.7070263247485481,2.447075743753173,-0.0023661539889872074,38.693413734436035,19.344340801239014,3.1451371908187866,1.0008501410484314,0.012451171875,0.0007490110729122534,0.09066173434257507,0.5188949778676033,35.412774085998535,2.528971681575058,0.6077264698057261,0.22753019630908966,0.21999764442443848,0.23347043991088867,834.2408649187308,,,,,,,
442,905216,212.94108166969875,399.88819669358963,650.0,27.520383952025025,0.6299910670396704,2.568255330086534,-0.004120933008380234,42.02847766876221,21.010118007659912,3.173695683479309,0.9994634836912155,0.0284423828125,0.003303313860669732,0.25063133239746094,0.877035602927208,43.41428470611572,2.528678901580861,0.6022088218696505,0.2275068163871765,0.21999242901802063,0.23350094258785248,840.1253140599998,,,,,,,
443,907264,175.40315236448544,396.7456394734002,681.3333333333334,30.11082161616007,0.7265031076563326,2.6814365749007454,-0.0020722183980979025,44.237741470336914,22.116798400878906,3.130441725254059,0.9998914748430252,0.025146484375,0.0028111157880630344,-0.8041436970233917,0.6454077214002609,49.02086925506592,2.5655991052481113,0.6323512651635613,0.22749489545822144,0.2199496328830719,0.23357893526554108,846.4016336968745,,,,,,,
444,909312,152.24396832146863,393.1722615813339,639.0,34.68875493024996,0.7438184705344577,2.9163361281691276,-0.002310115611180663,40.79769515991211,20.39653730392456,3.1644569039344788,1.0028603672981262,0.05224609375,0.0013848746457369998,-0.6109015941619873,0.7249846160411835,41.831027030944824,2.4820922135404544,0.5820612346186881,0.22747842967510223,0.21990296244621277,0.2336488962173462,847.9931357800604,,,,,,,
445,911360,182.40817941214948,390.69517610428915,743.0,34.588343973428245,0.7382884578690697,2.9084893998276447,-0.0031352763762697577,34.693159103393555,17.343444347381592,3.1790231466293335,0.9982746839523315,0.03759765625,0.004894389217952266,-0.3075573146343231,0.9170348197221756,42.022064208984375,2.500053847426898,0.5883791472024471,0.22747129201889038,0.21985995769500732,0.2337336391210556,848.1652145934086,,,,,,,
446,913408,178.97508049752028,386.5850352095803,639.3333333333334,33.10235680316079,0.6742468175069888,2.8531202874067536,-0.00114950691931881,43.44043731689453,21.719069480895996,3.189548671245575,1.0027284026145935,0.0335693359375,0.0001829680404625833,0.4459865242242813,0.6130754500627518,53.512760162353516,2.4839274858968565,0.5836427255154575,0.22748522460460663,0.22000843286514282,0.233699232339859,849.5473975676242,,,,,,,
447,915456,198.09805119597587,383.4283900471093,780.5,37.026784816412814,0.714299525158997,3.0085982200377956,-0.0034085105289705098,24.238768577575684,12.115975856781006,3.1967706084251404,0.9993032515048981,0.0159912109375,0.002484269702108577,0.222723126411438,0.6722075715661049,28.692466735839844,2.507044243175187,0.5852282096854119,0.2275218963623047,0.22022314369678497,0.23372381925582886,859.5735359948867,,,,,,,
448,917504,171.72019696097712,376.0828451836702,638.0,37.64646420877852,0.6779141574260246,3.041831511309403,-0.0026460549561306834,35.153255462646484,17.573981761932373,3.1765984892845154,0.9975445568561554,0.0439453125,0.006057944396161474,0.40050382912158966,0.5360817834734917,41.85222053527832,2.4869477792963153,0.5840010222988432,0.2275337427854538,0.2205056995153427,0.23370274901390076,859.0955848837281,,,,,,,
449,919552,194.2603832381059,368.0378179883473,642.0,33.217025793987915,0.6480723501887304,2.844969338387348,-0.00271709484513849,30.21995210647583,15.107259035110474,3.1564411520957947,1.000765860080719,0.03955078125,0.0024718753702472895,0.4742231070995331,0.7946500480175018,33.88540172576904,2.5139155412762193,0.580845030756998,0.22757437825202942,0.22081223130226135,0.23369595408439636,847.2531187598124,,,,,,,
450,921600,165.68489940005736,357.477785642044,587.0,32.17161478923247,0.6616193007177285,2.805038540436038,-0.0017254232661798596,28.661319255828857,14.32893419265747,3.1836475133895874,1.0006632804870605,0.0159912109375,0.00132164589012973,0.45267345011234283,0.8792113065719604,36.48457145690918,2.5037479859311134,0.5799712903764775,0.22765891253948212,0.22104324400424957,0.23379012942314148,826.763419603834,2.9038035788852823,5.001742583198278,1.0090596080315342,1.213002918097446,0.0,1.0,0.0
451,923648,170.34749229555064,347.60278577501515,542.0,29.530643787716635,0.6541709866758695,2.6918341382935758,-0.0020741939661093056,33.98587417602539,16.99086284637451,3.1933408975601196,0.9984087944030762,0.028564453125,0.004245176081894897,0.30460453033447266,0.5831911191344261,42.86814880371094,2.499178104684688,0.5847775382863227,0.22774283587932587,0.22121505439281464,0.23396115005016327,859.2201787137953,,,,,,,
452,925696,180.99682130665786,340.9694644820996,656.0,36.14506290666006,0.7195477632924835,2.960721252964202,-0.0031886628130450845,22.27951717376709,11.13656997680664,3.140469193458557,1.0028383135795593,0.0435791015625,0.0008371451986022294,-0.055883437395095825,0.6651876121759415,28.813765048980713,2.5477709933911683,0.6123855860507933,0.22777430713176727,0.22127634286880493,0.23410558700561523,858.764913708377,,,,,,,
453,927744,176.7324015588492,334.8831291301482,827.0,35.0253909656511,0.7406611646828911,2.912815559949687,-0.002283806214109063,17.091464042663574,8.543448209762573,3.1320542693138123,0.9997727423906326,0.0291748046875,0.002987134284921922,0.2922084629535675,0.5430915206670761,24.15287446975708,2.563064075235161,0.6278727264018966,0.22772884368896484,0.2212403118610382,0.23406703770160675,854.3017142267173,,,,,,,
454,929792,206.55477682692154,328.2109847116775,896.5,32.95459516944076,0.7122518446772425,2.8311999760304625,-0.002574507670942694,11.845420360565186,5.920135736465454,3.168705701828003,1.0004697740077972,0.018798828125,0.001593987108208239,0.6826599985361099,0.7005309984087944,16.439178705215454,2.5473736677813577,0.6131544113785072,0.22765761613845825,0.22117091715335846,0.2339480072259903,856.1529539394043,,,,,,,
455,931840,231.83238024243008,322.85319002037943,864.5,29.85360123197816,0.6923691661293101,2.7029545492467553,-0.002580455329734832,10.61733102798462,5.306084990501404,3.186130166053772,0.9981241226196289,0.0645751953125,0.0067221763310953975,0.7451249212026596,0.6917176097631454,17.789733409881592,2.5043679737718776,0.5839133564251041,0.2275705635547638,0.22107283771038055,0.23382948338985443,855.4692132597801,,,,,,,
456,933888,210.31576130292757,314.97639161300606,767.0,28.10448829392982,0.6902205684983739,2.627864629866794,-0.0016775104450061917,17.012537479400635,8.504591226577759,3.1952693462371826,0.9988103061914444,0.0491943359375,0.005073701628134586,0.614124670624733,0.6208194941282272,28.028930187225342,2.4950705403316533,0.5833647039805532,0.22744473814964294,0.22095122933387756,0.23369865119457245,823.2428170485005,,,,,,,
457,935936,169.34390140930444,306.27576234931723,706.0,32.86284242559263,0.7182963394511231,2.848330322387668,-0.0016759097343310714,15.27064561843872,7.633646845817566,3.1690815687179565,1.0002527832984924,0.0382080078125,0.0028683371929218993,0.5283632576465607,0.46745432913303375,25.18292999267578,2.4783671172190225,0.5910342849292188,0.2273108959197998,0.2207551896572113,0.2335502952337265,844.4205956838958,,,,,,,
458,937984,277.50366925500674,299.41896941096115,902.5,33.46018200241847,0.6391595559219223,2.8751797969786024,-0.0023500608513131738,9.701221942901611,4.848260879516602,3.161502718925476,0.9987057149410248,0.026611328125,0.003941922666854225,0.8277944326400757,0.49502573162317276,10.329015731811523,2.4834061538422247,0.582971956173486,0.22723542153835297,0.22052055597305298,0.233417347073555,824.2668849283027,,,,,,,
459,940032,220.54961465714922,294.038980978797,878.0,31.845495238746636,0.7046042965988428,2.8067441653464615,-0.0019472958520054817,7.4715670347213745,3.7338362336158752,3.199250340461731,0.9973765313625336,0.051513671875,0.006877758001792245,0.8296850323677063,0.5243023410439491,18.4619083404541,2.4820305016619386,0.5859796947931784,0.22716879844665527,0.2203327864408493,0.2332407683134079,853.4138938274725,,,,,,,
460,942080,228.64692604259398,291.05598112402333,1001.0,32.32987675838989,0.7468362269099826,2.829278778841388,-0.0026895536575466394,7.387787342071533,3.691204071044922,3.1756062507629395,0.9985732883214951,0.0638427734375,0.00627090159105137,0.6072918623685837,0.5573724508285522,10.590670347213745,2.472720718724304,0.5838536483253276,0.22710365056991577,0.22024057805538177,0.23307904601097107,856.4990322686257,2.0908740345727397,3.229889102638106,0.43092357700147377,1.1899259800507482,0.0,0.0,1.0
461,944128,264.51694070005055,288.00884231874636,1001.0,18.662909949348148,0.7108377842236158,2.1466832062154824,-0.004596395825501531,6.139045834541321,3.064926505088806,3.1777299642562866,0.9986114948987961,0.070068359375,0.006532270272145979,0.7688263803720474,0.6804507598280907,5.836233854293823,2.468398692974006,0.5837014352792413,0.2270662486553192,0.22023381292819977,0.23294766247272491,828.1302033289443,,,,,,,
462,946176,340.40427763969063,286.9960782481744,1001.0,9.114592214643679,0.6369716251560198,1.4942214373115947,-0.002673586714081466,20.201763153076172,10.098207950592041,3.1548385620117188,1.0003142356872559,0.0426025390625,0.003321500960737467,0.7780180871486664,0.6437532752752304,33.68661403656006,2.4738333012501244,0.5881846874602411,0.2270534187555313,0.22021719813346863,0.2328360676765442,869.2665963397073,,,,,,,
463,948224,396.37743277154743,287.15448916974833,1001.0,7.017375834831922,0.5834666165909734,1.3118338532986638,-0.003405928029678762,48.96924591064453,24.48121690750122,3.174840986728668,1.00275120139122,0.042236328125,0.0008139765268424526,0.5526619404554367,0.5765805765986443,53.12690258026123,2.4625929500034545,0.5823012041460217,0.22704851627349854,0.22019369900226593,0.23280099034309387,861.9514946579326,,,,,,,
464,950272,538.4876907263194,287.0187736955364,1001.0,4.2089069428959505,0.44587504879397805,1.0098097319418045,-0.0023071537143550813,195.63015365600586,97.81277084350586,3.1808406114578247,1.0000216960906982,0.012939453125,0.0018357276130700484,0.18227702379226685,0.541293241083622,100.21141815185547,2.4688115261524217,0.575555266320827,0.22699221968650818,0.22012127935886383,0.2327835112810135,854.3147255952442,,,,,,,
465,952320,562.0150095870756,288.4391056314435,1001.0,4.654216184467936,0.42269019111920475,1.0585486415790069,-0.0011415929766371846,228.43160247802734,114.21465873718262,3.179806709289551,0.9993246793746948,0.0123291015625,0.0025979179772548378,0.10316479206085205,0.34789324551820755,106.00496673583984,2.4732743511121953,0.583600148953779,0.2269008606672287,0.2200198769569397,0.23274797201156616,853.1198489772266,,,,,,,
466,954368,615.2298769058434,290.64309561603795,1001.0,3.6292411982934203,0.37142658865628164,0.9337413019281608,-0.0005946948076598346,287.14437103271484,143.57159042358398,3.148263454437256,0.9996784180402756,0.000732421875,0.000990716478554532,0.04239663481712341,0.2309155836701393,114.2018814086914,2.4630943162483163,0.5798507776361759,0.22682520747184753,0.21993757784366608,0.23263050615787506,859.2321204399233,,,,,,,
467,956416,468.95800710237575,289.9702915323246,1001.0,5.732727351811855,0.5118049082637147,1.1697333895654463,-0.0028279171092435718,98.84636497497559,49.42035484313965,3.1482675075531006,0.9989559203386307,0.006103515625,0.002143475125194527,0.20712964236736298,0.4697679132223129,65.18794441223145,2.4943995858047856,0.5938452996193707,0.22677001357078552,0.21987996995449066,0.2326861470937729,848.8767938315686,,,,,,,
468,958464,607.4895266204626,293.422389238537,1001.0,3.230321034263833,0.378790197759583,0.8776649849311969,-0.004286293231416494,269.52870178222656,134.76006317138672,3.1362059116363525,0.9988146722316742,0.03125,0.00413805985590443,0.12469860911369324,0.5305443033576012,112.93832778930664,2.478838848954183,0.5846284693410058,0.22669874131679535,0.2197876274585724,0.23282146453857422,850.9663240546563,,,,,,,
469,960512,444.5531007721023,291.69910518594156,1001.0,5.900285799154877,0.5361591123433445,1.1954306206130993,-0.0035411962307989597,77.04156112670898,38.51723861694336,3.1523842811584473,1.000829428434372,0.03662109375,0.002270963479531929,0.24898430705070496,0.9268690049648285,54.42525768280029,2.4674731847189832,0.5898392281323157,0.2266557514667511,0.2197214812040329,0.2329276204109192,848.3969856686126,,,,,,,
470,962560,469.8119583472234,291.8041135093898,1001.0,5.162836709662408,0.512623476358682,1.1224189762598256,-0.0020572583307512105,112.23128890991211,56.113587379455566,3.1756616830825806,1.0008330941200256,0.025390625,0.0019005570356966928,0.055346861481666565,0.3322339802980423,75.80070877075195,2.461988670300343,0.5751579621101279,0.22661837935447693,0.21957550942897797,0.23298725485801697,840.4881753131376,1.4419363169305472,0.9161072741404417,0.9220098913398489,1.068672172404484,0.0,0.0,1.0
471,964608,361.03986598759957,290.49186093561707,1001.0,10.050875622073612,0.6172896752352013,1.567252674455722,-0.0032571646734140813,30.83251714706421,15.413001537322998,3.1673038005828857,1.0023473799228668,0.030517578125,0.0005286973173497245,0.15537303686141968,0.44669441133737564,31.926880836486816,2.4650117562996456,0.5846355117711295,0.22663511335849762,0.2194548100233078,0.23305262625217438,845.662085551935,,,,,,,
472,966656,334.95986690304306,288.89589843495315,1001.0,13.500856601666195,0.642602172769885,1.8156704665398549,-0.0028050894616171718,22.953479290008545,11.473934650421143,3.1290072798728943,0.9994635879993439,0.0286865234375,0.0032288012153003365,0.32438690960407257,0.5115364789962769,21.123969078063965,2.4796828826511046,0.5841882035767239,0.22663059830665588,0.21942642331123352,0.23301154375076294,821.1744716446256,,,,,,,
473,968704,322.07836480611513,285.95205872454244,1001.0,10.392548637802857,0.6560448566552377,1.5970390537563597,-0.001929702062625438,15.347383975982666,7.6717623472213745,3.174513578414917,0.9988445490598679,0.0078125,0.0024644171207910404,0.09745858609676361,0.4802848920226097,23.163532257080078,2.4667630501353415,0.5842931173464472,0.22659070789813995,0.21948204934597015,0.2328835278749466,803.775941253952,,,,,,,
474,970752,359.18316982050396,284.7052335383353,1001.0,10.112682183575707,0.6193789760647944,1.5754485338283872,-0.0023333029821515083,27.204347133636475,13.59984040260315,3.160170614719391,0.9990558922290802,0.0079345703125,0.002299826926901005,0.08628849685192108,0.409174844622612,29.34025239944458,2.465119956570561,0.5789128492269607,0.22654125094413757,0.21952205896377563,0.23277953267097473,851.4260534760601,,,,,,,
475,972800,342.2874999936327,282.4908370706176,1001.0,9.021843470477908,0.6362421960192722,1.488942496456392,-0.0017950915498659015,19.578632831573486,9.787521362304688,3.1661903858184814,0.9993287175893784,0.0069580078125,0.002085557614918798,0.04872201383113861,0.46241138875484467,25.729061603546143,2.463855329348007,0.5781982799604217,0.22653600573539734,0.21959702670574188,0.23274831473827362,845.5112805422352,,,,,,,
476,974848,332.39850282472,281.40180407485536,1001.0,9.309730002327607,0.6457734151071902,1.5126736635136913,-0.0009284584084525704,16.43085527420044,8.214499235153198,3.163278579711914,0.9989972710609436,0.0108642578125,0.0028450104873627424,0.06307220458984375,0.23804465308785439,22.837058544158936,2.463284326790017,0.5760862309180736,0.22649502754211426,0.21959775686264038,0.23264774680137634,845.5223262145322,,,,,,,
477,976896,312.64819996164806,280.5397963089076,1001.0,9.667021775663489,0.6646694751251445,1.5435549819658767,-0.0011500045075081289,10.575875520706177,5.286787748336792,3.1709408164024353,1.000164955854416,0.0001220703125,0.0003312082408228889,0.14782728254795074,0.5570049732923508,14.749175310134888,2.454344390760525,0.5767355615318522,0.22643235325813293,0.21952566504478455,0.2325119525194168,834.0263088792871,,,,,,,
478,978944,316.64677328042046,279.7191007798137,1001.0,9.130936655487323,0.6620331345473702,1.4985019200126959,-0.00029020413057878613,12.307608842849731,6.15351414680481,3.1783992648124695,0.9997468888759613,0.001953125,0.0012846617464674637,0.07408839464187622,0.36526723206043243,17.423938751220703,2.467693115992006,0.5943851614404042,0.226399764418602,0.21953731775283813,0.23247048258781433,840.5411332742312,,,,,,,
479,980992,364.4830947414985,280.4764627686267,1001.0,8.128805010377222,0.6145816201506055,1.412444492874586,-0.002844066359102726,28.492012977600098,14.243162393569946,3.146768808364868,0.9987229704856873,0.0059814453125,0.002501718554412946,0.07086905837059021,0.677752859890461,32.75754928588867,2.4628644144249847,0.5698317489333208,0.22637751698493958,0.2196057289838791,0.23244936764240265,804.555335741039,,,,,,,
480,983040,384.28254994774784,282.79593110625365,1001.0,6.887695537741327,0.5945294455771254,1.3006322932745524,0.00043654919136315584,31.966373920440674,15.983623743057251,3.1657168865203857,1.0009318590164185,0.0028076171875,0.00036294305755291134,0.026937678456306458,0.3424750789999962,32.60542964935303,2.4564870216854615,0.5780346218145946,0.2263188660144806,0.21960347890853882,0.23238715529441833,827.2224880650779,1.3385302991178825,1.312510013285046,0.3902011356473205,1.1030542040083768,0.0,0.0,1.0
481,985088,371.3135159415734,284.7571402400481,1001.0,7.32061984003812,0.6077848165589543,1.3408705667720378,-0.001591744483448565,28.974697589874268,14.485757112503052,3.171352982521057,0.9993940442800522,0.0006103515625,0.0013464357325574383,0.008844465017318726,0.3699769377708435,32.296645641326904,2.464944628824014,0.5762043654829201,0.22626058757305145,0.21956966817378998,0.23231454193592072,833.0333897906308,,,,,,,
482,987136,348.707728917658,287.1517634317702,1001.0,7.8786642689369195,0.6299213977881581,1.3926680304753638,-0.00022968696430325508,17.55316925048828,8.776355266571045,3.1530516743659973,0.9996591508388519,0.0008544921875,0.001146385126048699,0.03257329761981964,0.2586323469877243,21.666202068328857,2.4566203843569383,0.5736569278326983,0.22625529766082764,0.21966001391410828,0.23229537904262543,845.8238959192878,,,,,,,
483,989184,349.96356209603937,289.8385369112008,1001.0,8.295987261153446,0.6284783626074417,1.4289205206276614,-0.001218329882249236,21.259218215942383,10.628390789031982,3.1697566509246826,0.999531015753746,0.000732421875,0.001111489735194482,-0.013605445623397827,0.47593390196561813,24.94160270690918,2.4624316022673156,0.5808455419470303,0.22631506621837616,0.21981403231620789,0.2323421835899353,840.3784868235821,,,,,,,
484,991232,313.4465263183893,291.39183880643964,1001.0,9.134699543802295,0.664463415105417,1.5007765725512905,-0.000566826609428972,8.24684762954712,4.122856974601746,3.1628807187080383,1.0008904933929443,0.0035400390625,0.00036377922515384853,0.027368813753128052,0.22632939368486404,11.272561311721802,2.4597245283657685,0.5862671166554647,0.22639603912830353,0.2200136035680771,0.23245222866535187,809.3585586351534,,,,,,,
485,993280,303.04627890554826,292.86932545385963,1001.0,9.922751862561267,0.6744801895442527,1.5638805294263884,-0.0007196288788691163,7.141799211502075,3.5701799392700195,3.175436794757843,0.999424159526825,0.0,0.0010422933992231265,-0.010507315397262573,0.26430247724056244,10.366637468338013,2.4606923526444007,0.5863101717036951,0.2264789640903473,0.22018398344516754,0.2326321005821228,850.6557419765084,,,,,,,
486,995328,311.31138238163624,295.5465371878505,1001.0,10.17206801379416,0.6659647570301777,1.5826919260468186,-0.002048218622803688,8.488718509674072,4.242311000823975,3.192160725593567,0.9990308284759521,0.00244140625,0.0018563734192866832,-0.045851439237594604,0.38788822293281555,13.563547134399414,2.4647845250583487,0.5743193536325593,0.22647899389266968,0.22028802335262299,0.23274613916873932,860.7804293760553,,,,,,,
487,997376,334.5368530840027,298.3752484899886,1001.0,9.530181518439292,0.6440815338340746,1.5315001234122712,-0.0024376641667913646,12.273305654525757,6.1342151165008545,3.151729643344879,0.9983934760093689,0.0206298828125,0.003976163061452098,0.03573237359523773,0.370503768324852,16.04320764541626,2.464686723804334,0.5774375561373333,0.22642523050308228,0.22039510309696198,0.2327403724193573,832.7399596906242,,,,,,,
488,999424,321.5371861344818,300.67286441372596,1001.0,9.880579107129112,0.6558804588166971,1.5586244711081239,-0.0011204045731574297,10.545183658599854,5.2714715003967285,3.1623682975769043,0.9998606890439987,0.0064697265625,0.001603304612217471,-0.009744495153427124,0.33440404385328293,13.558842658996582,2.464006691981922,0.5798222620840782,0.2263592928647995,0.2205754965543747,0.23275260627269745,837.2326510611584,,,,,,,
489,1001472,271.6464601717047,301.66348924114266,1001.0,11.69121706844852,0.7044980959893457,1.6959017241741114,-0.0018356419168412685,3.391399323940277,1.6938640177249908,3.1437072157859802,0.9989562183618546,0.0023193359375,0.0019956695759901777,0.046538978815078735,0.5080031678080559,4.203024387359619,2.4662986811890732,0.5794840649148572,0.22625508904457092,0.22069422900676727,0.232682466506958,839.5924468547233,,,,,,,
490,1003520,351.996472667141,305.36095847089763,1001.0,8.911468078205754,0.6265801772129087,1.4787397767151513,-0.000721852935384959,20.441036701202393,10.219796419143677,3.147014856338501,1.0010121762752533,0.0037841796875,0.00010960297368001193,0.025062277913093567,0.28521818667650223,27.321033477783203,2.462674830312608,0.5817999039901457,0.22619032859802246,0.22077181935310364,0.23253576457500458,813.9048085667966,1.4181857975436263,1.0337973967695624,0.6668529827690282,1.1097104158353222,0.0,0.0,1.0
491,1005568,381.7834701635355,309.4462784685606,1001.0,8.761010690761688,0.598095536419083,1.4648451067725208,-0.0016078728949651122,29.488680362701416,14.742732286453247,3.1678763031959534,0.9995096176862717,0.0010986328125,0.0012770212924806401,0.0683116763830185,0.3550625517964363,35.62427234649658,2.4716946022817865,0.5773629755200591,0.22618675231933594,0.22088070213794708,0.23233497142791748,845.3128912085914,,,,,,,
492,1007616,364.7966063097058,313.2692409794963,1001.0,8.278260471135303,0.6141288855749747,1.4217711396384036,-0.0023009508149698377,33.880441665649414,16.93791961669922,3.144478142261505,0.9997048377990723,0.0107421875,0.001926401411765255,-0.05168032646179199,0.4677239879965782,41.10848331451416,2.4696302160446066,0.5695946541872728,0.2261887788772583,0.22094230353832245,0.2321930229663849,853.9204812283092,,,,,,,
493,1009664,423.46669933007877,318.3830086194105,1001.0,6.453958530100508,0.5573133561862694,1.2560320247139616,-0.0016676108352839947,44.32106018066406,22.158862590789795,3.1311073899269104,0.9998902231454849,0.0184326171875,0.0024381347320741042,0.02798353135585785,0.34847961366176605,43.2781343460083,2.4640936377982143,0.572761819235204,0.22614243626594543,0.22098970413208008,0.232041135430336,858.7106437889449,,,,,,,
494,1011712,445.3930558663551,323.68782538734644,1001.0,5.571025350850497,0.5354167937676027,1.164907046552313,-0.001909336308017373,71.75209999084473,35.87414073944092,3.1622572541236877,0.9987237006425858,0.0037841796875,0.0024089641956379637,0.031914934515953064,0.41999416053295135,59.532166481018066,2.459896111933631,0.5887353767059529,0.22607338428497314,0.22096513211727142,0.23183010518550873,850.2699951205349,,,,,,,
495,1013760,470.24849477900227,329.130834259007,1001.0,5.21262618542621,0.5113033083569622,1.126496759036235,-0.0007263566367328167,80.69034194946289,40.344444274902344,3.1564581394195557,1.0001846551895142,0.0030517578125,0.0009524096094537526,0.011062651872634888,0.37314073741436005,62.02423095703125,2.4613538792327745,0.5794381793153804,0.22602327167987823,0.22083978354930878,0.2316976934671402,856.6505211579278,,,,,,,
496,1015808,433.62342262308226,334.16306644373236,1001.0,6.074886522575652,0.5474126674396614,1.2163417820018032,-0.0019188111764378846,56.936906814575195,28.46653461456299,3.1412712931632996,0.9995529502630234,0.0174560546875,0.00262386399845127,0.023294270038604736,0.49136338382959366,50.97407627105713,2.4635947930946713,0.5808325522161517,0.22602549195289612,0.22079035639762878,0.23171721398830414,834.8906156357062,,,,,,,
497,1017856,390.93848501668776,338.78290398502725,1001.0,7.558490890716193,0.5899487811019359,1.3571991266598622,-0.0027994184056296945,29.42059898376465,14.707499980926514,3.1528130769729614,0.999958410859108,0.0504150390625,0.004001954555860721,0.026793062686920166,0.4664168208837509,34.51497936248779,2.461595285247313,0.5824116822347225,0.2260577529668808,0.2208596020936966,0.23187285661697388,855.8825588517194,,,,,,,
498,1019904,289.85689720760934,340.43979294998206,1001.0,10.498044015076214,0.6875886431003553,1.6019192298483853,-0.0026837486075237393,6.177791237831116,3.086211860179901,3.1295583844184875,1.0011098682880402,0.0343017578125,0.0020063856354681775,-0.4278583824634552,0.4705432653427124,14.329169750213623,2.4675486282794736,0.5857128639863135,0.22606118023395538,0.2209179550409317,0.23188184201717377,857.6054502167398,,,,,,,
499,1021952,320.7820628504695,343.3581981130385,1001.0,9.834337003309441,0.6569091785668071,1.551402834889291,-0.0012048885691910982,7.7163801193237305,3.8569851517677307,3.1593005061149597,0.9992468804121017,0.0166015625,0.002875332676921971,0.05064067244529724,0.3426439091563225,13.03715968132019,2.464065574487904,0.5806140653626662,0.22601407766342163,0.22091200947761536,0.23174089193344116,843.5738760215056,,,,,,,
500,1024000,304.7543876617029,346.52113035186323,1001.0,11.141328234642373,0.6725440654277091,1.6527323377620526,-0.0020983497088309377,5.860791921615601,2.9282976388931274,3.1561920642852783,0.9999174028635025,0.00732421875,0.0016104461101349443,0.10947658121585846,0.5094581991434097,2.469444990158081,2.465770801398321,0.5856522825869662,0.22600731253623962,0.22083836793899536,0.23177441954612732,859.9383781252063,1.8611350228046306,1.8540267850597443,0.5383093742422084,1.297741182878659,0.0,0.0,1.0
501,1026048,246.92312535979767,347.80801271655326,1001.0,15.090773875927376,0.728965058654329,1.9258119459175025,-0.0015385635779239237,3.3409111499786377,1.6689170002937317,3.1732929944992065,1.000897228717804,0.010498046875,0.0008773564914008602,0.17948080599308014,0.318547822535038,8.402343273162842,2.469626602513017,0.5839637075724162,0.22599443793296814,0.2207716405391693,0.23187808692455292,844.5193484545747,,,,,,,
502,1028096,258.1680442347221,349.3514371751147,1001.0,13.553412180830126,0.718255834045457,1.8263122656136321,-0.0019880117615684867,4.578644394874573,2.2873342037200928,3.1559627652168274,0.9982776641845703,0.013916015625,0.0036194042186252773,0.17068198323249817,0.4995298832654953,9.118347644805908,2.4620769358007237,0.5735096376112553,0.22593721747398376,0.22070243954658508,0.231895312666893,828.5579086750278,,,,,,,
503,1030144,271.9875584746053,351.25654031342964,1001.0,15.61187576067263,0.7047547238488552,1.9593251597899795,-0.001847743580583483,4.912883400917053,2.4545940160751343,3.1603861451148987,0.9992550909519196,0.05859375,0.0053311606898205355,0.2405346930027008,0.48661917448043823,6.824269652366638,2.4691614280600334,0.5818039237690494,0.22587251663208008,0.22061333060264587,0.23187567293643951,826.6431835101656,,,,,,,
504,1032192,268.8677233743844,352.50279924437893,1001.0,16.96223511952646,0.707075471620846,2.044209326688694,-0.0011673361295834184,5.191644072532654,2.5946547389030457,3.1627438068389893,1.0019233226776123,0.0006103515625,-0.0012799069663742557,0.3545956611633301,0.3364848867058754,8.510886788368225,2.465939944217098,0.5945953145682029,0.2258337140083313,0.22055315971374512,0.23187291622161865,798.797783748402,,,,,,,
505,1034240,248.2239571887173,352.8306307833047,1001.0,17.313327181738252,0.7276268052455366,2.064969864954947,-0.0010802379110828042,4.239274621009827,2.1185570657253265,3.138070225715637,1.0003559589385986,0.0013427734375,0.00035550152824725956,0.35942989587783813,0.46072179824113846,9.090059518814087,2.461887177953031,0.5851065071100453,0.2258119136095047,0.22054371237754822,0.23201264441013336,842.5014456532471,,,,,,,
506,1036288,250.5632809074753,353.63558117539566,1001.0,17.219834855007043,0.7252182946454964,2.0601500106864976,-0.0026406414108350873,5.3914971351623535,2.6931079626083374,3.1489686369895935,0.9962148517370224,0.037109375,0.007050799380522221,0.3544485718011856,0.5350353270769119,11.972057819366455,2.4668118531408254,0.5794740041198561,0.2257729023694992,0.22058793902397156,0.23215022683143616,838.6867555952217,,,,,,,
507,1038336,242.84382080359757,355.1055795632814,1001.0,16.393473633112187,0.7337667401534907,2.008014727142756,-0.0028503129142336547,3.3747609853744507,1.6845301687717438,3.1636622548103333,1.0009742379188538,0.0435791015625,0.0026590075285639614,0.2806312292814255,0.5996055230498314,2.4906259775161743,2.4693326340493513,0.5861203748523339,0.225754514336586,0.2207592874765396,0.23222744464874268,818.332059668627,,,,,,,
508,1040384,262.1288317206409,354.79808281259415,1001.0,15.194029407546642,0.7138644210385304,1.933021228584552,-0.0023712734691798687,4.00151664018631,1.9983870387077332,3.156277060508728,0.9999974817037582,0.0494384765625,0.0039794365875422955,0.3483227342367172,0.517804242670536,3.2355878353118896,2.464775311149424,0.5867114446356996,0.2257450968027115,0.22058752179145813,0.23229536414146423,828.4469619517363,,,,,,,
509,1042432,248.6531987697889,355.36015449484694,1001.0,13.970250193110402,0.7276131313033554,1.8521553650944704,-0.0009686768753454089,3.095099449157715,1.5465810596942902,3.152058482170105,0.9980150312185287,0.0338134765625,0.005006044346373528,0.1878156065940857,0.34885074198246,5.592795252799988,2.4642380264995154,0.5891963230325294,0.22575244307518005,0.22036774456501007,0.23230740427970886,850.8641100873442,,,,,,,
510,1044480,312.5460627028905,357.0381372280528,1001.0,12.072616069107232,0.6645846967662764,1.7198024215736076,-0.002239799068775028,7.322403788566589,3.658962070941925,3.151037812232971,0.9999651461839676,0.006103515625,0.00148120716039557,0.4092482179403305,0.5012611821293831,12.755212783813477,2.4691298151010415,0.5855498438724854,0.22571703791618347,0.2201804220676422,0.23227018117904663,833.1758256060613,1.7012058546032285,1.781333680174448,0.48783391295884626,1.3232848419236325,0.0,0.0,1.0
511,1046528,283.19150430111773,357.41162850007413,1001.0,11.450222315044552,0.6932290242078584,1.6759658527089363,-0.0031233432819135487,3.268418788909912,1.6310860514640808,3.1610018014907837,0.998020276427269,0.055419921875,0.006319407693808898,0.3822347968816757,0.6004622057080269,5.436154246330261,2.4638551219541114,0.5817631156425876,0.22569112479686737,0.220012828707695,0.2323119044303894,833.8064648964452,,,,,,,
512,1048576,279.7140845694739,356.19782463866983,1001.0,12.315640805503696,0.6970149962124023,1.7386354209598995,-0.002187183126807213,3.4750061631202698,1.735315889120102,3.1604633927345276,0.9998790621757507,0.0072021484375,0.0016812169051263481,0.3611772060394287,0.623697429895401,3.994618058204651,2.467013862740714,0.5839965778802783,0.22565039992332458,0.21996146440505981,0.23231340944766998,858.1491066472578,,,,,,,
513,1050624,262.3319613545427,353.51691521032984,1001.0,12.498050463347676,0.7136797196149283,1.7517136796744588,-0.003713147947564721,2.64664089679718,1.3196073174476624,3.1215352416038513,0.997074156999588,0.0513916015625,0.00693111727014184,0.36059652268886566,0.6246833354234695,2.923240602016449,2.465593623346649,0.5831736382533829,0.22560593485832214,0.21992361545562744,0.2322930544614792,821.4748419322847,,,,,,,
514,1052672,238.6859171637652,347.52087973907874,1001.0,13.049377026753346,0.7366859018371673,1.7885453079181661,-0.0012538164155557752,1.5536641776561737,0.7755782604217529,3.1539772152900696,1.000362068414688,0.0184326171875,0.001868660663603805,0.3190437853336334,0.47977055609226227,2.0780162811279297,2.464733698157943,0.5877086221273652,0.22557762265205383,0.2197895646095276,0.23226940631866455,848.3322717881805,,,,,,,
515,1054720,244.50891816620606,341.1707579106613,1001.0,12.737574499826826,0.7317959120986293,1.7671223911960694,-0.0026766398223116994,2.8215925097465515,1.4081196188926697,3.150964379310608,0.9974819272756577,0.010009765625,0.004222641859087162,0.08402249217033386,0.8021214008331299,4.246054410934448,2.4601124117907602,0.5815635624627091,0.22558093070983887,0.21967244148254395,0.23225265741348267,849.307818460866,,,,,,,
516,1056768,270.07218289793707,334.2676040305032,1001.0,13.194666711339995,0.7069312847025901,1.7978514674019557,5.1241484470665455e-05,3.7962618470191956,1.8981821537017822,3.1338449120521545,0.999793604016304,0.008544921875,0.0018909164937213063,0.41549716889858246,0.5215927511453629,4.416911244392395,2.470790103689069,0.574011235683033,0.2255832552909851,0.21961559355258942,0.23222872614860535,863.8720792126586,,,,,,,
517,1058816,249.82658918055427,329.88497567206673,1001.0,13.026550549938182,0.7256437366138275,1.7861437541605878,-0.0018547929357737303,2.901399791240692,1.4488451182842255,3.1488196849823,0.9996990114450455,0.00537109375,0.0015767698496347293,0.3860297352075577,0.5664685070514679,4.0690266489982605,2.4701367332600057,0.5948442561729581,0.22556710243225098,0.21949343383312225,0.23218730092048645,857.8249990314409,,,,,,,
518,1060864,246.92226409434235,322.6736304215443,1001.0,12.517468811390883,0.7287249832162134,1.7511180253436047,-0.0011683604680001736,2.438275933265686,1.2179695963859558,3.1452264189720154,1.0002459585666656,0.0035400390625,0.0008855717751430348,0.3967820852994919,0.41982869803905487,4.813500940799713,2.466041787964059,0.5903225963879245,0.2255571484565735,0.21924717724323273,0.23222525417804718,837.8481614720941,,,,,,,
519,1062912,232.40410307458217,318.430650467594,1001.0,13.3844876101584,0.7430854462808254,1.810120386380178,-0.0021616981830447912,2.3912829160690308,1.1934797763824463,3.1633201241493225,1.0002741515636444,0.0233154296875,0.0021964810584904626,0.08590802550315857,0.4768110662698746,6.647712349891663,2.4632100284507032,0.5876637799318621,0.22555333375930786,0.2190627157688141,0.2323462963104248,814.478529539384,,,,,,,
520,1064960,261.7484868556086,314.2693810377617,1001.0,12.628194409433448,0.7148824663823707,1.7574195783373334,-0.0033779976656660438,2.2107465267181396,1.1019952893257141,3.154609501361847,0.9982530623674393,0.0701904296875,0.006740043987520039,0.5188265293836594,0.8030696362257004,2.0083714723587036,2.466033056160086,0.5958354599324351,0.22554859519004822,0.21895566582679749,0.23243772983551025,858.8151533203717,1.745171593981114,1.8169572356816162,0.47846921544246945,1.6923876266503974,0.0,0.0,1.0
521,1067008,229.37404610586833,311.636064640127,1001.0,13.040432079488212,0.7461906980918892,1.7861428210163979,1.624971628189087e-05,1.7196670770645142,0.8598497807979584,3.141266345977783,1.0005322694778442,0.0,-0.00038051142473705113,0.3606020361185074,0.5948834866285324,8.794387578964233,2.47018165877671,0.5769437491402257,0.22556376457214355,0.2188461869955063,0.23255203664302826,850.9231894826532,,,,,,,
522,1069056,252.00972639291385,309.97706182992437,1001.0,12.747070477952342,0.7238457509137473,1.764453085026047,-0.0012247803388163447,4.07882696390152,2.038188725709915,3.1533373594284058,0.9996572732925415,0.005859375,0.0015462144510820508,0.3707212507724762,0.40804748237133026,17.2138032913208,2.468275822044234,0.5795435645714524,0.2255876362323761,0.2188345342874527,0.23258960247039795,861.9616179734545,,,,,,,
523,1071104,230.4410990250006,308.14431651430215,1001.0,13.70643456702484,0.7454249782341205,1.832101958222537,-0.003354537417180836,1.4351589679718018,0.7142249345779419,3.1363157629966736,0.9996955692768097,0.0406494140625,0.0037098534812685102,0.46190501749515533,0.7642574608325958,2.455935537815094,2.4648171806911705,0.5911846778311373,0.22557584941387177,0.21874049305915833,0.23261025547981262,845.6384672417495,,,,,,,
524,1073152,223.55488168328299,305.4317507515578,1001.0,13.622180623203299,0.752633133118151,1.8275760091484539,-0.0004532111342996359,1.910948395729065,0.9550209939479828,3.1640714406967163,1.0010100603103638,0.002197265625,0.00010376579302828759,0.3668133318424225,0.34818796068429947,3.2119301557540894,2.467271105313557,0.5908593751292895,0.22552534937858582,0.21869727969169617,0.23264864087104797,862.9166919590496,,,,,,,
525,1075200,222.87398729159503,303.04348049751695,1001.0,13.723259473517802,0.7523476453707976,1.8353741379427602,-0.00191922188969329,3.184019982814789,1.5900907814502716,3.119209408760071,0.9995558559894562,0.0333251953125,0.0034098143369192258,0.44614893198013306,0.47165583819150925,13.494597673416138,2.469113035229384,0.5832311117341384,0.2254553884267807,0.21873223781585693,0.23265030980110168,830.023856040049,,,,,,,
526,1077248,234.5757817698659,301.0870260764199,1001.0,13.141137288711832,0.7407216969665662,1.7966097406914465,-0.0019003876950591803,2.3832210898399353,1.1897101700305939,3.1429824233055115,0.9996819943189621,0.04052734375,0.0038424748927354813,0.49026744067668915,0.37097853422164917,9.320905447006226,2.462265845228103,0.582361797426292,0.22537988424301147,0.2187265306711197,0.23261861503124237,855.303397839456,,,,,,,
527,1079296,238.41615742948443,299.60238522577663,1001.0,12.066982471530029,0.7376915555421475,1.7202610419344024,-0.004313438665121794,1.444301038980484,0.7178370803594589,3.1398946046829224,0.9959842711687088,0.060791015625,0.00853315636049956,0.5098881721496582,0.6680097132921219,4.543503761291504,2.468439958698582,0.5864329042318144,0.22531360387802124,0.21877184510231018,0.2325870543718338,864.3001016869681,,,,,,,
528,1081344,268.1254715219992,298.6319591906082,1001.0,9.908600522756268,0.7083787170216869,1.5576198206304088,-0.003078233450651169,2.1345067024230957,1.0641751289367676,3.1269876956939697,0.9976306259632111,0.0643310546875,0.007151019337470643,0.3776063621044159,0.5489168465137482,5.441756844520569,2.4645263059501303,0.5833359664585825,0.22525803744792938,0.2188439667224884,0.23263929784297943,852.4922942730778,,,,,,,
529,1083392,325.3900068595834,297.8500974329699,1001.0,7.86693404148979,0.6525979971773948,1.3859715398831982,-0.0016183641273528337,10.595666408538818,5.296214818954468,3.1397119760513306,1.00062495470047,0.016845703125,0.0014732870185980573,0.2759113609790802,0.5093991234898567,22.180538654327393,2.4625939279212616,0.5997748785982167,0.2252342402935028,0.21892033517360687,0.23278146982192993,855.4538330075816,,,,,,,
530,1085440,335.5706794170267,296.87586002235554,1001.0,7.633720552291572,0.6432934899278808,1.3651477507372773,-0.0026214596582576632,14.517898559570312,7.256327867507935,3.1302745938301086,0.9996377378702164,0.0050048828125,0.001679794368101284,0.1950169950723648,0.45168930292129517,27.6406512260437,2.468600263586268,0.58217388861727,0.22520282864570618,0.2189822942018509,0.2328990250825882,841.3592539168476,1.2935903993814581,1.2715946306524706,0.43541113863378417,1.3599053504427325,0.0,0.0,1.0
531,1087488,380.1543762739068,297.0526772290022,1001.0,6.6141630274555805,0.5988869268455064,1.2688952837927199,-0.004031415446661413,27.93386745452881,13.962902545928955,3.1083972454071045,1.0007441341876984,0.0345458984375,0.0024090350343612954,0.156202495098114,0.5517773255705833,37.1218147277832,2.4658728930080542,0.5892024302107851,0.2251584827899933,0.21898017823696136,0.23291955888271332,856.6804251605657,,,,,,,
532,1089536,404.0821605975595,298.1601658626002,1001.0,5.998246186570272,0.5763119219144457,1.2072707855355205,-0.0013753215316683054,40.906067848205566,20.451658248901367,3.1427541375160217,0.9987157136201859,0.03271484375,0.00433741562301293,0.09862257540225983,0.35404716432094574,45.481459617614746,2.465743217835552,0.5937596838859933,0.2251310646533966,0.2190263271331787,0.23290720582008362,847.6816939619328,,,,,,,
533,1091584,451.2207537567829,300.1853096958151,1001.0,5.134484526767893,0.52982734244777,1.114008567503319,-0.00204608024796471,72.09564781188965,36.045777320861816,3.149747133255005,1.0006240904331207,0.003662109375,0.0005427653813967481,0.027863651514053345,0.3829198107123375,59.983049392700195,2.467003837969969,0.5899555227176027,0.22511976957321167,0.21906088292598724,0.2329050898551941,862.509331846524,,,,,,,
534,1093632,418.06073300126263,302.27759382947255,1001.0,5.679098576100346,0.5628488747609207,1.17184451469007,-0.00153457117266953,61.28412437438965,30.640527725219727,3.158439815044403,0.9989690184593201,0.003662109375,0.002195896493503824,-0.07303318381309509,0.39447296410799026,55.89040184020996,2.467312962806318,0.5826125709537041,0.2250921130180359,0.2189156413078308,0.2328803390264511,858.9901849211989,,,,,,,
535,1095680,443.32745569422536,305.08321736524607,1001.0,5.038323776963823,0.5372914773074193,1.1051446023297862,-0.0010041468776762486,74.57896041870117,37.28847599029541,3.1449460983276367,1.0004059970378876,0.0067138671875,0.0009755195351317525,-0.008804112672805786,0.42195048928260803,60.538058280944824,2.4637747905944707,0.5843932687066836,0.22502049803733826,0.21875059604644775,0.2329438328742981,860.8691827241881,,,,,,,
536,1097728,443.0778470197481,307.71854665800834,1001.0,5.130843728734453,0.538350435107675,1.1156855801550754,-0.0003816174576058984,65.09185981750488,32.54554843902588,3.142056107521057,0.9995485693216324,0.0020751953125,0.0015442177682416514,0.03167179226875305,0.32896867394447327,57.72692108154297,2.4636299458506983,0.5839120758504219,0.22495420277118683,0.2186797708272934,0.2330024242401123,850.9376361317626,,,,,,,
537,1099776,439.10603662215067,309.80993032877126,1001.0,5.019209448718483,0.5420976443129626,1.1027495681554942,-0.0014348853146657348,64.80529880523682,32.40121412277222,3.161923885345459,1.000188559293747,0.0020751953125,0.0007336545822909102,0.007845625281333923,0.3677157089114189,56.33442211151123,2.465568518382497,0.5858987626056912,0.22490546107292175,0.21868573129177094,0.2330275923013687,822.3753425137737,,,,,,,
538,1101824,411.4791650212514,311.60876990650667,1001.0,5.515489075004762,0.5683912704819257,1.157896954283699,-0.0012075577396899462,47.16544723510742,23.581515789031982,3.138177812099457,0.9995361864566803,0.006103515625,0.0018744864501059055,0.0020739585161209106,0.37746360152959824,48.353787422180176,2.4635935466358205,0.5853396240526751,0.22483108937740326,0.2186458557844162,0.23304353654384613,819.4499922305329,,,,,,,
539,1103872,454.7442860119132,315.2707264233108,1001.0,4.81670109378375,0.5271450350552698,1.082120690396375,-0.002359223086386919,64.36554718017578,32.18041467666626,3.12779301404953,1.0005748569965363,0.0126953125,0.001443346671294421,0.045920178294181824,0.3557247892022133,55.83688259124756,2.460657231218647,0.5833291064449201,0.22476638853549957,0.21865211427211761,0.23306328058242798,833.7679287588975,,,,,,,
540,1105920,469.49728914832895,317.6207427529346,1001.0,4.559781948584528,0.5121873051340325,1.0525157906481288,-0.0010188801679760218,75.6976547241211,37.847808837890625,3.1411139369010925,0.9977528899908066,0.012939453125,0.004259248205926269,0.022321432828903198,0.2575318515300751,59.35787582397461,2.4664828483073507,0.5905578235632845,0.22474700212478638,0.21875709295272827,0.23305827379226685,837.1582321755105,1.034400912244584,1.0787598959395281,0.29038267056754263,1.5819663748385626,0.0,0.0,1.0
541,1107968,487.69793126416636,319.7390319749471,1001.0,4.326610378484165,0.4940011424915347,1.0242764063177838,-0.0008849392179399729,90.08297157287598,45.04060077667236,3.12552148103714,0.9997033774852753,0.0040283203125,0.0016346928314305842,0.032514750957489014,0.36350197345018387,65.58130645751953,2.4650488707993645,0.5776058930553015,0.22471129894256592,0.2188868522644043,0.23296593129634857,858.1555187263708,,,,,,,
542,1110016,487.99850771069873,322.203070002967,1001.0,4.324569204354983,0.49434326138408746,1.0241976441137388,-0.001597048481926322,95.57823181152344,47.78751850128174,3.1324371099472046,1.000032976269722,0.0028076171875,0.0008795723697403446,0.004769608378410339,0.3987898603081703,67.7923812866211,2.4666608230472775,0.5725362313048589,0.22470135986804962,0.21894362568855286,0.23286832869052887,820.3911662979365,,,,,,,
543,1112064,465.1902385175283,323.03754078671597,1001.0,4.642327545360327,0.5172294727389006,1.0640059883736868,-0.0018677922198548913,67.03907012939453,33.51766777038574,3.135774254798889,1.0012519657611847,0.0008544921875,-0.0006633057782892138,0.048348262906074524,0.5252596139907837,55.43887996673584,2.4623468263889663,0.5699087321252084,0.22472012042999268,0.21897628903388977,0.2328667938709259,819.4767140124605,,,,,,,
544,1114112,484.12928630445515,323.81226539547805,1001.0,4.367205644574872,0.49777557904672826,1.031944220624225,-0.0013879374600946903,75.95794486999512,37.97758483886719,3.1475300192832947,1.0010448694229126,0.00537109375,0.0002679937315406278,0.04685771465301514,0.4604724198579788,59.82241725921631,2.459272123014671,0.5792370083177295,0.22476962208747864,0.2190844714641571,0.2330171763896942,840.23071189393,,,,,,,
545,1116160,463.68168230812705,323.6809291460606,1001.0,4.630939706265523,0.5177728896548157,1.0631248601173975,-0.002110136207193136,66.11626243591309,33.056020736694336,3.135992646217346,1.0003547072410583,0.0091552734375,0.0012703476240858436,0.022626280784606934,0.3586771562695503,55.006187438964844,2.460561341707944,0.568748842102659,0.22483423352241516,0.219147190451622,0.23330669105052948,847.6614044799913,,,,,,,
546,1118208,491.7533298825828,324.84352729125055,1001.0,4.229281953919878,0.4908613178160777,1.0151205559540253,-0.001905953569803387,85.52913856506348,42.76266288757324,3.14384001493454,0.9999308437108994,0.00341796875,0.001078647910617292,0.030308589339256287,0.3962882310152054,62.26094913482666,2.4613818977668416,0.5743274859677147,0.22494040429592133,0.2191273719072342,0.23359252512454987,833.6028591576362,,,,,,,
547,1120256,505.4292252742431,327.1333420964017,1001.0,4.054136722569943,0.4771822778899003,0.992094795988698,-0.0021404074504971504,99.58452796936035,49.79012393951416,3.146314799785614,1.0014683306217194,0.00439453125,-0.0007021582423476502,0.00842331349849701,0.4314422532916069,69.1796817779541,2.462926771971979,0.5752857680851166,0.22500690817832947,0.21912233531475067,0.2337956726551056,833.625616530117,,,,,,,
548,1122304,516.3158417898965,331.6625209880474,1001.0,3.977628618826132,0.4660761590829956,0.9831201190139233,-0.0016970778815448284,100.79160118103027,50.39410400390625,3.1482823491096497,0.9988458305597305,0.0042724609375,0.002406270315987058,0.022401005029678345,0.4056004732847214,69.0387077331543,2.4699635470606154,0.5787280057952743,0.22497448325157166,0.2190934717655182,0.23389650881290436,827.9114542091879,,,,,,,
549,1124352,502.1556050024549,335.2899918310871,1001.0,4.072570545014949,0.4813122339367235,0.9938827392349159,-0.0019328214693814516,102.39400482177734,51.195069313049316,3.140043258666992,0.9999012649059296,0.0064697265625,0.0015756173379486427,-0.007202088832855225,0.33860747516155243,70.0724048614502,2.4628972703940235,0.5793700822987391,0.22492896020412445,0.21901977062225342,0.2340574562549591,842.3976156569458,,,,,,,
550,1126400,517.2429114351374,339.53976230655576,1001.0,3.974151486126995,0.46577039846553625,0.9806249802890503,-0.0007714419043622911,121.34429740905762,60.671377182006836,3.127059280872345,1.0001873522996902,0.0003662109375,0.0005045391881139949,-0.015814542770385742,0.44905926287174225,77.6852970123291,2.468977174896281,0.5896401663886099,0.22491443157196045,0.21892820298671722,0.23416797816753387,845.0392024371645,0.978870996126444,0.9981406203349029,0.3376801724737921,1.3995393278077866,0.0,0.0,1.0
551,1128448,514.9744870927994,344.90078954121583,1001.0,3.930875257580513,0.46733868696170144,0.9762968616231705,-0.0018346193246543407,107.2145004272461,53.6054162979126,3.1256075501441956,1.0012124180793762,0.0013427734375,-0.0005338627815945074,0.008817359805107117,0.4970381259918213,71.9947509765625,2.465058822563151,0.5833300685184202,0.22486133873462677,0.21880978345870972,0.23411135375499725,851.3830220003712,,,,,,,
552,1130496,523.3691787085031,350.2048122306915,1001.0,3.832202489127452,0.46050044914050514,0.9629730932653527,-0.00039056281093508005,113.40253448486328,56.70087718963623,3.13331001996994,0.9985253065824509,0.003173828125,0.0024836044176481664,0.0067604780197143555,0.350715771317482,74.34006881713867,2.463696214617812,0.5853559276115402,0.22479476034641266,0.2186606526374817,0.2339382767677307,840.2499508437178,,,,,,,
553,1132544,488.03124522596124,354.5256859657186,1001.0,4.3560228960182314,0.4939865380848756,1.028006301327714,-0.0003518247976899147,80.37391090393066,40.18660354614258,3.130669593811035,1.0004246532917023,0.0003662109375,0.0002634134143590927,0.00016322731971740723,0.35716960579156876,62.61964797973633,2.4701028079289244,0.5846551363047209,0.2247399389743805,0.21844005584716797,0.23377998173236847,853.9449496992709,,,,,,,
554,1134592,484.0996018086166,358.83032353440313,1001.0,4.413572813038001,0.4981247510958888,1.0351902574395762,-0.0015748951700516045,79.53380584716797,39.76532745361328,3.1255741119384766,0.9996642619371414,0.0064697265625,0.00169447717780713,0.00696997344493866,0.3933071121573448,63.141910552978516,2.4621877243480412,0.5865253383606639,0.2247031033039093,0.21825745701789856,0.23366139829158783,837.2799037407327,,,,,,,
555,1136640,496.3808188866754,363.79346076836237,1001.0,4.215145106055694,0.48572032102150026,1.0110624842233902,-0.0022310561034828424,81.54183959960938,40.7686882019043,3.1163764595985413,0.9992602467536926,0.0318603515625,0.0037755384400952607,0.019527286291122437,0.38581642508506775,62.99912738800049,2.4632712656894,0.5789498090878615,0.22467711567878723,0.21812577545642853,0.23358438909053802,857.0174011768688,,,,,,,
556,1138688,511.5271294532584,369.012737739278,1001.0,3.9821453838613667,0.47103983795088195,0.9818819174252437,-0.000819481210783124,95.51384162902832,47.75610065460205,3.1263192296028137,0.9994784593582153,0.0035400390625,0.0018627544632181525,0.025836661458015442,0.2792897969484329,67.66552925109863,2.4628023343975656,0.5857416316170838,0.2246609479188919,0.21811552345752716,0.23344385623931885,848.8317004793342,,,,,,,
557,1140736,526.1576237096817,374.67901379739965,1001.0,3.8608321324793677,0.45662308066058466,0.965089144070712,-0.0013298382982611656,117.03845977783203,58.517900466918945,3.1198638677597046,1.0002766847610474,0.00341796875,0.0008636741986265406,0.008429184556007385,0.342385895550251,75.33726119995117,2.464600263265311,0.5827919228041601,0.22469285130500793,0.21819250285625458,0.2333926409482956,847.0438965221299,,,,,,,
558,1142784,557.1098482339926,380.5786341276668,1001.0,3.478362064194853,0.4271099281919175,0.9153477161797526,-0.003500778926536441,131.3382797241211,65.66563987731934,3.117596745491028,1.000609666109085,0.0069580078125,0.0007717523985775188,0.027097508311271667,0.6328415796160698,80.27703475952148,2.462712434338755,0.5797624881865174,0.2246892750263214,0.21822059154510498,0.23334914445877075,830.9999378505199,,,,,,,
559,1144832,596.2690640288073,387.5309514328472,1001.0,3.0067903999643217,0.3882876346798673,0.8495262757803268,-0.00045013311319053173,179.83649063110352,89.91779518127441,3.1421451568603516,0.9999816566705704,0.0028076171875,0.0007509399583796039,0.007701188325881958,0.3503946363925934,94.35914421081543,2.457591621001484,0.5900959972690609,0.22465020418167114,0.2181762456893921,0.23326164484024048,847.0199641537231,,,,,,,
560,1146880,565.7008941116629,392.59404806102253,1001.0,3.320622801858435,0.41879011087669327,0.8941623926414654,-0.000513243954628706,145.621826171875,72.81040000915527,3.0928199887275696,1.000028818845749,0.0006103515625,0.0005492726486409083,0.018696635961532593,0.36976195871829987,84.2694263458252,2.458707324389252,0.5869202264801165,0.2245524674654007,0.21803346276283264,0.23316103219985962,825.6320904335743,0.8579684805892493,0.9065209893503097,0.2442160527378036,1.2894269496388688,0.0,0.0,1.0
561,1148928,601.8808190166218,398.9678343553327,1001.0,2.9149888576314376,0.3826290382855887,0.8361940425126604,-0.0014124412555247545,185.94683074951172,92.97200393676758,3.1270978450775146,1.0006767809391022,0.005859375,0.0007413953717332333,0.010773614048957825,0.3867764323949814,94.54016494750977,2.4596555025636917,0.5843296361467643,0.2244713306427002,0.2178603857755661,0.23321904242038727,846.7459105240331,,,,,,,
562,1150976,547.6965858313066,404.3274843805694,1001.0,3.545131577999483,0.43579653589451584,0.9241756451727108,-0.0018509619403630495,131.72778701782227,65.86204147338867,3.1260775327682495,1.0018103420734406,0.0133056640625,0.00011808388808276504,0.007340475916862488,0.5412886291742325,80.15593910217285,2.4594298517477,0.5903042485703446,0.22443631291389465,0.2176782488822937,0.2333488166332245,856.9486403970191,,,,,,,
563,1153024,530.4047176406809,409.68893950629206,1001.0,3.797769660987364,0.4525529728867275,0.9577947310181116,-0.003776846220716834,107.5623664855957,53.77740669250488,3.1194910407066345,1.0009647011756897,0.0255126953125,0.0017023642285494134,0.008555814623832703,0.5925022065639496,73.00122261047363,2.4609796637960244,0.5835892806080613,0.22441746294498444,0.21750837564468384,0.23347096145153046,857.2916051296903,,,,,,,
564,1155072,506.64703253707603,415.0481618137583,1001.0,4.1119874940263035,0.4766169604540865,0.9972870866601706,-0.0011136031243950129,78.33116149902344,39.164466857910156,3.094918966293335,0.9978755712509155,0.0079345703125,0.0037485860812012106,0.010709777474403381,0.523121640086174,61.196828842163086,2.4555867170274723,0.5759018659071886,0.22435925900936127,0.21740907430648804,0.23344770073890686,850.6356617757456,,,,,,,
565,1157120,463.23610285507164,419.42270550753557,1001.0,4.650454278025013,0.5178338301441158,1.0624839738736798,-8.107745088636875e-07,54.465529441833496,27.23276376724243,3.1361167430877686,0.9996630251407623,0.000244140625,0.0009115480206673965,0.014377281069755554,0.3838854357600212,50.715328216552734,2.4610541975853266,0.5827826086187048,0.22429247200489044,0.21735544502735138,0.23338823020458221,826.2818452094303,,,,,,,
566,1159168,448.0936249987635,422.9831343495521,1001.0,4.935749530380964,0.5328165860256624,1.0943050501215603,-0.0017739335307851434,46.91999340057373,23.45822286605835,3.119428813457489,1.0000364780426025,0.0008544921875,0.0005955512606306002,-0.0028023719787597656,0.71132792532444,47.23207759857178,2.4613528485788265,0.584925501338427,0.2241918444633484,0.21723966300487518,0.23327293992042542,839.8733318950719,,,,,,,
567,1161216,431.1197109642852,426.6089967852266,1001.0,5.11719021626314,0.5494750891323317,1.115756722556487,-0.0008633842226117849,39.0745906829834,19.53643226623535,3.1222763657569885,0.9999865144491196,0.003173828125,0.0009538544982206076,0.019476428627967834,0.38342124223709106,42.75944423675537,2.4582733791321516,0.5896109162797707,0.22409075498580933,0.21702079474925995,0.2332899570465088,853.832627972535,,,,,,,
568,1163264,412.6094119351709,429.9227397420433,1001.0,5.575328961756074,0.5677577677016928,1.1636210221997898,-0.0031993024749681354,29.88571071624756,14.939656019210815,3.0983012914657593,1.0005177855491638,0.003173828125,0.00039515363459941,-0.01780959963798523,0.6162862926721573,37.44463062286377,2.467564724458498,0.5907486724940652,0.2239455282688141,0.21676719188690186,0.2332765758037567,859.7998565287525,,,,,,,
569,1165312,416.2626795951474,433.5999112724546,1001.0,5.443380819013418,0.5637645682463726,1.1511541419127256,-0.0020277525181882083,26.332375526428223,13.164159774780273,3.0919248461723328,0.9987071603536606,0.0146484375,0.003396445419639349,0.027417749166488647,0.6020829528570175,34.15525436401367,2.4630159054358955,0.5874059163962703,0.2238333821296692,0.21662971377372742,0.2333044409751892,868.1161147875747,,,,,,,
570,1167360,436.14548558490367,437.08785124704053,1001.0,5.241880435033133,0.5445767684901982,1.1256303652733481,0.0003515394637361169,36.40529251098633,18.20299768447876,3.10357129573822,1.0007200837135315,0.0015869140625,0.00033333984902128577,0.015091896057128906,0.7155556380748749,41.181724548339844,2.4738262183818733,0.5923827391674049,0.2237837016582489,0.21652324497699738,0.23338259756565094,863.6432994070427,1.1723133076133996,1.2337750371823804,0.33229410934796333,1.5696072402701924,0.0,0.0,1.0
571,1169408,407.21510513289473,440.6446724275811,1001.0,5.640528796448404,0.5730712865580108,1.170603221343352,-0.002232391037978232,20.682167530059814,10.3388512134552,3.087709903717041,1.0019565224647522,0.00537109375,-0.0006716619827784598,0.08345186710357666,0.43512312322854996,29.04670763015747,2.462960161938099,0.5892780869701723,0.22369256615638733,0.21631953120231628,0.2334011197090149,824.4554278064012,,,,,,,
572,1171456,380.6636387917026,443.21775067555683,1001.0,6.204737384970852,0.5983120973500661,1.2278815835852408,-0.0016237633535638452,13.975283861160278,6.986018061637878,3.097265660762787,0.9994894862174988,0.0006103515625,0.001002020391752012,0.026292577385902405,0.7734495848417282,24.64993381500244,2.467214073854848,0.5899560695952073,0.22359693050384521,0.21618367731571198,0.2333286702632904,861.7013989153833,,,,,,,
573,1173504,399.21675565689645,446.59326380819476,1001.0,5.854966494740414,0.5803535817923708,1.190247074292606,-0.0009324740967713296,21.130996227264404,10.564565420150757,3.0960257053375244,1.0005156099796295,0.00244140625,0.0002758851187536493,0.016373157501220703,0.3704173341393471,31.21557092666626,2.473495037513203,0.5909606885003891,0.22356387972831726,0.2162015736103058,0.233268603682518,851.4491604217916,,,,,,,
574,1175552,405.1805683070886,450.2257775406709,1001.0,5.707445984051047,0.5757426049384331,1.1749336558391499,-0.0020058683585375547,25.147367000579834,12.571677684783936,3.138243079185486,0.9997106045484543,0.002197265625,0.0011680252355290577,0.005187079310417175,0.3963819816708565,34.79637145996094,2.473035984832677,0.5894976212888674,0.22357457876205444,0.21634814143180847,0.23319363594055176,869.2482226575056,,,,,,,
575,1177600,472.83426150742855,455.22498302498747,1001.0,4.644784332958652,0.5099354232750897,1.0554498708479823,-0.0009342675330117345,56.47886943817139,28.238500118255615,3.109029173851013,1.0020145773887634,0.0006103515625,-0.0014415673940675333,0.009655192494392395,0.5036709979176521,52.28690814971924,2.473926482052775,0.5935152622675282,0.22354960441589355,0.21648235619068146,0.23311351239681244,868.4899227303929,,,,,,,
576,1179648,463.84563638244794,459.8103801172391,1001.0,4.7324510911577065,0.5188579464394453,1.0668283807704717,-0.0025385227636434138,51.8231086730957,25.909015655517578,3.075050473213196,0.997245192527771,0.00537109375,0.00394231169775594,0.04754281044006348,0.6076610535383224,50.078030586242676,2.4666536146833096,0.5883666435759978,0.22350914776325226,0.2165607213973999,0.23310919106006622,859.2833485060341,,,,,,,
577,1181696,402.1673886533153,463.08540474171576,1001.0,5.816627963393917,0.5781527532545743,1.1863434989555992,-0.00268092576880008,22.98621368408203,11.490425825119019,3.0797610878944397,1.0009090304374695,0.0101318359375,0.0008526545425411314,0.005448430776596069,0.5096414312720299,34.51508045196533,2.468641302184551,0.5963353978765679,0.22351692616939545,0.21672548353672028,0.23309679329395294,837.7932885432938,,,,,,,
578,1183744,397.92012667214334,465.68129784471864,1001.0,5.808809439371221,0.582007820243037,1.1877534398310354,-0.0007054285379126668,15.983983516693115,7.991286277770996,3.1035380363464355,1.0003978610038757,0.0028076171875,0.00041736531420610845,0.029392048716545105,0.4258117899298668,25.515692710876465,2.4613952980434988,0.5908677149720604,0.2235044687986374,0.21688221395015717,0.23305802047252655,857.3184832835327,,,,,,,
579,1185792,399.1584098593394,467.15666590471375,1001.0,5.814945340557488,0.5803959561687502,1.1873819656084188,-0.0002891878830268979,16.071282863616943,8.035352349281311,3.0962703824043274,0.999339148402214,0.0006103515625,0.0013834184355800971,0.05265679955482483,0.3270672708749771,26.145460605621338,2.467739789528423,0.5865281308096978,0.22346316277980804,0.21691730618476868,0.2329660952091217,856.7953778487271,,,,,,,
580,1187840,415.6534077017016,468.75832047040717,1001.0,5.524383330009321,0.5648639852304,1.157419631392295,-0.001934553380124271,18.940605640411377,9.468368530273438,3.075245678424835,0.9998638033866882,0.0008544921875,0.0006474470574175939,0.06885215640068054,0.4031568691134453,29.45170021057129,2.457179999400978,0.5898912955967827,0.22338667511940002,0.21694134175777435,0.2328067421913147,857.76913846804,1.201593000799634,1.2477078940405923,0.29592059158781037,1.6923930739906083,0.0,0.0,1.0
581,1189888,400.2827456152919,469.1608878572349,1001.0,5.7214488414324105,0.5796897580864588,1.1775806257308925,-0.0006117572775110602,16.72994613647461,8.36436128616333,3.123699963092804,0.9999845325946808,0.0006103515625,0.0007839807658456266,0.036391958594322205,0.3065798804163933,27.301578521728516,2.4599770236964105,0.582331499893577,0.22328945994377136,0.21696048974990845,0.2325243055820465,862.8227561509991,,,,,,,
582,1191936,398.3765210280735,469.0467750658453,1001.0,5.864172472978755,0.5822085647044619,1.1926202953024234,-0.0007890582201071084,15.090658187866211,7.544540047645569,3.091076135635376,1.0001015961170197,0.00048828125,0.0008300654153572395,0.04501940310001373,0.30355726182460785,25.331108570098877,2.4670181986730313,0.5934823579818311,0.2231598049402237,0.2168312966823578,0.23218993842601776,850.6916779849989,,,,,,,
583,1193984,402.4954713572462,468.0722694178545,1001.0,5.7331274358448,0.5780699188169904,1.1795731711526338,-0.0006657302146777511,16.413057804107666,8.205862998962402,3.0842647552490234,1.0001702904701233,0.000244140625,0.00041656185931060463,0.037454843521118164,0.3947955220937729,26.430480480194092,2.4655999646493,0.5858405258622368,0.2230510264635086,0.21672554314136505,0.23194211721420288,829.4131731902013,,,,,,,
584,1196032,414.9377794276189,468.00981034638164,1001.0,5.5727196335065035,0.5650564997933758,1.1638092013886474,-0.0008015394560061395,16.931406497955322,8.4649019241333,3.1064963936805725,0.9996921122074127,0.001220703125,0.0007119107758626342,0.046283185482025146,0.3062370792031288,25.577213287353516,2.459046820164076,0.5891930998913304,0.2229868620634079,0.21662816405296326,0.2318364977836609,862.2417441470734,,,,,,,
585,1198080,426.37185155414807,467.6706982635801,1001.0,5.299097010764836,0.5541406505617904,1.1342871397184908,-0.0011953454813919961,21.143019676208496,10.570314407348633,3.1004467606544495,0.9994102865457535,0.0009765625,0.0013156688946764916,0.03382064402103424,0.4211030602455139,29.32591438293457,2.460121413852903,0.5893564877494435,0.22288778424263,0.21650330722332,0.23175542056560516,858.4594486630217,,,,,,,
586,1200128,420.05245914449216,467.21019050607504,1001.0,5.606579920806843,0.5612903817762936,1.1650660963121953,-0.0020090092439204454,21.5806884765625,10.78833532333374,3.069491744041443,1.0003420114517212,0.00146484375,0.0004276104082236998,0.012976691126823425,0.5850786045193672,30.274546146392822,2.4677530690823914,0.5914098573101886,0.22278612852096558,0.2164539247751236,0.23175238072872162,853.4366272576095,,,,,,,
587,1202176,447.7340242061538,467.3827502577551,1001.0,4.977553819160108,0.5332743598664385,1.0971706532528493,-0.0006115027354098856,29.069718837738037,14.534247875213623,3.0990861654281616,1.0004521608352661,0.001953125,0.00011578529665712267,0.02209770679473877,0.44148796051740646,35.42387676239014,2.4611116730666254,0.5846119419512825,0.22271820902824402,0.21640612185001373,0.23172356188297272,848.7335233377856,,,,,,,
588,1204224,437.0089623006686,467.89334620334347,1001.0,5.115656648304677,0.5440898223108286,1.1129904718177943,-0.0011190542136318982,24.491960048675537,12.244860887527466,3.087284505367279,0.9991263747215271,0.0023193359375,0.0016403383488068357,0.03660470247268677,0.39209454506635666,33.56956195831299,2.4539737769955536,0.5800708837303544,0.2226516157388687,0.21633347868919373,0.23156459629535675,854.7897058693037,,,,,,,
589,1206272,386.71814829012504,466.53282344890766,1001.0,6.072491824847986,0.5930762421297483,1.2142418430979423,-0.0037967179669067264,11.589181661605835,5.790794134140015,3.101403832435608,1.0010217130184174,0.0159912109375,0.0009798992978176102,0.030647262930870056,0.6071464419364929,22.35782480239868,2.4599332064244663,0.5897949809796131,0.22261440753936768,0.21624231338500977,0.23137769103050232,817.7619166040422,,,,,,,
590,1208320,408.413231796343,465.311142301868,1001.0,5.6292100902019016,0.5718570003605862,1.168431479588017,-0.002543143054936081,16.23514699935913,8.115030407905579,3.0840863585472107,1.0014556050300598,0.010986328125,0.00041835872980300337,0.045030951499938965,0.4836147055029869,26.851333141326904,2.4655351333349245,0.5871896713322942,0.22261622548103333,0.21613337099552155,0.23122774064540863,853.2006830238523,1.1440340510698925,1.2196572959249385,0.2794121838537944,1.6095576253034716,0.0,0.0,1.0
591,1210368,435.80078020369876,464.2731992806587,1001.0,5.1660376678988325,0.5452653681367998,1.1187814371681117,-0.001994746271520853,21.551308631896973,10.773659706115723,3.1209323406219482,1.0018417835235596,0.01025390625,-0.00020977805252186954,0.05020013451576233,0.4342442527413368,30.457467079162598,2.4581604796112515,0.5838990802920037,0.22258999943733215,0.21599876880645752,0.23103249073028564,849.2007210229907,,,,,,,
592,1212416,435.243071123082,463.2180905489063,1001.0,5.231551899087149,0.5461628626150238,1.1256229111762603,-0.0028403186006471515,20.48906946182251,10.241694211959839,3.0900577902793884,0.9995246678590775,0.005859375,0.0016705971502233297,0.06066332757472992,0.7537126541137695,27.88577175140381,2.4641595501743723,0.5811405347305846,0.22254303097724915,0.21581843495368958,0.2308916300535202,842.8885853062473,,,,,,,
593,1214464,442.8602381164478,462.7714905408847,1001.0,5.083754397772218,0.5382451394948738,1.108021648815055,-0.000942362705245614,26.70315456390381,13.350634813308716,3.107989549636841,0.9999930560588837,0.00244140625,0.001045119424816221,0.03558792173862457,0.45870666205883026,34.89795970916748,2.4589845070877345,0.5724667350954276,0.22247175872325897,0.21565574407577515,0.2306656390428543,842.5249826369693,,,,,,,
594,1216512,425.83191565664504,461.6055431279285,1001.0,5.345477693932063,0.5551408910864502,1.136355640571333,-0.0011807511327788234,20.238496780395508,10.118067502975464,3.0843528509140015,1.0003331899642944,0.0054931640625,0.0009503933106316254,0.0473099946975708,0.47156351804733276,29.533263683319092,2.464864792273147,0.5797325766138554,0.22242477536201477,0.21562109887599945,0.23042847216129303,834.3691763874821,,,,,,,
595,1218560,402.40305358999797,460.37997055356595,1001.0,5.79638052366252,0.5783799833937324,1.1839618183047624,-0.0012741789687424898,10.966599464416504,5.482025623321533,3.09901624917984,1.000983566045761,0.014404296875,0.0010488586412975565,0.06739535927772522,0.42249713838100433,20.571845054626465,2.4602054473216413,0.5768574861292,0.22233588993549347,0.2156148999929428,0.23011425137519836,840.1614177516458,,,,,,,
596,1220608,372.52777169846416,457.9954593898836,1001.0,6.580120411610932,0.6072503757273917,1.262974274169898,-0.0028163957176730037,5.124470949172974,2.559419095516205,3.1091268062591553,0.999385416507721,0.025390625,0.003260618570493534,0.07792538404464722,0.5332593694329262,12.351346731185913,2.4647209264949197,0.5832542668129566,0.22224998474121094,0.21564693748950958,0.22983334958553314,848.7932545699865,,,,,,,
597,1222656,349.3870127904935,454.8746151402086,1001.0,7.032607430605211,0.6292252132935245,1.3083334192359286,-0.00022187922149896622,2.417372405529022,1.2084643244743347,3.0938156247138977,0.9994199573993683,0.0052490234375,0.0020395668398123235,0.10649089515209198,0.36050280183553696,1.2640070915222168,2.4614825527532957,0.5757995272300024,0.2222176343202591,0.2156509906053543,0.22958910465240479,839.5223332387787,,,,,,,
598,1224704,357.95393807007275,451.707377065812,1001.0,6.958066833580329,0.6205885009235788,1.3008407968775892,-0.001052368781529367,3.5670323967933655,1.7824638485908508,3.0758053064346313,1.0004051625728607,0.0037841796875,0.0007568565051769838,0.10453961789608002,0.3394905775785446,1.6359148919582367,2.460892365925247,0.5761492984779376,0.22216306626796722,0.21561776101589203,0.22940629720687866,849.9378433363756,,,,,,,
599,1226752,353.93832280699837,448.74303142190286,1001.0,7.069830775518014,0.6247984296200957,1.3112866496414959,-0.0024155580904334784,3.3879117369651794,1.6915403306484222,3.0726566910743713,0.999489888548851,0.0142822265625,0.0024362434342037886,0.09085993468761444,0.5004152283072472,2.1821670830249786,2.461356621381128,0.5804049799378594,0.22209811210632324,0.21573567390441895,0.22922757267951965,855.102654026529,,,,,,,
600,1228800,376.39773924065724,445.9261279780133,1001.0,6.308570530038047,0.6027154660008681,1.2365680179972918,-0.0002748854458332062,5.9928998947143555,2.9961750507354736,3.080232620239258,1.0006895065307617,0.002685546875,0.0004017556784674525,0.057138487696647644,0.3912578225135803,14.035498142242432,2.4633508688712027,0.5762702595351716,0.22208930552005768,0.21591922640800476,0.22917532920837402,834.5128440286567,1.2225943344356867,1.2789231964536363,0.3170956663578592,1.6886089297806124,0.0,0.0,1.0
601,1230848,373.979477891586,443.1062277939891,1001.0,6.437470004700123,0.6054554307128133,1.2478171417081483,-0.0021363311680033803,6.337203741073608,3.1664655208587646,3.070361912250519,1.0017481744289398,0.00439453125,-0.0006345397705445066,0.004975438117980957,0.4354068264365196,14.967365264892578,2.4704532729665516,0.5702522819184815,0.22210869193077087,0.2159488946199417,0.22919395565986633,850.3202172650437,,,,,,,
602,1232896,382.79550610260844,440.29475434187117,1001.0,6.245806340237291,0.5967149039028401,1.2300071607876746,-0.0003346323501318693,5.785936594009399,2.892633616924286,3.099439799785614,0.9984587132930756,0.00390625,0.0028621379315154627,0.08559979498386383,0.2776692360639572,13.270735740661621,2.4629597896419,0.5789304800046879,0.22212767601013184,0.21595115959644318,0.22923319041728973,837.0609333126326,,,,,,,
603,1234944,387.85795761545364,438.2912885896609,1001.0,6.366410311183568,0.5916487889906783,1.2412388626418134,-0.0016015440924093127,5.228304028511047,2.612550437450409,3.0785911083221436,0.9996448457241058,0.002685546875,0.0013970070431241766,0.10642489790916443,0.34277112036943436,9.772119283676147,2.4597219442221103,0.5778438984553852,0.22214409708976746,0.21595841646194458,0.22916999459266663,834.4869813647757,,,,,,,
604,1236992,354.51959518966714,435.69968845728187,1001.0,6.83631007375585,0.6244154028325484,1.286238760012441,-0.003063914249651134,2.3409111499786377,1.1673916578292847,3.0915367603302,0.9986904412508011,0.0211181640625,0.0036311678413767368,0.1358921378850937,0.5579908192157745,8.675207138061523,2.464292834236403,0.5740450627856035,0.22214525938034058,0.21595829725265503,0.22902615368366241,865.5442154600006,,,,,,,
605,1239040,346.75265628673935,432.7071252052834,1001.0,7.178363675220777,0.6328466399148933,1.3185555971277878,-0.002184604061767459,1.7107927799224854,0.8532117903232574,3.0774070024490356,0.9964742958545685,0.0455322265625,0.007351678126724437,0.1468297690153122,0.5675950050354004,4.002760291099548,2.4611201780935517,0.57459809612759,0.22212646901607513,0.2159317284822464,0.228887677192688,824.5121022605541,,,,,,,
606,1241088,335.171382112619,429.1800102584704,1001.0,7.239112297947002,0.6426904690396319,1.323522613426698,-0.0010957454796880484,1.1147626042366028,0.5562855750322342,3.085813879966736,1.0000237673521042,0.0223388671875,0.002474176828400232,0.17268283665180206,0.380380742251873,0.9700510799884796,2.4639309253980173,0.5756535558324228,0.2221175730228424,0.21591787040233612,0.228779137134552,806.1863106487876,,,,,,,
607,1243136,321.16999267835956,425.08025763784406,1001.0,7.919622252730738,0.6569040868790792,1.385615992496335,-0.003052463463973254,2.4321051239967346,1.2130001187324524,3.0975614190101624,1.0008194148540497,0.004638671875,0.00037953551509417593,0.12043212354183197,0.5222600921988487,6.93767237663269,2.4646747454535216,0.5714064614626213,0.22213666141033173,0.21597744524478912,0.22866840660572052,825.8051233321112,,,,,,,
608,1245184,306.54472568501643,420.06895518686457,1001.0,8.32355908899707,0.6713068620060447,1.4204495436136269,-0.0015270354924723506,2.4802969098091125,1.2386214137077332,3.08644837141037,1.0009103417396545,0.0067138671875,0.0003723544505191967,0.10283863544464111,0.3974141776561737,8.192807674407959,2.462588328300626,0.5772280867293682,0.22216050326824188,0.21597811579704285,0.22868536412715912,836.2415395459341,,,,,,,
609,1247232,294.5419129692152,414.0344121656727,1001.0,8.830867258132312,0.6829110152748747,1.4611763213117044,-0.002618343918584287,1.6089978218078613,0.8018805533647537,3.0619384050369263,0.9995624274015427,0.02099609375,0.002757768234005198,0.29420454800128937,0.5064534768462181,6.190519690513611,2.4673779625445604,0.565895075001619,0.22216880321502686,0.21596112847328186,0.22857841849327087,851.4718009805379,,,,,,,
610,1249280,298.5557281934987,408.69150884730936,1001.0,9.262309827122166,0.6791741406678282,1.4984350141916525,-0.002830140816513449,4.684632658958435,2.339486241340637,3.109366714954376,0.9989264160394669,0.0850830078125,0.006959373567951843,0.1942911446094513,0.6471292972564697,12.548424243927002,2.4627873816061765,0.5769458689879299,0.2221527397632599,0.2159096747636795,0.2283770889043808,848.8768072014634,1.6246652796598793,1.6759928429892161,0.48171261695000417,1.4512568615474997,0.0,0.0,1.0
611,1251328,256.4155495885083,401.7822034587471,1001.0,10.845580203429172,0.7203881602689242,1.6231249001420227,-0.0013518534251488745,9.699125289916992,4.84821081161499,3.0917993783950806,0.9996313750743866,0.0047607421875,0.0016529742279089987,0.04349932074546814,0.44517527520656586,21.357431888580322,2.470489410974551,0.5814637343676408,0.22214442491531372,0.21580719947814941,0.22811876237392426,836.4732481918678,,,,,,,
612,1253376,278.8516574572752,396.4053048912665,1001.0,10.570492526856881,0.6976105452621816,1.6033494281088734,-0.002836826955899596,9.967987298965454,4.981156826019287,3.092460513114929,0.9989612847566605,0.0172119140625,0.0031200445082504302,0.1171254962682724,0.49692872911691666,21.062634468078613,2.4676340194273507,0.5749952173241326,0.2220887392759323,0.215617373585701,0.2278253138065338,844.2693334028066,,,,,,,
613,1255424,232.89544779298728,390.4551194943126,1001.0,12.795969241445407,0.7423292085407596,1.7666617393853854,-0.002098857134114951,15.79707646369934,7.896439433097839,3.086404502391815,1.0037093758583069,0.059814453125,0.0008644595800433308,-0.20487502217292786,0.5094455853104591,27.475500106811523,2.4712287352449493,0.5697573707689881,0.2220171093940735,0.21546025574207306,0.2275463193655014,843.4461674246062,,,,,,,
614,1257472,244.65212705903153,385.21522138475166,1001.0,12.41901557591924,0.7307104654948078,1.739868906210327,-0.0022017424926161766,14.561757802963257,7.278677225112915,3.062772750854492,0.999837726354599,0.003173828125,0.00110019973362796,-0.4727771580219269,0.6947927623987198,22.623534679412842,2.462202305046958,0.5682892154489325,0.22195373475551605,0.2154097855091095,0.22730356454849243,848.1162451975673,,,,,,,
615,1259520,236.78564444019275,380.68621221645407,1001.0,12.738474805482067,0.7388018406786054,1.7620850992817623,-0.0013525121030397713,14.976733446121216,7.487014293670654,3.082848846912384,0.9988000243902206,0.0648193359375,0.005942564210272394,-0.6405914723873138,0.9565272778272629,20.411158561706543,2.46492468471115,0.5848980309089046,0.22191235423088074,0.2153807133436203,0.22711041569709778,847.5523230209388,,,,,,,
616,1261568,226.37684212514594,376.25187655898173,1001.0,14.460714673992573,0.749498629415762,1.8808408592605803,-0.0022028074017725885,18.246596813201904,9.121095418930054,3.0942971110343933,1.0015375018119812,0.04150390625,0.001894335015094839,-0.3760371804237366,0.534854106605053,30.434011459350586,2.465899728151271,0.570833160599947,0.2219051718711853,0.21539348363876343,0.22699159383773804,845.0604416068476,,,,,,,
617,1263616,237.85820135199293,372.38664636673593,1001.0,14.898887324334373,0.7374946455827718,1.9101449889169877,-0.0022377981804311275,18.246171474456787,9.120847940444946,3.099904954433441,0.9998952001333237,0.0166015625,0.002156723407097161,-0.50553759932518,0.3981061205267906,26.56879997253418,2.470179950891179,0.5752352552120243,0.22193685173988342,0.2154766321182251,0.22690975666046143,834.3739177258791,,,,,,,
618,1265664,206.834623350117,368.27115059503484,1001.0,15.944719207803809,0.7676627100754534,1.9781532842870087,-0.0015190645353868604,18.612667083740234,9.304814577102661,3.111165165901184,1.0009775161743164,0.0279541015625,0.0015693146415287629,-0.6328771412372589,0.6072500348091125,25.9937686920166,2.4648899259773316,0.5694495506479353,0.22194334864616394,0.21553446352481842,0.22684668004512787,835.6411500457762,,,,,,,
619,1267712,212.6028391252084,364.197953785636,1001.0,14.793477097304462,0.7618412690816616,1.9051446443507878,-0.0018276094924658537,18.71292018890381,9.354632377624512,3.099268615245819,1.0002316236495972,0.01513671875,0.0016912395221879706,-0.7023434340953827,0.6007721275091171,28.140676021575928,2.4653544343309477,0.576267143279658,0.22191010415554047,0.2155439853668213,0.22675134241580963,857.5948030240779,,,,,,,
620,1269760,215.76141687736953,359.7902724114854,1001.0,15.551669550406562,0.7591189587016443,1.9548847470398347,-0.0017011939780786633,18.895860195159912,9.446228742599487,3.082426071166992,0.9984179884195328,0.029541015625,0.004399839890538715,-0.8141262829303741,0.5228109136223793,25.6988263130188,2.465722232591361,0.5664221035805251,0.2218988686800003,0.2154885083436966,0.226706400513649,849.6574785930667,2.0045954595007767,2.2428008717984156,0.3368250181533561,1.2978175004534895,0.0,0.0,1.0
621,1271808,241.3770165958219,356.47351064074394,1001.0,15.427208191774724,0.7338022498834998,1.9479952979209203,-0.0015418685507029295,19.710904598236084,9.853910446166992,3.083310067653656,0.9993265718221664,0.022705078125,0.0029929287848062813,-0.42519044876098633,0.37932170182466507,31.370361804962158,2.4596920016774675,0.5782176170234471,0.22190555930137634,0.2154071033000946,0.22670480608940125,850.9134761620227,,,,,,,
622,1273856,227.18603558130488,353.40395857653607,1001.0,15.097425706293766,0.7481875307659587,1.9275998285066553,-0.003156998776830733,16.752418279647827,8.37305212020874,3.0928706526756287,1.0022671818733215,0.0264892578125,0.00012198655167594552,-0.5651738047599792,0.5109082236886024,27.68457555770874,2.460997882328229,0.5767193898755024,0.22190840542316437,0.2152807116508484,0.22663617134094238,861.858321246471,,,,,,,
623,1275904,209.2523172839213,349.60466980907654,1001.0,15.345824625625507,0.7657573207429818,1.943557999092255,-0.0020781541243195534,16.81828236579895,8.407063007354736,3.0816426277160645,0.9983367025852203,0.02880859375,0.0044519971997942775,-0.7433286607265472,0.5594973862171173,27.597777366638184,2.462220195797272,0.569969739394365,0.22188681364059448,0.21519410610198975,0.22646872699260712,816.6309463335405,,,,,,,
624,1277952,254.57025702591878,346.59246358345314,1001.0,12.542655159674545,0.7209266447877561,1.7539500654969469,-0.0018435348174534738,11.881259679794312,5.938786149024963,3.0948935747146606,1.0006739497184753,0.0361328125,0.002562034147558734,0.022496715188026428,0.6193396151065826,26.585452556610107,2.4706058234296506,0.5780955353184348,0.22187769412994385,0.2151506096124649,0.2264048308134079,851.1270577329191,,,,,,,
625,1280000,262.8521377567844,342.3928211084403,1001.0,11.178147297822463,0.71362070168044,1.655897984879659,-0.0029204670572653413,7.447051644325256,3.7206053733825684,3.0719469785690308,1.0000523924827576,0.0528564453125,0.004055235200212337,-0.08063024282455444,0.5313019081950188,14.63271951675415,2.459057519430644,0.5782700156613545,0.22186851501464844,0.21513183414936066,0.22644782066345215,834.873294084754,,,,,,,
626,1282048,264.32646166202824,338.4024376140317,1001.0,10.836178081954984,0.711924988996436,1.6302818908360586,-0.0028647746657952666,5.114973306655884,2.5546218752861023,3.082958698272705,0.9987836927175522,0.0347900390625,0.004363519954495132,0.07333655655384064,0.6036693081259727,10.317341804504395,2.465118637002888,0.5802163773789857,0.2218329757452011,0.21510352194309235,0.22646816074848175,845.6104715507958,,,,,,,
627,1284096,287.00846414894454,336.09925912394436,1001.0,9.672281463491464,0.6898757328992631,1.5393641592995089,-0.003656066779512912,2.8579538464546204,1.4253208339214325,3.0741389989852905,0.9973716586828232,0.0718994140625,0.007827403460396454,0.41269451379776,0.5290715806186199,2.304003983736038,2.4634484738926403,0.5810125756297823,0.22176948189735413,0.2150612324476242,0.22641697525978088,844.7507139489816,,,,,,,
628,1286144,317.263493827728,334.486126467056,1001.0,8.129089746780348,0.6604300571844498,1.410704999211044,-0.0018634161970112473,2.105285733938217,1.0507794469594955,3.0755372643470764,1.0030066668987274,0.031005859375,5.848269211128354e-07,0.5635216534137726,0.49667979776859283,8.703819751739502,2.4570123472221894,0.5772125076077375,0.22169551253318787,0.2150549590587616,0.22630675137043,857.3745073421265,,,,,,,
629,1288192,352.7355259744081,333.5576687893575,1001.0,7.46784919923989,0.6261139155403661,1.349301995930041,-0.0029780069598928094,4.979956269264221,2.4870001077651978,3.0612327456474304,1.0002220571041107,0.025390625,0.0023808580153854564,0.6118703484535217,0.6038258522748947,16.421194076538086,2.4639868223894155,0.5874010897737603,0.22163617610931396,0.21502356231212616,0.2262127846479416,806.0917455286631,,,,,,,
630,1290240,392.7354630562277,333.09930989644795,1001.0,6.1788146661481855,0.5866998257370505,1.2273070031277507,-0.0032230879296548665,9.9040367603302,4.948795437812805,3.101167917251587,1.0036714673042297,0.0489501953125,0.00016613653860986233,0.4852958619594574,0.5006862431764603,22.23735237121582,2.460109758860199,0.5785245820887175,0.22159524261951447,0.21503035724163055,0.22613735496997833,849.9436842589123,1.17631080342522,1.2681634762027822,0.2710898585516832,1.1558157679311645,0.0,0.0,1.0
631,1292288,417.93820285253406,333.45241904119285,1001.0,5.625402135235587,0.5617817719640943,1.169298648507973,-0.0020854754839092493,18.956940174102783,9.47638487815857,3.067566454410553,0.9998414516448975,0.030029296875,0.0030147400102578104,0.33734945952892303,0.44663523882627487,31.36550998687744,2.460157351815724,0.5823125357676858,0.22165068984031677,0.21515733003616333,0.22617413103580475,832.981111053477,,,,,,,
632,1294336,459.057371991748,334.6660360604663,1001.0,4.864290224446315,0.5226371041043625,1.08608922757626,-0.0026622172445058823,33.818307876586914,16.90649175643921,3.0591970086097717,0.9985132366418839,0.01708984375,0.0037083700735820457,0.2400989532470703,0.46721771359443665,41.72755813598633,2.4588366948300973,0.5755949141567607,0.22170156240463257,0.2152254432439804,0.22620916366577148,827.4194875538949,,,,,,,
633,1296384,460.4237446916534,335.8246015271545,1001.0,4.758382612222743,0.5207350488555388,1.0747470889020787,-0.0011349437991157174,36.697489738464355,18.347609519958496,3.083986282348633,1.0004451870918274,0.01025390625,0.0013007344823563471,0.1655585616827011,0.36656539887189865,44.05393314361572,2.45669824910874,0.5839990928216475,0.22170110046863556,0.21520373225212097,0.22619277238845825,833.1969349673861,,,,,,,
634,1298432,495.381116402269,337.4334682666474,1001.0,4.2735948791461755,0.4866167572339512,1.0166496199592463,-0.0022601874079555273,56.83095073699951,28.413215160369873,3.0587596893310547,0.9984264820814133,0.0159912109375,0.0036706152459373698,0.12324894964694977,0.5502216294407845,53.752424240112305,2.461502021367778,0.5860667760250355,0.22171276807785034,0.21516984701156616,0.22620172798633575,844.8507745813421,,,,,,,
635,1300480,526.1161666567389,339.42835456869926,1001.0,3.82707720522508,0.4573854945308335,0.9621705860224247,-5.984216113574803e-05,74.74685668945312,37.373369216918945,3.103427469730377,1.0011632442474365,0.0037841796875,3.9853082853369415e-05,0.08878932893276215,0.3785220757126808,59.392123222351074,2.458350509288721,0.5850843535994482,0.22173118591308594,0.21509253978729248,0.2262931615114212,828.8706436703469,,,,,,,
636,1302528,498.8448028270234,341.0042014423498,1001.0,4.274698556610951,0.4837520392447688,1.016505463966998,-0.0023230004590004683,61.70734119415283,30.85134744644165,3.068120062351227,0.998333677649498,0.0028076171875,0.002723154131672345,0.042521387338638306,0.44572045654058456,56.1166467666626,2.467433048353996,0.5809476102540175,0.22179961204528809,0.21514222025871277,0.22648347914218903,838.6432174009275,,,,,,,
637,1304576,546.9957155527871,342.98943526928247,1001.0,3.6025994654573146,0.43606479612565896,0.9323140378015455,-0.0031299060210585594,88.07452011108398,44.03413009643555,3.0714200735092163,1.000127524137497,0.00732421875,0.001244173210579902,0.0576619952917099,0.5344654396176338,66.58015251159668,2.4587011099793017,0.5875483470115721,0.2218877375125885,0.2152739316225052,0.22668863832950592,854.7980679313763,,,,,,,
638,1306624,531.1078324918064,344.8714126731053,1001.0,3.7788264798824134,0.45215627665324676,0.9564721552372875,-0.002143314224667847,72.07666206359863,36.036187171936035,3.0906118750572205,1.0001592934131622,0.00537109375,0.001099369372241199,0.08769996464252472,0.4361061155796051,58.598257064819336,2.459091656084638,0.5912486719990284,0.221956267952919,0.21552838385105133,0.2269016057252884,856.2737470535127,,,,,,,
639,1308672,532.3898642905693,347.7848469931142,1001.0,3.901440068925507,0.4509622288641376,0.9708927363261418,-0.0010837470181286335,79.14005661010742,39.56894397735596,3.0367153882980347,1.0009400248527527,0.0028076171875,1.569245068822056e-05,0.04969410598278046,0.3017905652523041,62.032137870788574,2.4664194185170345,0.5855559207906789,0.22200395166873932,0.21580703556537628,0.2269694209098816,843.1071976070583,,,,,,,
640,1310720,539.159489177948,350.3997721407463,1001.0,3.743678354394628,0.443928725962495,0.9516229689925485,-0.0012317195069044828,82.23475456237793,41.116146087646484,3.063975691795349,0.99879589676857,0.000732421875,0.001830613473430276,0.044173091650009155,0.3505098298192024,63.816322326660156,2.4597583231225144,0.5928841762432024,0.222044438123703,0.21603919565677643,0.22703547775745392,847.3338940848595,0.9483190240352294,1.0979766133929325,0.36477822705242635,1.2319672485411464,0.0,0.0,1.0
641,1312768,558.7516160663622,352.8587888579995,1001.0,3.4675237902495337,0.4249160150190644,0.9160574789199158,-0.001838020223658532,87.87518501281738,43.93575477600098,3.082861840724945,0.9999604970216751,0.0013427734375,0.000758040085202083,0.05580158531665802,0.5974381044507027,63.8454475402832,2.4611879066214897,0.5914975557346571,0.22204303741455078,0.2161426991224289,0.2270224541425705,854.8393133687731,,,,,,,
642,1314816,560.3893082456201,355.3617136004503,1001.0,3.68998716967953,0.42371381888858944,0.9418848681304948,-1.6598030924797058e-05,99.65200805664062,49.825987815856934,3.1109185218811035,0.9999905973672867,0.0,0.0004484435048652813,0.020771175622940063,0.48174457997083664,70.5019359588623,2.4688155593466945,0.5891562570103479,0.2220657467842102,0.21629926562309265,0.22709646821022034,851.0600413253811,,,,,,,
643,1316864,552.5636424431259,357.55578168698395,1001.0,3.5677813695830176,0.4312894817094224,0.9288059284929436,-0.0005219710874371231,88.51499557495117,44.256975173950195,3.106459379196167,1.0005057752132416,0.0001220703125,-0.0001497051416663453,0.06051594018936157,0.4150826930999756,63.94075679779053,2.46167965020868,0.5793660675885233,0.2221064567565918,0.21650879085063934,0.22723683714866638,841.8293611994708,,,,,,,
644,1318912,575.6101168979062,360.5513457118091,1001.0,3.2889379964192393,0.4087144305920986,0.8914896209707792,-0.0004518860951066017,107.23021125793457,53.61465358734131,3.0848538279533386,0.9998316317796707,0.0,0.00046595800085924566,0.03151053190231323,0.5653425753116608,72.01177978515625,2.4604483376751887,0.5841000003821267,0.22210510075092316,0.2166883647441864,0.22727146744728088,859.5635675442877,,,,,,,
645,1320960,543.0356681875171,363.36399800375955,1001.0,3.7331169178644856,0.440801948818197,0.9492217569704681,-0.0003496580757200718,90.6585693359375,45.328935623168945,3.0825344920158386,1.0006985664367676,0.000244140625,-0.00044576374057214707,0.008608207106590271,0.4182349890470505,66.3647689819336,2.4661615943332436,0.6017116131914222,0.2220429927110672,0.21667733788490295,0.22726522386074066,851.599144286685,,,,,,,
646,1323008,568.206012558663,367.27756282096345,1001.0,3.3441287752416544,0.4157711465021523,0.9003137277466225,-0.0025689779431559145,90.63415908813477,45.314510345458984,3.084156334400177,0.9980861097574234,0.000732421875,0.0027223016222706065,0.03301660716533661,0.4528948813676834,65.5637035369873,2.4570976528484607,0.5895022762083563,0.22193577885627747,0.21650321781635284,0.22723114490509033,834.7753384378881,,,,,,,
647,1325056,581.8735107410315,371.9272927799742,1001.0,3.2001591849427515,0.4021389780154887,0.8791026700012164,-0.00036552350502461195,106.13360977172852,53.06643867492676,3.075066328048706,1.0002095103263855,0.0008544921875,0.0005465934664243832,0.03478962182998657,0.36220167577266693,71.51098251342773,2.462089622320491,0.5937312295992141,0.22179722785949707,0.21630528569221497,0.22717516124248505,848.1547734637209,,,,,,,
648,1327104,596.1390708359618,376.69099543529205,1001.0,3.011838433637964,0.38858948352170314,0.8521742863503389,-0.00038176379166543484,116.77774047851562,58.388487815856934,3.125394582748413,1.0002900660037994,0.0003662109375,0.00018124486086890101,0.02649475634098053,0.3165833130478859,74.51691627502441,2.4600465836847434,0.5800292127754428,0.22170528769493103,0.21615545451641083,0.22714412212371826,849.2990872930828,,,,,,,
649,1329152,593.8500940797073,381.48923086074626,1001.0,3.035713916625731,0.3909087553824853,0.8559371991237659,-0.002269589458592236,111.61752128601074,55.806490898132324,3.0801491141319275,1.000290647149086,0.00048828125,0.0005564532475546002,0.025306880474090576,0.6151929944753647,73.26959228515625,2.459352710895473,0.581671635621403,0.22164668142795563,0.21600525081157684,0.2270974963903427,861.2368058935676,,,,,,,
650,1331200,545.3352370973128,384.8679808178793,1001.0,3.5787971831461096,0.4380023141469733,0.9313483052199399,-0.001199565245769918,76.00520896911621,38.001404762268066,3.0841082334518433,0.9992569535970688,0.0050048828125,0.002171387124690227,0.02945798635482788,0.4144244119524956,60.60670852661133,2.4630868522508536,0.5855357011923596,0.22156238555908203,0.2157866358757019,0.22706294059753418,858.8043806349649,0.9583925270223648,1.055815023183314,0.26974825455444107,1.2690092821257302,0.0,0.0,1.0
651,1333248,527.2033699770323,387.93245865958824,1001.0,3.856424652799941,0.4558084625156565,0.9678134637617145,-0.0014972303761169314,61.37762260437012,30.6873140335083,3.0857573747634888,1.0011551976203918,0.0008544921875,-0.0005349662096705288,0.036965370178222656,0.5752636939287186,52.5787935256958,2.4615413151332177,0.5771259857281505,0.22148877382278442,0.21561259031295776,0.22710947692394257,857.627103819271,,,,,,,
652,1335296,552.3274061256606,391.32309666004926,1001.0,3.473561764512625,0.43153209456450886,0.9172937316175633,-0.001580441603437066,81.63646125793457,40.816649436950684,3.0759794116020203,1.000858187675476,0.005615234375,0.000481626222608611,0.023551076650619507,0.33319469541311264,63.29725742340088,2.4553208857687423,0.5856006783746602,0.22146132588386536,0.21556244790554047,0.22715239226818085,831.5527371996754,,,,,,,
653,1337344,578.5839802401993,395.13761711254415,1001.0,3.148214884938903,0.4058648206690044,0.8727446070147822,-0.00010460847988724709,105.65421104431152,52.82700157165527,3.0746432542800903,1.0002228021621704,0.0,0.00011380531941540539,0.01577797532081604,0.29784949868917465,72.1854076385498,2.46256912779063,0.5791655674594677,0.2214232236146927,0.21563543379306793,0.22718007862567902,847.0834405293797,,,,,,,
654,1339392,569.9486260459121,399.44619772966917,1001.0,3.2742317761502537,0.41478211931894726,0.8906961535060435,-0.002238455694168806,93.63801383972168,46.816768646240234,3.0618478655815125,1.000402957201004,0.0010986328125,0.00013658043462783098,0.014427900314331055,0.5817672461271286,66.80126190185547,2.4551283360342495,0.5856472639645603,0.22140702605247498,0.2158280462026596,0.2271849364042282,834.3261624556279,,,,,,,
655,1341440,560.5652611271295,403.72244982647686,1001.0,3.3502137722398335,0.4232263362426788,0.901790422332755,-0.0011793901212513447,83.89419364929199,41.94591808319092,3.073491334915161,0.999945193529129,0.0048828125,0.0010525852994760498,0.022358715534210205,0.384884350001812,63.21065807342529,2.461128754730453,0.5838496833976216,0.22144287824630737,0.21601533889770508,0.22732913494110107,855.9158071431049,,,,,,,
656,1343488,562.4077462584205,408.26717710939295,1001.0,3.364879494921702,0.42136621351128156,0.9024722719026645,-0.002196021960116923,90.2905330657959,45.143070220947266,3.0598236322402954,1.0005711615085602,0.0037841796875,0.0002942863357020542,0.012945473194122314,0.413167379796505,67.33588790893555,2.4604161585884867,0.5863227740753234,0.2215098887681961,0.2161640077829361,0.22744472324848175,854.434082604367,,,,,,,
657,1345536,509.0536978527117,412.02485121288004,1001.0,3.9578207525470597,0.4732693999017273,0.9810487664042865,-0.00226297986228019,55.39506149291992,27.695268154144287,3.0834327340126038,1.0011444091796875,0.0045166015625,-0.00016987218987196684,0.025957003235816956,0.3510926514863968,51.63965034484863,2.4640740767645184,0.5824024168786557,0.2215317189693451,0.21627551317214966,0.22738027572631836,854.31838378758,,,,,,,
658,1347584,500.63653565939717,415.90668741236755,1001.0,4.181717882729911,0.48168447901654404,1.0080615092546568,-0.002922771847806871,46.66438102722168,23.329267978668213,3.0665327310562134,1.0010334253311157,0.007080078125,0.0002203309122705832,0.023660391569137573,0.5654857307672501,46.796714782714844,2.4640630680369213,0.5782996062722022,0.2215193808078766,0.2162836343050003,0.22731272876262665,830.5450988778076,,,,,,,
659,1349632,491.0848942811894,419.83754703860706,1001.0,4.22466511247828,0.4906128242809202,1.014946795289864,-0.00015002512373030186,37.271711349487305,18.63570547103882,3.0694028735160828,0.9991859644651413,0.0023193359375,0.0018218795448774472,0.041738346219062805,0.3932896852493286,41.43173313140869,2.4593021400651196,0.5713040067991118,0.22149641811847687,0.2162025421857834,0.22729277610778809,853.51109942368,,,,,,,
660,1351680,454.72416401427904,422.9609157550226,1001.0,4.785114803338121,0.5260680369183071,1.081079950558378,-0.0015391843626275659,21.160656452178955,10.578788995742798,3.0905855894088745,1.000521719455719,0.0008544921875,-9.584910003468394e-05,0.05550582706928253,0.4310963824391365,29.439371585845947,2.463205123669468,0.5802200451362278,0.22147932648658752,0.21613554656505585,0.22727009654045105,868.7452704340465,1.1142478097137278,1.1942937490592884,0.28357963291924093,1.3473606852382738,0.0,0.0,1.0
661,1353728,435.97848862239374,426.55217453570026,1001.0,5.150950244483286,0.544976644477462,1.1210895004506891,-0.001916830544359982,17.424872875213623,8.710519313812256,3.078888237476349,1.0004480481147766,0.00390625,0.0003158897307002917,0.030970945954322815,0.3878435492515564,28.617942333221436,2.4629571036057314,0.5960946753069902,0.2214566171169281,0.21602681279182434,0.22722899913787842,864.3570160605509,,,,,,,
662,1355776,422.367306806161,429.42248752267807,1001.0,5.435793225722783,0.5575267977778793,1.1520684110363355,-0.001550479093566537,11.06863522529602,5.532767176628113,3.0691105723381042,1.0005093216896057,0.0001220703125,-2.6678942958824337e-05,0.05675254762172699,0.4631527066230774,21.608222484588623,2.4671351831639186,0.5861442905899042,0.22146552801132202,0.21600031852722168,0.2272469401359558,847.9679865525227,,,,,,,
663,1357824,423.8990047101638,433.2425586610215,1001.0,5.4063754034962175,0.5563049504233406,1.1502273572808521,-0.0011120110284537077,8.502326965332031,4.250051379203796,3.0602851510047913,1.000133216381073,0.0030517578125,0.0008097251411527395,0.09382635354995728,0.37634024024009705,17.856395721435547,2.464106954430463,0.5845034866424288,0.22150444984436035,0.21607226133346558,0.22728103399276733,854.0155312592909,,,,,,,
664,1359872,435.8642203940676,437.0668005277224,1001.0,5.219456511938473,0.5450043374935125,1.1293813140095181,-0.002342444728128612,11.191758632659912,5.593536853790283,3.0808438062667847,1.0006160140037537,0.0042724609375,0.0003675964253488928,0.09236133098602295,0.501667819917202,19.358375072479248,2.4670086599799106,0.5754481299612363,0.22151559591293335,0.21616068482398987,0.22734633088111877,833.8937947243721,,,,,,,
665,1361920,441.3984522657049,441.1590566842326,1001.0,5.033223539551324,0.5389668288920308,1.1082169506842523,0.00011839473154395819,14.29910397529602,7.149670362472534,3.074620246887207,0.9997869729995728,0.0003662109375,0.0007740569562884048,0.08064982295036316,0.3041851744055748,24.381123542785645,2.4622219131415477,0.5828452869201937,0.22149911522865295,0.21620342135429382,0.22740058600902557,850.7804531462939,,,,,,,
666,1363968,476.2813380948551,446.1571466036267,1001.0,4.526035862387409,0.5050200463213812,1.0503817498354182,-0.0011393659515306354,22.62860679626465,11.313163995742798,3.096747040748596,1.0006581544876099,0.0,-0.00022211034956853837,0.0629952996969223,0.4404536485671997,30.249906539916992,2.461074562263093,0.5843383553242366,0.22148960828781128,0.21630510687828064,0.22738026082515717,856.4496613883532,,,,,,,
667,1366016,462.5437018689001,450.65085661396483,1001.0,4.65746766241881,0.5189655047048912,1.0659036687662033,-0.0003678926732391119,22.451350212097168,11.22530722618103,3.105655550956726,1.000599980354309,0.0001220703125,-0.0004558175278361887,0.03586201369762421,0.4974619150161743,33.13966751098633,2.4621358160220552,0.5882165854173779,0.221470445394516,0.21650123596191406,0.2272942066192627,852.9596588141821,,,,,,,
668,1368064,464.9476490954209,455.813117128871,1001.0,4.705033096178388,0.5160306050404466,1.0704931130815125,-0.0005721792695112526,22.858317375183105,11.428586483001709,3.0647634267807007,1.0002966523170471,0.0003662109375,-2.4859575205482543e-05,0.03571493923664093,0.33030394464731216,32.33637714385986,2.4689280347229214,0.5944932411777526,0.2214217483997345,0.2166808843612671,0.22717075049877167,851.2537385389933,,,,,,,
669,1370112,442.2597482567518,460.4062553115018,1001.0,5.0124098850125245,0.5390185949435502,1.1055865613580498,-0.001873333239927888,16.62682867050171,8.311541080474854,3.067114770412445,0.9997987151145935,0.0006103515625,0.0006598965701414272,0.028050497174263,0.4316902458667755,27.88664674758911,2.469708041244303,0.5872231506317825,0.22139987349510193,0.2168123424053192,0.2270868569612503,852.9258572449049,,,,,,,
670,1372160,441.25381697920614,464.91610331353854,1001.0,5.109527261529978,0.5400545951123581,1.116952284667417,-0.001809476176276803,12.164093971252441,6.080237507820129,3.0719845294952393,1.0007396340370178,0.0009765625,-0.00036380632082000375,0.07906712591648102,0.7757384330034256,22.14219903945923,2.462245027680183,0.5885903054897941,0.2213778793811798,0.21687614917755127,0.2270016372203827,828.0047169954297,1.1410923060039635,1.2231503400570414,0.26006485906377635,1.1872642288332076,0.0,0.0,1.0
671,1374208,423.0247175929396,468.54905733348096,1001.0,5.468776847929539,0.5570548366317633,1.1555783316323767,-0.0023936732904985547,10.755574464797974,5.375393629074097,3.0783783197402954,1.0009021759033203,0.0029296875,-0.0002227009244961664,0.07457663118839264,0.4270705059170723,20.9689679145813,2.4683004371472634,0.588433504285192,0.22135595977306366,0.21695365011692047,0.2268589287996292,854.6233648682612,,,,,,,
672,1376256,409.18322483625514,472.1890011185799,1001.0,5.612713471786029,0.5712868189401715,1.170958903421241,-0.0014687854563817382,6.936474084854126,3.466768264770508,3.0719855427742004,0.9997028559446335,0.0025634765625,0.001110796380089596,0.06323359906673431,0.4056207612156868,16.34767770767212,2.465554134119884,0.5858094003287386,0.22134295105934143,0.21701085567474365,0.22676488757133484,862.1107944093965,,,,,,,
673,1378304,399.24802949605055,475.9889153628225,1001.0,5.80517046242907,0.580455420222472,1.1919413204736016,0.00021999678574502468,3.8681508898735046,1.9342954456806183,3.0525001287460327,0.9992433786392212,0.0001220703125,0.0012848563201259822,0.10170257091522217,0.36997518688440323,9.617220640182495,2.4712851056392537,0.5835587403599282,0.22133353352546692,0.2171371728181839,0.22666123509407043,855.748466948051,,,,,,,
674,1380352,426.6316797491528,479.43014381728716,1001.0,5.397933860049191,0.5533025229135122,1.1494028689657145,-0.001875215908512473,7.059785008430481,3.5280173420906067,3.055935263633728,1.000914216041565,0.000732421875,-0.0002263958303956315,0.08252368867397308,0.4164070338010788,14.403046607971191,2.4681230542919366,0.5842342570783285,0.2213091254234314,0.21722589433193207,0.22652824223041534,853.7226721343169,,,,,,,
675,1382400,409.67738699524546,482.3666488020564,1001.0,5.611379599264275,0.5706156259577331,1.172538113361446,-0.0010285692987963557,4.2494083642959595,2.1236756443977356,3.064634144306183,0.9995356202125549,0.001708984375,0.0013210709439590573,0.08382447063922882,0.35607413202524185,8.632289171218872,2.4627170182502596,0.5968079850619302,0.22127754986286163,0.21719515323638916,0.22639045119285583,834.7690831676975,,,,,,,
676,1384448,433.01240053634115,485.7403675795426,1001.0,5.186552540388895,0.5483886333104264,1.127272592611843,-0.001319209230132401,8.710837364196777,4.35409939289093,3.066408634185791,1.0007261335849762,0.00244140625,0.00013745685282628983,0.053552284836769104,0.3960770294070244,18.598388195037842,2.458914396542241,0.5860299446325956,0.22124218940734863,0.21717114746570587,0.22631791234016418,854.8749175182764,,,,,,,
677,1386496,440.9106136901859,488.81841057036746,1001.0,5.009509931397028,0.5399831534745827,1.1072628920055965,0.00016923272050917149,11.31713581085205,5.6587371826171875,3.069948136806488,0.9998598992824554,0.0001220703125,0.00051683078345377,0.05149559676647186,0.27146533876657486,21.670981407165527,2.458214478363516,0.5885377032729534,0.22120583057403564,0.21712476015090942,0.22631171345710754,851.6431548774821,,,,,,,
678,1388544,455.2242913587173,491.57762652098734,1001.0,4.819539314566102,0.5255036323381164,1.0854058610703352,-0.0009102497133426368,14.741746664047241,7.369963049888611,3.0590890049934387,1.0002547800540924,0.0003662109375,-7.75703665567562e-05,0.05876868963241577,0.34764374792575836,24.738443851470947,2.468848435411928,0.5932320392866542,0.22114431858062744,0.21715408563613892,0.22622448205947876,858.5528506552121,,,,,,,
679,1390592,451.633187038345,493.555579742266,1001.0,4.8990303095148455,0.5290750127855894,1.094187271977386,-0.002325180685147643,12.952302932739258,6.473826169967651,3.0507091283798218,0.9992989748716354,0.0047607421875,0.0018602670315885916,0.040637969970703125,0.4603559821844101,23.616514682769775,2.461356780404458,0.5806955425521232,0.221042200922966,0.2172284573316574,0.2260875552892685,868.3381989599534,,,,,,,
680,1392640,427.1385421475515,494.24364132409255,1001.0,5.341775393011077,0.5528942399872325,1.14414166653088,-0.000867751776240766,6.2412943840026855,3.119779407978058,3.0498064160346985,0.9986739754676819,0.011962890625,0.003287102183094248,0.07315193116664886,0.28853069245815277,11.412156581878662,2.4647983310132986,0.5928295320359078,0.22093465924263,0.21702730655670166,0.22604335844516754,856.6061140619933,1.245919598780207,1.3670321045532878,0.26387647095599265,0.9752777576659069,0.0,0.0,1.0
681,1394688,381.5155357531261,493.5151879821044,1001.0,6.172412878012535,0.5979889598605692,1.231847920864407,-0.0012045486364513636,1.6963392496109009,0.8469650745391846,3.07868891954422,1.0007466673851013,0.0,-0.00040575338061898947,0.11658622324466705,0.5439826399087906,0.8106813728809357,2.4655302564933663,0.5904603492353069,0.2209109365940094,0.2169482260942459,0.2261645793914795,835.0413193594775,,,,,,,
682,1396736,378.5625965326298,491.90529247292193,1001.0,6.369721251590794,0.6003861941151156,1.250921172194386,-0.0017319403123110533,2.4255818128585815,1.2110589444637299,3.036260664463043,1.0006662011146545,0.0023193359375,0.0003288341104052961,0.15064102411270142,0.3767998740077019,2.8472644686698914,2.462855496807606,0.595423033424308,0.22090056538581848,0.2169468104839325,0.2262793779373169,852.2413788266165,,,,,,,
683,1398784,357.16524341169736,489.8401224473228,1001.0,6.841656626636288,0.6210280112069646,1.2972670051348332,-0.0016206797154154629,3.5059279203414917,1.7513432800769806,3.04854017496109,0.9996618330478668,0.0089111328125,0.0018698804051382467,0.15699973702430725,0.4552409052848816,9.977884531021118,2.4619510713528143,0.5863095035078112,0.2208845168352127,0.21691417694091797,0.2263643592596054,863.9005923764153,,,,,,,
684,1400832,342.4184141632715,486.7808684025429,1001.0,7.167762754159067,0.6355860028805765,1.327835766104264,-0.0013133793254382908,3.873610198497772,1.9354917407035828,3.050647795200348,0.9996274411678314,0.0032958984375,0.001376793094095774,0.18493963778018951,0.32524875551462173,11.80821681022644,2.4621388843661407,0.5936543998021739,0.22086861729621887,0.21698449552059174,0.2263803333044052,873.5456141047114,,,,,,,
685,1402880,354.7571471326104,483.3536880120604,1001.0,6.969041984096716,0.6234317821745776,1.309105808366032,-0.0012854572851210833,3.774811089038849,1.886120080947876,3.043258011341095,0.9993898272514343,0.001708984375,0.0012825604062527418,0.21982930600643158,0.5395509302616119,10.321052551269531,2.4627028171380516,0.591043144020422,0.22082778811454773,0.21688859164714813,0.22635909914970398,863.8539157428479,,,,,,,
686,1404928,359.4587599182746,480.5659671538854,1001.0,6.712844508055129,0.6188354262281044,1.2842617343140845,-0.0002944832085631788,1.512565165758133,0.7559881061315536,3.043614387512207,1.0005269944667816,0.0023193359375,0.0006129860557848588,0.2735358029603958,0.3783538490533829,4.1170614361763,2.465313410080853,0.5894557071391988,0.22072605788707733,0.21675769984722137,0.22634626924991608,858.5994691065899,,,,,,,
687,1406976,360.82021309633114,476.84245710475625,1001.0,6.968113096396783,0.6185592971062139,1.3089205189891868,-0.0031536042224615812,4.333501577377319,2.1635971665382385,3.050167143344879,0.9978716373443604,0.0142822265625,0.004075132674188353,0.23600688576698303,0.5158498734235764,8.885409116744995,2.462883518630406,0.595869378896363,0.22067999839782715,0.21668288111686707,0.2264026254415512,834.1902017243618,,,,,,,
688,1409024,372.72309977897874,473.67476245049977,1001.0,6.470547676982526,0.6064040050661758,1.2606804204771143,-0.0021271792938932776,1.6468438506126404,0.8212947398424149,3.047613024711609,1.000936597585678,0.014404296875,0.0009903373575070873,0.259907603263855,0.42701688408851624,0.9248663783073425,2.465847588260658,0.5987273529515701,0.22063498198986053,0.21658620238304138,0.22654810547828674,848.2689411959383,,,,,,,
689,1411072,403.52858163328403,471.0975367973541,1001.0,5.8947394169450416,0.5763343408398902,1.2036116135193844,-0.0016287622856907547,3.4909698963165283,1.7438561618328094,3.047525107860565,0.9997964203357697,0.0081787109375,0.0018024225137196481,0.19269567728042603,0.4038769006729126,5.306782960891724,2.461114610210643,0.5949578123863473,0.22053006291389465,0.21639452874660492,0.22666548192501068,860.1985774626933,,,,,,,
690,1413120,424.7238854003897,468.80882472180286,1001.0,5.493772398133183,0.5561719111098995,1.1616040217761041,-0.0015302847605198622,5.806328058242798,2.9016337990760803,3.0439088344573975,0.9985509514808655,0.0091552734375,0.003202804015018046,0.16120459139347076,0.32849764078855515,9.490602493286133,2.4644870142510626,0.588867046353522,0.22042590379714966,0.2161673903465271,0.22668558359146118,860.3237155251608,1.1186739341525946,1.2386184148597132,0.23985107635912617,1.052463685253186,0.0,0.0,1.0
691,1415168,437.1431808894961,466.37665601826563,1001.0,5.149939588437723,0.543633692717427,1.1243163537668799,-0.002459367795381695,8.478720664978027,4.2369009256362915,3.0486947894096375,1.001453697681427,0.0068359375,0.00011782447108998895,0.13348515331745148,0.4907209202647209,16.292826175689697,2.46167009146302,0.5933881180744447,0.22035576403141022,0.21594107151031494,0.2267162799835205,857.8252692312459,,,,,,,
692,1417216,489.4454687751166,464.9577792288555,1001.0,4.295598048709772,0.49230091089456074,1.0256482108903395,-0.0016015282599255443,25.26369285583496,12.630244970321655,3.0251627564430237,1.0012981593608856,0.0086669921875,0.0003447908675298095,0.06073199212551117,0.4147328659892082,33.30147171020508,2.4620112122647697,0.6003997249527956,0.22028568387031555,0.21568843722343445,0.22672653198242188,845.6514566424235,,,,,,,
693,1419264,496.0968328759803,463.82844303751256,1001.0,4.17802959815446,0.48575851439652673,1.01096589898207,-0.000945116626098752,30.26024103164673,15.129175424575806,3.0452882647514343,0.9991728812456131,0.003173828125,0.0019169473525835201,0.051165297627449036,0.31696686893701553,36.763312339782715,2.457493905283627,0.5947271912964012,0.22018647193908691,0.21547047793865204,0.22659346461296082,832.7588527280654,,,,,,,
694,1421312,550.3047072739538,463.32233484503354,1001.0,3.5231631652969364,0.4334489122810664,0.9260478764099526,-0.00043070968240499496,62.20973014831543,31.104434490203857,3.027315080165863,0.9999784827232361,0.0001220703125,0.0006847281474620104,0.018608614802360535,0.2644052058458328,53.73744297027588,2.464418099290924,0.5912890238254523,0.22004051506519318,0.21529358625411987,0.22642837464809418,861.7946754778302,,,,,,,
695,1423360,551.0913677428678,463.4834488361405,1001.0,3.5221645555867744,0.43291967677690096,0.9248579677986549,-0.0015361204277724028,67.07256507873535,33.534746170043945,3.0643263459205627,1.0003981292247772,0.00048828125,0.00022504368098452687,0.023349329829216003,0.4827614054083824,56.60402584075928,2.4632937608548673,0.5987864049308489,0.21989578008651733,0.21510988473892212,0.22636447846889496,855.0949007985996,,,,,,,
696,1425408,591.2010566508741,463.9433497179848,1001.0,3.0761404817723,0.3935942100833087,0.8629329290872243,-0.00107431726064533,93.96389389038086,46.98087215423584,3.0364755392074585,1.0003633499145508,0.0013427734375,0.0005620122392429039,0.006877779960632324,0.610938772559166,67.61503601074219,2.4634190370998112,0.5935627242006761,0.21975553035736084,0.21494336426258087,0.22637617588043213,857.5183828425719,,,,,,,
697,1427456,559.6951575899265,463.4997826549627,1001.0,3.439047690568382,0.4238091580304609,0.9139569949613351,-0.001043143100105226,68.68802070617676,34.34296798706055,3.0246200561523438,1.0001943409442902,0.0028076171875,0.0010308062192052603,0.025511398911476135,0.29114093631505966,57.933794021606445,2.4653289282578044,0.5933857005922504,0.219633549451828,0.21475651860237122,0.22646628320217133,861.1596212215721,,,,,,,
698,1429504,539.6692571762003,462.37038638176745,1001.0,3.6308936565650907,0.44322325523087613,0.9407961548288535,-0.00014493393246084452,48.56961631774902,24.284663200378418,3.0135730504989624,0.9997664242982864,0.000244140625,0.0009404706943314523,0.03018219769001007,0.39609476178884506,47.752153396606445,2.457155306445202,0.5975969236703728,0.21954414248466492,0.214670330286026,0.22652247548103333,831.667533653036,,,,,,,
699,1431552,507.41280531593213,460.6416406064919,1001.0,4.140012764142698,0.4746568477088948,1.00526107841643,-0.002739505027420819,30.46558904647827,15.230055093765259,3.0178889632225037,1.0010672211647034,0.0052490234375,3.6416531656868756e-05,0.058587417006492615,0.469748817384243,36.02578353881836,2.464962307974929,0.6012142033044762,0.21949997544288635,0.21465691924095154,0.2265215963125229,793.0627072027082,,,,,,,
700,1433600,485.5532742669835,459.44600134988525,1001.0,4.432004355922613,0.4958814866234367,1.0415275676140634,-0.0017832415760494769,20.98808765411377,10.492260694503784,3.0219395756721497,0.9980437904596329,0.0206298828125,0.004266926684067585,0.06496499478816986,0.4360310658812523,30.074284076690674,2.4586279332870618,0.5974327280582836,0.21946990489959717,0.21461442112922668,0.22653435170650482,863.658589120752,1.1076548094291985,1.226634208939661,0.26272953171059976,1.0903222251501115,0.0,0.0,1.0
701,1435648,462.2184403370387,458.14630275708544,1001.0,4.769265852921051,0.519750762268371,1.0809216986994037,-0.002846219460479915,12.811151027679443,6.402729272842407,3.0291749238967896,0.9993781000375748,0.005126953125,0.0020495789649430662,0.07837574183940887,0.5233291834592819,22.70502233505249,2.4652033038873924,0.5989855816316111,0.21940380334854126,0.214584618806839,0.226373553276062,852.9731455194911,,,,,,,
702,1437696,401.08643667023364,455.1214833679769,1001.0,5.723195086793552,0.5781098090415872,1.1858260248731045,-0.0011020773090422153,2.059808671474457,1.0288022458553314,3.0406978726387024,1.0002527236938477,0.0047607421875,0.0009934488771250471,0.1946106255054474,0.3801776319742203,5.4572224617004395,2.459715303455596,0.6023063639415963,0.21935348212718964,0.21452215313911438,0.22619211673736572,861.6470396287751,,,,,,,
703,1439744,389.54865116805377,451.340776786534,1001.0,6.080610969417586,0.5896084849809674,1.2232957624137666,-0.001042513467837125,1.8294490575790405,0.9136820137500763,3.0341020822525024,1.0008459091186523,0.0010986328125,-0.00010551743616815656,0.2007177770137787,0.38660649210214615,1.5847223401069641,2.462617915138253,0.5977081892522643,0.2193540632724762,0.21450026333332062,0.22616347670555115,854.6970466311892,,,,,,,
704,1441792,375.81375363542264,447.4580793383242,1001.0,6.485879657828395,0.6033303687364172,1.2629671182108635,-0.0009177139727398753,2.178752064704895,1.0884583294391632,3.009471356868744,1.0009442269802094,0.0023193359375,-0.0001820869802031666,0.2534056752920151,0.4796628803014755,5.5056151151657104,2.468666615066468,0.5963147967938832,0.21934860944747925,0.2144680768251419,0.2260739505290985,857.0886196233503,,,,,,,
705,1443840,351.4765799111927,443.27630571400545,1001.0,6.998273009480868,0.6266419059974608,1.313451684419841,-0.0019483320065774024,3.7127819657325745,1.8544426560401917,3.0473469495773315,1.0009465515613556,0.0023193359375,-0.0005343740485841408,0.2378571480512619,0.5836843550205231,11.914108753204346,2.4648958104808116,0.599611977667765,0.21935005486011505,0.214474618434906,0.22596947848796844,821.8814239795195,,,,,,,
706,1445888,335.3152496254494,438.7344557813461,1001.0,7.412313256185418,0.6424467924326763,1.3512915703827535,-0.0012953600380569696,5.140586495399475,2.568997859954834,3.003452479839325,0.9992626160383224,0.0018310546875,0.0015627562097506598,0.2359474003314972,0.5521686673164368,15.80665898323059,2.4623924802726833,0.6001996331463395,0.21938234567642212,0.21456781029701233,0.2259572446346283,842.215552185037,,,,,,,
707,1447936,350.73140005772404,435.5680098254463,1001.0,6.976683104024624,0.6276680812436124,1.3106278055687428,-0.0012372429482638836,2.3896037340164185,1.193564623594284,3.02888286113739,1.000742882490158,0.004150390625,0.0005471948097692803,0.3411141484975815,0.4174993857741356,9.07592225074768,2.4607846549042733,0.5991469813161763,0.21935513615608215,0.21463975310325623,0.22594134509563446,839.3718580203617,,,,,,,
708,1449984,371.8884158389054,432.99304742903644,1001.0,6.395153355849985,0.6075024058483469,1.2542261160733523,-0.0025931044365279377,1.0428377389907837,0.5188257768750191,3.0280779600143433,1.0005413889884949,0.0103759765625,0.0011077465169364586,0.35723839700222015,0.5109437853097916,2.1854588091373444,2.4645824953186093,0.6087228265280006,0.2193399965763092,0.21480481326580048,0.2258909046649933,842.7133726807707,,,,,,,
709,1452032,384.4771361979499,430.8608922673717,1001.0,6.338970242922411,0.5948378944422856,1.2481165689044589,-0.0009167543612420559,1.4170989990234375,0.707632765173912,3.0042428374290466,1.0017148554325104,0.003173828125,-0.0006380100530805066,0.3584540784358978,0.5241651311516762,4.094569742679596,2.466526571457507,0.606940681280339,0.21933938562870026,0.2149549126625061,0.22573222219944,850.7015622171233,,,,,,,
710,1454080,383.8326601139469,429.44306218936504,1001.0,6.16874587657308,0.595637495499613,1.2321215945753283,-0.0016295391833409667,1.3036231100559235,0.6501820236444473,3.0126194953918457,0.9995925426483154,0.0028076171875,0.0011998819099972025,0.33489876985549927,0.3724537715315819,2.958751082420349,2.462556905040401,0.6059703088500377,0.2193182408809662,0.21498796343803406,0.22546793520450592,855.1922769003021,1.2042874421464633,1.3033114362499303,0.29224509256628534,1.0066512053670016,0.0,0.0,1.0
711,1456128,406.60338960798606,428.85556020907677,1001.0,5.952668555134828,0.5731662409251179,1.2085562667058758,-0.002856531413272023,3.7396718859672546,1.8669793903827667,3.0160661339759827,0.9995223432779312,0.0089111328125,0.0021201378986006603,0.16981172561645508,0.6331767439842224,12.215939044952393,2.4674198054271983,0.6067474006831338,0.21929270029067993,0.2149844765663147,0.22518745064735413,841.2661589694023,,,,,,,
712,1458176,423.2997261747915,428.8742085964495,1001.0,5.339039840160444,0.5564617568861742,1.1442884599562462,-0.003934788750484586,6.794182300567627,3.393156349658966,3.0046725273132324,1.0014530420303345,0.028564453125,0.0014101133856456727,0.18067926168441772,0.5417706370353699,16.699728965759277,2.464162042044336,0.6045665811198652,0.21927163004875183,0.21500453352928162,0.22500309348106384,849.8077409163233,,,,,,,
713,1460224,469.448631332693,429.7852011289,1001.0,4.567256332081375,0.5116572500508426,1.0573443772352422,-0.003472505253739655,18.848223209381104,9.420639038085938,3.014265716075897,1.0014828741550446,0.010009765625,0.00015143764903768897,0.05846782028675079,0.5324074774980545,29.9717698097229,2.465594276509364,0.6092325796886277,0.21927231550216675,0.21516861021518707,0.22495004534721375,850.7262229178426,,,,,,,
714,1462272,497.42454888401954,431.01640769869914,1001.0,4.271994054367279,0.48447083162258914,1.0213570281290791,-0.0009041617158800364,28.368943214416504,14.183567523956299,3.0020735263824463,0.9996853321790695,0.005126953125,0.0015698701608926058,0.04220975935459137,0.34839242696762085,37.326642990112305,2.4644565148919355,0.6096739781113859,0.21929875016212463,0.21538107097148895,0.2249690741300583,837.8827365705891,,,,,,,
715,1464320,498.06184295071716,432.1496755123993,1001.0,4.215453231664737,0.48423358904341485,1.0137855635927178,-0.0014971077907830477,38.01072883605957,19.003867626190186,3.012663960456848,1.000185176730156,0.001220703125,0.0005546133616007864,0.0333714485168457,0.4928210899233818,43.198482513427734,2.471849407404079,0.6047915669725881,0.21937409043312073,0.21539650857448578,0.22507570683956146,860.0384644727496,,,,,,,
716,1466368,516.5672494473849,432.95539373944996,1001.0,4.024740502046387,0.46586378977463216,0.98954531084104,-0.0014956822851672769,45.34799289703369,22.672500610351562,2.996547758579254,1.0007447004318237,0.00927734375,0.0008441624959232286,0.011028513312339783,0.31012989580631256,47.50843143463135,2.4706490487296833,0.6087312412815975,0.21943578124046326,0.2153376340866089,0.22525209188461304,842.9250837069958,,,,,,,
717,1468416,508.3840288863661,433.87220027979924,1001.0,4.017069520394706,0.4742356588422715,0.9896878092406598,-0.0013330404181033373,39.364728927612305,19.681031227111816,3.0109310150146484,1.0010681748390198,0.005126953125,0.00015982099284883589,0.044063180685043335,0.3274548500776291,44.23611545562744,2.468392711307388,0.6101821972615653,0.2194620668888092,0.2152900993824005,0.2254296988248825,851.307055471731,,,,,,,
718,1470464,522.4751230260575,435.022749758412,1001.0,3.8412158799284017,0.46024666942712406,0.9682039608355854,-0.0009863293962553144,38.51893997192383,19.258483409881592,3.0225287675857544,1.0009779632091522,0.0006103515625,-0.0003792347852140665,0.03354310989379883,0.3634231388568878,42.99490451812744,2.464268390816869,0.6126066071731423,0.2194574773311615,0.2152889370918274,0.22553114593029022,863.1504417773126,,,,,,,
719,1472512,500.6250262094053,436.19005531746507,1001.0,4.200994554799718,0.4816848249477656,1.012040619902095,-0.002759416471235454,31.23220729827881,15.613344430923462,3.0112199783325195,1.0002940893173218,0.002685546875,0.0005534610827453434,0.04710833728313446,0.49166473746299744,38.892319679260254,2.4667927911214065,0.6027044667798016,0.21951159834861755,0.21531492471694946,0.22568322718143463,863.1732970838914,,,,,,,
720,1474560,464.12911498361245,436.64756127755317,1001.0,4.714802794802423,0.5172388891950064,1.0740099946255612,-0.002687417552806437,14.235146045684814,7.114885568618774,3.0080946683883667,1.0027977526187897,0.0069580078125,-0.0014127299800748006,0.0747222900390625,0.5339832901954651,25.76200246810913,2.4668178469582926,0.6073294752245784,0.21958264708518982,0.21535982191562653,0.225859597325325,860.377845072573,1.0688911929507534,1.1237700400828896,0.3156100475046357,0.9384858298856048,0.0,0.0,1.0
721,1476608,471.20533739761584,437.6111736736467,1001.0,4.545155574144327,0.5102951447809968,1.0541179909007448,-0.0022354795364663005,15.356529474258423,7.676029324531555,3.0214326977729797,0.9988566339015961,0.00341796875,0.0022419360611820593,0.07071658968925476,0.651357889175415,25.466745853424072,2.471260586869903,0.6148791008132751,0.2195906788110733,0.2153497040271759,0.2260243445634842,841.8954283389845,,,,,,,
722,1478656,468.2944015540646,438.79339720800294,1001.0,4.583209287142486,0.5135539634358309,1.058206631155646,-0.002829770208336413,18.152315139770508,9.073327779769897,3.010967493057251,1.0003210008144379,0.0137939453125,0.001543939535622485,0.01351243257522583,0.5347210392355919,29.32905387878418,2.466743834927911,0.6107273943136415,0.21955449879169464,0.2153221070766449,0.22621335089206696,843.9371105513886,,,,,,,
723,1480704,489.8819040264202,440.60607469861026,1001.0,4.286038754057035,0.49207124834971305,1.0220730290531568,0.00029281387105584145,26.593612670898438,13.297099113464355,3.0178111791610718,0.9998186826705933,0.0023193359375,0.0012066042691003531,0.03353244066238403,0.43911757320165634,36.34128952026367,2.4680318453902146,0.6077612062631329,0.21949809789657593,0.21529582142829895,0.2264406681060791,849.1288939051194,,,,,,,
724,1482752,490.43988782238546,441.88223886007495,1001.0,4.41117454825221,0.4928311996668624,1.0358604716102688,-0.0017595550743862987,32.32355499267578,16.160017728805542,3.0250144004821777,0.9999808967113495,0.00439453125,0.0009797995298868045,-0.0017121434211730957,0.3983713537454605,40.86155605316162,2.466785581505974,0.6068717091309489,0.2194526642560959,0.21523600816726685,0.22657951712608337,862.1218371071741,,,,,,,
725,1484800,530.7475901901344,444.30364292397275,1001.0,3.8364735863463526,0.45276311936445063,0.9649902369303982,-0.0010183083359152079,46.22855186462402,23.113257884979248,3.0028311610221863,0.9992426931858063,0.0003662109375,0.0010843089548870921,-0.01078912615776062,0.4434441179037094,48.2187557220459,2.4657811287761433,0.6085058843242984,0.21942196786403656,0.2150726318359375,0.22667451202869415,856.6683044929816,,,,,,,
726,1486848,505.79829984099916,445.7593609100659,1001.0,4.163978456933672,0.4765045687285816,1.0058420401965247,-0.0019442058983258903,36.87259006500244,18.43435049057007,2.98777037858963,1.0000113993883133,0.0015869140625,0.0008207873033825308,0.023401916027069092,0.46384070068597794,43.87112617492676,2.4690467626205646,0.613965874675863,0.21938395500183105,0.21494275331497192,0.22684261202812195,837.5640117497494,,,,,,,
727,1488896,540.4184378131825,447.74951739252583,1001.0,3.7568056425826026,0.44320068582111816,0.954317984146189,-0.0009989207610487938,58.52120780944824,29.259604454040527,3.019719123840332,0.9993477612733841,0.0052490234375,0.0018985417555086315,0.004431143403053284,0.32761338353157043,55.231764793395996,2.468170862455736,0.6020908346660043,0.21937838196754456,0.2148837447166443,0.22699229419231415,859.6538728855376,,,,,,,
728,1490944,556.0735519816033,449.7665026049836,1001.0,3.537188630966271,0.42770739336981994,0.925025680514031,-0.0013043731451034546,70.75663757324219,35.37701416015625,3.001233458518982,0.9991507828235626,0.0013427734375,0.0018123792979167774,-0.0019065439701080322,0.38121939450502396,60.34885025024414,2.469654064188944,0.6008317474267718,0.21940502524375916,0.21487289667129517,0.2271268516778946,813.8119273376938,,,,,,,
729,1492992,597.5191522672117,452.68422190956085,1001.0,3.0479074703058515,0.3872502924054024,0.8573839225358666,-0.0021936260163784027,95.38234901428223,47.68898105621338,3.027894675731659,1.0001614689826965,0.0084228515625,0.0013841604886692949,-0.0019180476665496826,0.5183470770716667,70.54708862304688,2.4654138102923753,0.6146929505188963,0.21939760446548462,0.21478740870952606,0.2272707223892212,838.3509634580813,,,,,,,
730,1495040,620.0512686408579,456.542476439427,1001.0,2.796061391111673,0.3652861659143765,0.8195486076264175,0.00023613113444298506,112.30257415771484,56.151522636413574,2.9884918332099915,0.9995991289615631,0.0001220703125,0.0009211001597577706,0.005516231060028076,0.5338326394557953,75.37703514099121,2.467596004877123,0.6064716050879225,0.21935290098190308,0.21457234025001526,0.22742795944213867,854.6968097870844,0.8286153178561662,0.8285344144221944,0.33984199352786715,1.0113239216101904,0.0,0.0,1.0
731,1497088,615.5109528243945,461.2223847808523,1001.0,2.8554548890386835,0.3707294686913163,0.8279106101264294,-0.0010822552721947432,113.43950653076172,56.718671798706055,3.0045331716537476,1.000407099723816,0.00048828125,8.18060216261074e-05,-0.0014953911304473877,0.4914323538541794,76.75532913208008,2.4614107691304525,0.6058539131490507,0.21933037042617798,0.21440505981445312,0.22758498787879944,823.9297933671518,,,,,,,
732,1499136,597.7922195930198,465.6069772420601,1001.0,3.018306136149842,0.3868787870136752,0.8523587490973706,0.00031572103034704924,95.80825614929199,47.90444374084473,2.9836496114730835,1.0005863904953003,0.0001220703125,7.11042812326923e-05,-0.0011040568351745605,0.38017861545085907,70.22261810302734,2.4647551656526048,0.6074086021852139,0.2192838042974472,0.2142026573419571,0.22771087288856506,837.925550627214,,,,,,,
733,1501184,604.9696025666938,470.56306442516006,1001.0,2.87653113054136,0.3796388562586267,0.8310676728952979,-0.0006835955427959561,96.35466957092285,48.17665195465088,2.9929254055023193,0.9996327012777328,0.0,0.0007608543455717154,0.002003788948059082,0.36344652622938156,69.50192642211914,2.4666266647691373,0.6189831351434829,0.2191694676876068,0.2139437049627304,0.2276715338230133,848.2676918049633,,,,,,,
734,1503232,580.4247196183587,475.3231905342618,1001.0,3.185694167495135,0.4040381129677496,0.8762787873880491,-0.002058661892078817,75.1705493927002,37.58321571350098,3.0192793011665344,1.0011142194271088,0.0028076171875,-0.00027248890546616167,0.007759168744087219,0.4383033663034439,60.99074459075928,2.4659523660957348,0.6134140883257055,0.21909382939338684,0.21368491649627686,0.22765879333019257,826.646227514744,,,,,,,
735,1505280,568.0801947710128,479.58965148702987,1001.0,3.311582959049875,0.41680809978533107,0.8947052390578999,-0.001151534030213952,68.3178768157959,34.15778636932373,2.9881340861320496,0.9996088594198227,0.0042724609375,0.001524146442534402,0.005639910697937012,0.4040902927517891,59.41824436187744,2.4664413079735823,0.62141491131028,0.2190677672624588,0.21346160769462585,0.22771689295768738,844.8281787677886,,,,,,,
736,1507328,532.2556019625154,483.0455883279147,1001.0,3.79662571175158,0.45069366006852385,0.9588872275327508,-0.0013842566404491663,49.36904716491699,24.683139324188232,2.990195095539093,1.0003311038017273,0.001708984375,0.0002403498801868409,-0.0011281073093414307,0.33054663240909576,50.61601161956787,2.467499893173226,0.6162133549278822,0.21902239322662354,0.21321719884872437,0.22771374881267548,812.3862030092222,,,,,,,
737,1509376,519.1220802615564,486.2116256712192,1001.0,3.9627834827337214,0.4646220675593866,0.980116655676155,-0.0017213935498148203,40.60309028625488,20.299823760986328,3.018943667411804,1.000582903623581,0.003173828125,3.511573595460504e-05,-0.00045302510261535645,0.3298274129629135,46.06875991821289,2.4650318199710455,0.6108758028055474,0.21895480155944824,0.21301205456256866,0.2276320606470108,828.0345212271518,,,,,,,
738,1511424,521.224231845333,489.1816483125463,1001.0,3.9314481136199553,0.46166337687371684,0.9762934840415891,-0.001989412121474743,35.217196464538574,17.606608867645264,3.013838469982147,0.9997646659612656,0.0015869140625,0.0007758979918435216,0.027284249663352966,0.48778634518384933,41.68905544281006,2.462432059663115,0.6072574390972143,0.21888181567192078,0.2129533737897873,0.22733306884765625,859.1690962255883,,,,,,,
739,1513472,521.0236397325393,491.5315494745314,1001.0,3.842472798607012,0.4619649700387918,0.9647066455267821,-0.0021054507233202457,38.08511734008789,19.04045343399048,3.0014055371284485,0.9996934831142426,0.009033203125,0.0018310641025891528,0.02628958225250244,0.3453545421361923,43.76113986968994,2.4635502501187148,0.6169495357193203,0.21880410611629486,0.21289260685443878,0.22708019614219666,861.64452304095,,,,,,,
740,1515520,522.8702676415418,493.4944771193545,1001.0,3.842691332384218,0.46001177472184357,0.9658049986909542,-0.0021304040565155447,34.94445610046387,17.470097541809082,2.9629947543144226,1.0012319386005402,0.008544921875,0.0002559916247264482,0.010776400566101074,0.4499562457203865,41.17557621002197,2.4672127908852417,0.6189402238176763,0.2187492549419403,0.2128257304430008,0.2269567996263504,817.5902485209373,0.9703185704897965,0.9943212080872912,0.2533793870911832,0.9454124314673106,0.0,0.0,1.0
741,1517568,502.9397203981851,494.8104079095283,1001.0,4.1076551904424665,0.47999258416716306,0.9992005098772131,-0.0020527017186395824,27.910653114318848,13.953274011611938,3.0137274265289307,1.001247376203537,0.01611328125,0.0008144559833453968,0.004671201109886169,0.48387063294649124,37.519670486450195,2.464701819597394,0.6229374039494086,0.21868227422237396,0.2127336710691452,0.22684036195278168,837.7497573872581,,,,,,,
742,1519616,509.71895471786695,495.2158776283832,1001.0,3.972387613322952,0.4727054206458039,0.9825363645822602,-0.00046263920376077294,27.90488338470459,13.951979160308838,2.9836938977241516,0.9996772706508636,0.001708984375,0.001292976550757885,0.019067630171775818,0.3433220386505127,37.46015453338623,2.4637898313376354,0.6211023870201178,0.21857431530952454,0.21253181993961334,0.22663278877735138,853.0147120798221,,,,,,,
743,1521664,500.5991717874392,495.30592440661246,1001.0,4.158785137318941,0.4819687593863202,1.0056601003202439,-0.0011418565409258008,22.43959140777588,11.218653678894043,2.9890447854995728,0.9998209774494171,0.0,0.0004902224172838032,0.025005832314491272,0.42521951347589493,33.243642807006836,2.4675271088344743,0.6199994025140142,0.21846745908260345,0.21236002445220947,0.22646792232990265,855.6959737373257,,,,,,,
744,1523712,485.1977011435516,494.0037842840044,1001.0,4.376571830138964,0.4964189368080284,1.0317831917568452,-0.0014086319133639336,20.7568039894104,10.376993417739868,2.9955896735191345,0.9990893006324768,0.0003662109375,0.0013814019475830719,0.007492393255233765,0.738649383187294,32.25781869888306,2.4682529169949703,0.6233002301967704,0.21838660538196564,0.2121746987104416,0.2264334261417389,854.778112064674,,,,,,,
745,1525760,482.1477845871117,492.62491262088923,1001.0,4.359340667567525,0.5003799915283315,1.030445341296682,-0.00201812363229692,17.167670249938965,8.581817150115967,3.0202887654304504,1.0014119148254395,0.004638671875,-0.0005521408893400803,0.00596696138381958,0.3997020348906517,29.22245168685913,2.4643245047918754,0.6167212301823061,0.21833078563213348,0.21200159192085266,0.22642554342746735,829.7230949117624,,,,,,,
746,1527808,488.3100739811443,490.5670929674946,1001.0,4.261000651513321,0.4935651110305826,1.0186592120169284,-0.00015672342851758003,16.691205978393555,8.345446348190308,3.0027822256088257,0.999540850520134,0.0,0.0006093661359045655,0.043656155467033386,0.47575563937425613,28.732779502868652,2.463995182682993,0.6172580680740136,0.21827109158039093,0.21186907589435577,0.2265002578496933,855.8011825987451,,,,,,,
747,1529856,492.19265373595545,489.2170428904153,1001.0,4.25188855272295,0.48979789741056257,1.0176959980689604,-0.0019837425788864493,18.17762804031372,9.086830139160156,2.9926819801330566,1.0002257525920868,0.0030517578125,0.00021987107174936682,0.018439725041389465,0.4952670559287071,30.020254611968994,2.4650243036303436,0.6182438243500972,0.21822944283485413,0.21184003353118896,0.22660359740257263,858.4220499468242,,,,,,,
748,1531904,490.3626587264588,488.23091092142045,1001.0,4.246669415705948,0.4914891763911614,1.0157397056184694,-0.0008298102766275406,21.923901557922363,10.961121082305908,2.969973564147949,0.9989289939403534,0.0010986328125,0.0016598517686361447,-0.0020092427730560303,0.3722633868455887,33.35725784301758,2.4657211086450843,0.6174574508349158,0.2181951254606247,0.21190132200717926,0.22665299475193024,851.9097973869037,,,,,,,
749,1533952,458.76949005975337,487.25804461629684,1001.0,4.760847903860126,0.5224189462208355,1.0769256651394434,-0.0022072731517255306,10.179670572280884,5.08762788772583,2.9766075015068054,1.001520812511444,0.0015869140625,-0.0009008801425807178,-0.013881534337997437,0.48469681292772293,22.414863109588623,2.463755754608428,0.6180198104018846,0.21815986931324005,0.21200929582118988,0.2266629934310913,863.2988407668134,,,,,,,
750,1536000,460.2493723671292,486.7519665782997,1001.0,4.879831498728621,0.5209888521635485,1.0904042050051534,-0.0019479809561744332,8.58571720123291,4.290910601615906,2.98741751909256,1.0004974007606506,0.002685546875,0.00014843766984995455,0.04506486654281616,0.3939000517129898,19.483431816101074,2.4690207128733164,0.6259936795069556,0.21805249154567719,0.21209044754505157,0.22648590803146362,849.8543998163636,1.0750010359561586,1.056933061799251,0.2963470183543583,0.9092377571645817,0.0,0.0,1.0
751,1538048,485.8705722325659,487.2250092162103,1001.0,4.408727187179056,0.4961895681324586,1.0362823245346557,-0.0008352446602657437,15.403153896331787,7.700741767883301,2.9759271144866943,0.999805361032486,0.0018310546875,0.0007445351802743971,0.019056782126426697,0.3190018758177757,27.808433532714844,2.4698741344327573,0.621399745315558,0.21788738667964935,0.21206413209438324,0.22626550495624542,833.3265852730394,,,,,,,
752,1540096,455.56354564497,488.31455139570505,1001.0,4.772430156286683,0.5256938051736626,1.0791152099578571,-0.0011364906677044928,10.36151385307312,5.1796205043792725,2.9859679341316223,0.9998447299003601,0.0,0.000483242140035145,-0.020491361618041992,0.38604188710451126,22.735411167144775,2.468961319551454,0.6258495543698609,0.21779745817184448,0.21202312409877777,0.22616013884544373,848.0385481220716,,,,,,,
753,1542144,452.9935552486834,489.58344947731763,1001.0,4.8550833291252005,0.5283873440006932,1.088739630066025,-0.001424321555532515,7.95439350605011,3.975772440433502,2.9637722969055176,1.0000061243772507,0.0003662109375,0.0003826240572379902,0.0035021454095840454,0.5759237408638,19.847635746002197,2.4674799351778347,0.6245967599476977,0.21776703000068665,0.21202634274959564,0.22607196867465973,848.2207309434856,,,,,,,
754,1544192,451.13826526332,491.0899397098755,1001.0,4.901237381906702,0.5298085173372359,1.0939016215773842,-0.0012679670471698046,6.391270637512207,3.1943673491477966,2.9861090183258057,1.0000923871994019,0.00390625,0.000972954832832329,0.015218883752822876,0.5004093796014786,16.27346897125244,2.467769137074356,0.6109738937219521,0.21772730350494385,0.2120513767004013,0.2259034663438797,849.5640146160795,,,,,,,
755,1546240,431.8966650908468,492.69834141346865,1001.0,5.221027781193241,0.5490557522388537,1.1284189085436667,-0.0006998288445174694,2.840739607810974,1.4196699857711792,2.974565029144287,1.0010881423950195,0.0013427734375,-0.0004664333537220955,0.0742514580488205,0.5968130826950073,10.60903286933899,2.4670630100008566,0.621764830413986,0.21766336262226105,0.21199539303779602,0.22577689588069916,853.2627215773963,,,,,,,
756,1548288,439.2814258218675,494.777664937397,1001.0,5.01332972175545,0.5418587376163608,1.1065213901524296,-0.002978138392791152,3.7359797954559326,1.865011751651764,2.9794294834136963,1.000022828578949,0.0069580078125,0.0010949576244456694,0.05796913802623749,0.5038117468357086,12.434247255325317,2.463371283680317,0.6087764689370941,0.21759551763534546,0.21186287701129913,0.22566457092761993,840.2905748115504,,,,,,,
757,1550336,428.0031841119709,496.32310061848193,1001.0,5.2306371887337795,0.5527918568134803,1.1295312405891642,-0.0017033598851412535,2.9051274061203003,1.4508603513240814,2.959283709526062,1.0005821883678436,0.003662109375,0.00040603931847726926,0.03374394774436951,0.4425830617547035,11.186102390289307,2.467188288414036,0.6062982870234065,0.21755214035511017,0.21176078915596008,0.22553685307502747,804.4890804942102,,,,,,,
758,1552384,443.57203170198943,497.7567729357436,1001.0,5.0202066317990495,0.5373042785083151,1.106242155402841,-0.0014429756556637585,4.503941059112549,2.250527560710907,2.9782407879829407,0.999893844127655,0.004150390625,0.0010218721436103806,0.030293554067611694,0.42845144867897034,14.233156442642212,2.4663936370197916,0.6086890074509242,0.21756461262702942,0.21181118488311768,0.22548387944698334,839.93539057957,,,,,,,
759,1554432,440.7106615022986,498.88144344183064,1001.0,5.034165121671558,0.5401708831391083,1.107403645899679,-0.0026932827895507216,4.117421984672546,2.056017726659775,2.9565709233283997,1.000222384929657,0.003173828125,0.0006073010736145079,0.07372161746025085,0.7050894200801849,12.529468059539795,2.4675682401575614,0.6109852960739003,0.21759629249572754,0.2119120955467224,0.22548380494117737,842.1363487933238,,,,,,,
760,1556480,461.23066591223807,500.4294035577964,1001.0,4.731301934851758,0.5202864733131879,1.0718064064362955,-0.0017892312607727945,7.231515049934387,3.613968253135681,2.963765501976013,1.0011421144008636,0.0062255859375,7.670004561077803e-05,0.04901111125946045,0.610808938741684,18.283519744873047,2.4689904114202363,0.6229745680219356,0.21757449209690094,0.21189455687999725,0.22548259794712067,849.7118899362507,1.0668259510526843,1.06957709509022,0.2977638186553308,1.0133021239160853,0.0,0.0,1.0
761,1558528,483.5874611231627,501.96908498809984,1001.0,4.36733789856984,0.4991870815439683,1.0285052859272115,-0.0023441131925210357,12.31598949432373,6.155650615692139,2.975818157196045,0.999375730752945,0.0150146484375,0.002588211398688145,0.020925790071487427,0.5314456298947334,24.324065685272217,2.4641917752451263,0.618129808104046,0.21753114461898804,0.21180258691310883,0.22539709508419037,847.6370084959957,,,,,,,
762,1560576,448.81340726642753,502.47935860993255,1001.0,4.9641729577794855,0.53218718000822,1.0977952610252564,-0.00041523738764226437,6.260073304176331,3.129621386528015,2.9787251949310303,0.9999878853559494,0.0030517578125,0.001192669165902771,0.012153416872024536,0.5423796325922012,16.992045879364014,2.465476202822174,0.6159858871010507,0.21744820475578308,0.2117166370153427,0.22527121007442474,832.6190954889171,,,,,,,
763,1562624,453.29827815328264,502.15635154634435,1001.0,4.872083078223845,0.5289638088198036,1.0872901836998878,-0.003190640709362924,4.72683048248291,2.3602246046066284,2.9597076177597046,1.0011265277862549,0.0106201171875,0.0005625145640806295,0.08318778872489929,0.5747876241803169,14.117915391921997,2.4659997289272724,0.6256578643750655,0.21732589602470398,0.21154913306236267,0.22520089149475098,847.3887957133525,,,,,,,
764,1564672,425.42727603331025,500.7164060893303,1001.0,5.246365142556971,0.5556247570513515,1.1290985810134484,-0.0019252158235758543,1.6247467994689941,0.8104481846094131,2.985908627510071,0.9994701445102692,0.00390625,0.0018589725659694523,0.05394865572452545,0.6162270903587341,7.273784399032593,2.467950828897301,0.6199869899530777,0.2171875238418579,0.21135474741458893,0.225108340382576,849.8594633713434,,,,,,,
765,1566720,418.58806551465,499.12693054060895,1001.0,5.495964183259956,0.5619660366388404,1.1557014864213446,-0.002993360278196633,1.3827356696128845,0.688374474644661,2.9675395488739014,0.9984385371208191,0.0283203125,0.004294089128961787,0.14677925407886505,0.5069065392017365,6.143283367156982,2.4661361563776154,0.6099553786723205,0.21706023812294006,0.2111116647720337,0.22498737275600433,850.4896891643689,,,,,,,
766,1568768,402.68098118380703,496.8492051753373,1001.0,5.676800898491385,0.5770582147330976,1.1748598505117451,-0.001106294890632853,0.7818948179483414,0.38984110951423645,2.9511463046073914,1.0006892681121826,0.0057373046875,0.000686987979861442,0.07280518114566803,0.44604820758104324,0.6718080937862396,2.4662111483048648,0.6163953658562606,0.21697267889976501,0.21093662083148956,0.22482118010520935,867.5711460744295,,,,,,,
767,1570816,399.2921032394877,494.6673666623998,1001.0,5.835579691466082,0.5802062879440955,1.1912024809760169,-0.00299252406693995,1.1884130835533142,0.5912140160799026,2.942148447036743,0.9975462257862091,0.019287109375,0.004842228852794506,0.1826062798500061,0.5031941384077072,2.796565890312195,2.470396222823183,0.6253043689651171,0.216900035738945,0.21087034046649933,0.22455647587776184,854.27371677333,,,,,,,
768,1572864,381.64502586578806,491.8507647191945,1001.0,6.202564416877831,0.5974118415347918,1.2293784993029717,-0.0018677476909942925,3.6822487115859985,1.83925661444664,2.980011820793152,1.0004076063632965,0.0125732421875,0.0015137921000132337,0.17916497588157654,0.4872845709323883,11.619994878768921,2.466056971810758,0.6189756069038757,0.21680603921413422,0.21076102554798126,0.22428230941295624,852.1418788549223,,,,,,,
769,1574912,346.7729582304056,488.7737233596145,1001.0,6.789667032651636,0.6314074022228502,1.2879119305223992,-0.001581630320288241,8.843657970428467,4.420247435569763,2.9526009559631348,1.000448077917099,0.006591796875,0.0005271089466987178,0.038466647267341614,0.5123902633786201,21.079002857208252,2.4670083920209436,0.6123461977557089,0.21674957871437073,0.21061483025550842,0.22411863505840302,823.8923602982353,,,,,,,
770,1576960,343.4895295641192,486.3609316512247,1001.0,7.05252527160381,0.6351562393567831,1.3128942107371848,-0.002109772409312427,9.234803915023804,4.615292191505432,2.941536784172058,1.0008969604969025,0.0013427734375,-0.00048719900951255113,0.15488053858280182,0.7005042284727097,21.159408569335938,2.4623706783895614,0.6138953976313636,0.21670101583003998,0.21044018864631653,0.22404350340366364,831.9764659083173,1.3259927003173244,1.3753974674718799,0.3021981274729557,1.002085669234686,0.0,0.0,1.0
771,1579008,358.7567754131318,484.1119604115348,1001.0,6.733955057835493,0.6201464651623065,1.282110706413019,-0.003257596865296364,7.941587686538696,3.9675362706184387,2.9415943026542664,1.0008792579174042,0.014892578125,0.0007304950268007815,0.1277507245540619,0.5824971124529839,19.40143394470215,2.4665014696656726,0.6163313396449414,0.21665547788143158,0.21018560230731964,0.22399434447288513,840.2205362117041,,,,,,,
772,1581056,345.5690822547154,481.65745402554785,1001.0,7.046754609004242,0.6325795875980222,1.3117846302015579,-0.002408597443718463,9.445994853973389,4.720588803291321,2.945631444454193,1.001039445400238,0.005615234375,-0.0002314251905772835,0.14734531939029694,0.44882601499557495,21.822126388549805,2.465059656155063,0.6123769530049892,0.21660375595092773,0.209991917014122,0.22392740845680237,833.89832048295,,,,,,,
773,1583104,349.1236140349155,478.8422882257177,1001.0,7.075285026667369,0.6290256481194696,1.3151626494735147,-0.0025291136116720736,10.759980201721191,5.377460956573486,2.960393190383911,0.9992475211620331,0.0040283203125,0.0017548529867781326,0.18568922579288483,0.5872668474912643,23.583638668060303,2.463969376505702,0.5992830063443668,0.2165777087211609,0.20988419651985168,0.22385120391845703,841.1132358078565,,,,,,,
774,1585152,349.5196450052469,476.02388336937497,1001.0,6.871443135140087,0.6290713566518982,1.2959573161731337,-0.0004170372267253697,7.814901947975159,3.907033920288086,2.9608868956565857,1.0004590451717377,0.0023193359375,0.0005606177437584847,0.13442176580429077,0.4241303503513336,19.395127296447754,2.4657312345079845,0.6021146731399073,0.2165258228778839,0.209787517786026,0.22369150817394257,815.9949536260651,,,,,,,
775,1587200,353.710785636481,472.4831472783019,1001.0,6.8984137412659985,0.6248761677955534,1.2990292272145068,-0.0018318697111681104,9.285168647766113,4.64075243473053,2.9401795864105225,0.9994162768125534,0.001708984375,0.0015145255165407434,0.1972118318080902,0.46070171892642975,21.52639102935791,2.4609728589857696,0.607671593532341,0.2164870798587799,0.20973549783229828,0.2235681116580963,854.3964706090991,,,,,,,
776,1589248,342.11179737170596,469.2094172289162,1001.0,7.276854081149125,0.6368431365579972,1.3353005317154194,-0.001749738003127277,12.474493026733398,6.235496759414673,2.950856566429138,0.9996448159217834,0.00927734375,0.0020917063375236467,0.1539030224084854,0.3449871316552162,25.495891571044922,2.460764552699402,0.6079977988949282,0.21642129123210907,0.209598571062088,0.22349998354911804,855.931061636858,,,,,,,
777,1591296,356.55544496838894,465.5321573720202,1001.0,7.30863403014216,0.6216679884263867,1.338025992353121,-0.002281585242599249,12.128781080245972,6.062108993530273,2.9305036067962646,1.000912070274353,0.0103759765625,0.0008556908724131063,0.27341240644454956,0.33982283622026443,25.127954483032227,2.463742224688758,0.6106896389553222,0.2163424789905548,0.20941267907619476,0.22347374260425568,850.3383092966196,,,,,,,
778,1593344,335.0717171108229,461.11212067460457,1001.0,7.355297135504876,0.6428656309029412,1.3430913085448681,-0.0037522836355492473,13.564496994018555,6.778496265411377,2.9546332359313965,0.999340370297432,0.005615234375,0.001997993473196402,0.13420312106609344,0.5104483664035797,26.981727600097656,2.4643020727235125,0.6072570544391835,0.2162642627954483,0.20929163694381714,0.22338785231113434,853.0615966043741,,,,,,,
779,1595392,347.3780523100861,456.1092986754621,1001.0,7.232572352882826,0.6319351853200109,1.3323187972578605,-0.002995386195834726,12.123291015625,6.0586501359939575,2.942603349685669,0.999863862991333,0.009033203125,0.0016316255350830033,0.18871214985847473,0.5465646833181381,25.563514232635498,2.4636771966324886,0.6006499094309727,0.21616902947425842,0.20917238295078278,0.2232944220304489,847.2431711453333,,,,,,,
780,1597440,352.65243287013675,450.7613219600477,1001.0,7.027686968191386,0.6258605674298426,1.3130628631474703,-0.0024245436652563512,9.16221022605896,4.578680515289307,2.95082825422287,1.000970482826233,0.02099609375,0.0014563995064236224,0.25552068650722504,0.5257745534181595,22.023942947387695,2.4648285611037863,0.6037974053619751,0.21610121428966522,0.20907436311244965,0.2232680469751358,818.5545510723684,1.299095079091857,1.3853919691965484,0.23093037902811625,1.204582544318479,0.0,0.0,1.0
781,1599488,350.0112574075641,445.4513280517111,1001.0,6.905264217908857,0.6284588794583592,1.3017170454846487,-0.0023402672377415,7.767723917961121,3.881521761417389,2.969219148159027,0.9997435063123703,0.015625,0.0022655893553746864,0.24021419882774353,0.44799114763736725,20.264437675476074,2.4641132475080667,0.5989249662191423,0.21603938937187195,0.20904356241226196,0.22333042323589325,853.697231026407,,,,,,,
782,1601536,342.14483278354794,440.3383803155216,1001.0,6.945674724884107,0.6360541297446847,1.304946321534986,-0.002248098375275731,6.84657084941864,3.4210373759269714,2.951563239097595,0.9989143759012222,0.011962890625,0.002838816784787923,0.2047707885503769,0.6123594343662262,19.25743532180786,2.4654827908379957,0.605616319994328,0.21597176790237427,0.20904438197612762,0.22338037192821503,854.5469987237777,,,,,,,
783,1603584,377.1114470798624,435.78121720578497,1001.0,6.314129317302867,0.6024266370522353,1.2436856650566963,-0.002120346005540341,3.0713303685188293,1.5335448384284973,2.9362106919288635,1.0002882480621338,0.015380859375,0.0018347872828599066,0.3567878156900406,0.4462306424975395,11.667474508285522,2.464193415173213,0.6037862873879313,0.21589788794517517,0.20904645323753357,0.22338680922985077,855.8633867519997,,,,,,,
784,1605632,407.8947173619984,432.33061716065794,1001.0,5.630467114748467,0.5731807477423797,1.1732554524205903,-0.0024880198179744184,0.9308553040027618,0.46293963491916656,2.941862165927887,1.0005995035171509,0.0086669921875,0.0010677001118892804,0.3690394014120102,0.4873402491211891,0.792485922574997,2.4647148684744025,0.6087547775031572,0.21584977209568024,0.20910106599330902,0.22340023517608643,845.100350227785,,,,,,,
785,1607680,446.96815440530406,429.9083763533437,1001.0,5.012114469464249,0.5344187995116773,1.1053327752271982,-0.0018371016485616565,3.841960370540619,1.9191430807113647,2.9504249691963196,1.0009974241256714,0.0067138671875,0.0003479261722532101,0.25916969776153564,0.4709330052137375,10.346198558807373,2.460914760493324,0.6054141419177488,0.215825155377388,0.20918625593185425,0.22344529628753662,858.2761280315297,,,,,,,
786,1609728,445.26600322674136,428.16858437862817,1001.0,4.956324120818353,0.535851149405784,1.0995319261649308,-0.0030123665928840637,3.6851887702941895,1.8395820260047913,2.9565081000328064,1.0011188983917236,0.0064697265625,8.521285781171173e-05,0.24236182868480682,0.43658340722322464,11.347553730010986,2.4657735848304583,0.6063245794551093,0.21580639481544495,0.2092546820640564,0.2234581708908081,832.689624881142,,,,,,,
787,1611776,448.2835900951305,426.7518145752996,1001.0,4.940170102034223,0.5335562017273083,1.0975826567428952,-0.0014414568431675434,4.816819190979004,2.406968116760254,2.9571975469589233,0.9995861947536469,0.011962890625,0.00221164315007627,0.20559431612491608,0.3297034725546837,14.598072528839111,2.4646400402853033,0.6067365154879855,0.21578991413116455,0.20931361615657806,0.22342205047607422,846.1727260337508,,,,,,,
788,1613824,482.10579650861683,425.9694458685652,1001.0,4.412040381625067,0.4998845284174163,1.0364390917202444,-0.00137546774931252,11.017658233642578,5.507453680038452,2.94176322221756,0.9998231381177902,0.0101318359375,0.0019365572225069627,0.11485794186592102,0.3297921270132065,22.416266918182373,2.4645002664474305,0.5982560985766892,0.21578875184059143,0.20940279960632324,0.22338047623634338,835.954223300296,,,,,,,
789,1615872,490.98670007974874,425.36870707550946,1001.0,4.245218344568636,0.49123043470313377,1.0160133606817079,-0.001965188654139638,14.365582942962646,7.180826306343079,2.9732808470726013,0.9995057731866837,0.0059814453125,0.0018791260663419962,0.08592921495437622,0.4369671791791916,26.518925666809082,2.461582283838652,0.6035903374564642,0.21579039096832275,0.20948192477226257,0.2233991175889969,840.512009743494,,,,,,,
790,1617920,521.9317407576139,425.34993653783096,1001.0,3.853118481911563,0.46088716564240784,0.9669351611802365,-0.003536659525707364,23.258906364440918,11.625916481018066,2.9448240995407104,1.0004108548164368,0.00927734375,0.0012676321130129509,0.047701239585876465,0.5396050065755844,33.472262382507324,2.4627130379376467,0.601171562263993,0.21575197577476501,0.20948538184165955,0.2234012335538864,845.5028426281084,0.9899198102984037,1.0222124673708675,0.20622126982359748,1.3769402076056283,0.0,0.0,1.0
791,1619968,510.18367236929294,425.4948155772531,1001.0,3.9676734737921464,0.4726643470201643,0.9827065178853763,-0.0003246153937652707,20.072294235229492,10.03582239151001,2.9322636127471924,1.0001326203346252,0.005126953125,0.00106419061194174,0.04407943785190582,0.41759761422872543,31.26768159866333,2.460543528519338,0.5951524473781736,0.21564343571662903,0.2093159407377243,0.22336822748184204,824.8686959772865,,,,,,,
792,1622016,521.367866478051,425.7277938124568,1001.0,3.839544397840644,0.4618656645253922,0.9657128207373186,-0.002539166249334812,24.185020923614502,12.08997130393982,2.9423194527626038,0.9988968670368195,0.0130615234375,0.0028995419706916437,0.035273417830467224,0.40734419971704483,33.45582389831543,2.463147499191109,0.5917839491211119,0.21551476418972015,0.2091330587863922,0.22324751317501068,854.1164395989359,,,,,,,
793,1624064,511.38835418807946,425.94357746046967,1001.0,3.974220697256759,0.47155653235635087,0.9824191383899634,-0.0024706425610929728,27.991432189941406,13.993245601654053,2.9414899349212646,0.9998466223478317,0.0032958984375,0.0011465662682894617,-0.008152544498443604,0.5212611556053162,37.00025749206543,2.4607600915041985,0.6012069722696912,0.21535521745681763,0.20894351601600647,0.22315140068531036,860.4645241423336,,,,,,,
794,1626112,568.7325266726363,427.6142739710513,1001.0,3.316409525697596,0.4160541162952335,0.8961027661944753,-6.0130900237709284e-05,44.72300720214844,22.361443519592285,2.9567301273345947,0.9998322129249573,0.0015869140625,0.0010732799273682758,0.01526854932308197,0.26004306972026825,46.8970947265625,2.4610579032450914,0.6019956541833401,0.21513739228248596,0.20866703987121582,0.22296875715255737,846.3689343641962,,,,,,,
795,1628160,584.7851193423583,429.6670206661562,1001.0,3.1394942668688666,0.39972294680731524,0.8703455629578278,-0.0018916843691840768,58.57622146606445,29.286219120025635,2.917090594768524,1.0006394982337952,0.0030517578125,2.0009101717732847e-06,0.00817282497882843,0.48971252888441086,53.50611972808838,2.4640264889749233,0.6067651173940548,0.2149503231048584,0.20837736129760742,0.2226935774087906,854.5861395220822,,,,,,,
796,1630208,595.6113687849838,431.8130465622329,1001.0,3.0282941621812407,0.38922295295834997,0.8544565614294075,-0.0017832452431321144,58.03783988952637,29.017137050628662,2.9515727162361145,0.9993199706077576,0.0107421875,0.0022020983888069168,0.018472030758857727,0.5665461644530296,52.54935264587402,2.460800349843339,0.6028818884868482,0.214793860912323,0.20813196897506714,0.2224041074514389,864.3815613191276,,,,,,,
797,1632256,564.3155157138598,433.25550380179106,1001.0,3.367360156959709,0.4201654128308567,0.9023187218310779,-0.0016155516495928168,47.82857418060303,23.91267204284668,2.9401515126228333,1.0006494224071503,0.0009765625,0.00015000054554548115,0.006007596850395203,0.6088782846927643,48.627859115600586,2.4600981685944134,0.5973716279900182,0.2146379053592682,0.20786882936954498,0.22223077714443207,840.3351269283222,,,,,,,
798,1634304,546.1876478151734,434.3720035835654,1001.0,3.621915991553225,0.43803941298572857,0.9366087952937177,-0.0014954598154872656,39.27324104309082,19.635125160217285,2.9285685420036316,1.0011907517910004,0.0078125,-0.00027379127277527004,-0.0038561224937438965,0.6993639767169952,44.37952423095703,2.463528491833131,0.595910659649087,0.21451756358146667,0.20765647292137146,0.2221251279115677,837.8881442222117,,,,,,,
799,1636352,544.341868701007,436.08345115639054,1001.0,3.6501819324085396,0.43910489627623434,0.9387814080796526,-0.0012348818127065897,44.66037082672119,22.328950881958008,2.8936002254486084,1.0009827315807343,0.001953125,-0.00046015812404220924,-0.029080480337142944,0.4549195170402527,47.7127628326416,2.4683636556146666,0.6059307342311149,0.21438243985176086,0.20746666193008423,0.2220168560743332,835.9465663840188,,,,,,,
800,1638400,550.1724909886655,437.88191352882114,1001.0,3.56212300705686,0.433971918493487,0.9283246837487094,-0.0005668031517416239,37.73575687408447,18.86731195449829,2.9079578518867493,1.0001724362373352,0.0006103515625,0.00032123722485266626,0.0035785287618637085,0.40060905367136,43.312164306640625,2.463678756757872,0.5999350898815203,0.2142937034368515,0.20732590556144714,0.2219822108745575,830.7606357169115,0.9281375145552732,0.9230591276862583,0.26034425671972966,1.3028220307158016,0.0,0.0,1.0
801,1640448,550.6952440599672,439.1784069653692,1001.0,3.5594333181299627,0.43361655582257663,0.9275973496595017,-0.0017777727916836739,40.220027923583984,20.10823631286621,2.9307249188423157,1.0009706914424896,0.0029296875,-0.0002923613792518154,-0.0022409260272979736,0.4531303867697716,44.89506912231445,2.460776991501916,0.59863199117834,0.2142390012741089,0.20725078880786896,0.22206251323223114,839.037329029527,,,,,,,
802,1642496,554.1635043988126,441.1504061404461,1001.0,3.4915493176310837,0.4299355243317964,0.9188306140779854,-0.0023013445315882564,37.41036033630371,18.702878952026367,2.89944851398468,0.9991574436426163,0.0050048828125,0.0017595201934454963,0.009720951318740845,0.6827607303857803,43.08919811248779,2.459859526818036,0.6180516297854217,0.21421387791633606,0.20728030800819397,0.22213491797447205,841.3611034792963,,,,,,,
803,1644544,550.7420740172257,443.1053765158169,1001.0,3.558577668565574,0.433344556098601,0.9275155912412144,-0.0008743169018998742,38.22334289550781,19.11079740524292,2.9104071855545044,0.9987210184335709,0.0032958984375,0.002406715400866233,0.0008800476789474487,0.33069365471601486,43.646413803100586,2.461044791212771,0.5978734454674011,0.2141658514738083,0.2073386013507843,0.22205553948879242,800.0914667058131,,,,,,,
804,1646592,554.9158302710429,445.18092781597136,1001.0,3.4649174188991263,0.42949134463001315,0.9145171694597743,-0.0010827400838024914,38.32528781890869,19.161561489105225,2.915885329246521,1.0001598000526428,0.0003662109375,0.0003343837452121079,0.00860382616519928,0.5454430878162384,43.84085941314697,2.460872792857117,0.60877627491041,0.2141394466161728,0.2074151486158371,0.22193360328674316,822.1123567009489,,,,,,,
805,1648640,541.2827037770057,447.36864858969454,1001.0,3.6792592193257656,0.443151385993526,0.9431621378761603,-0.0023285002098418772,37.51202964782715,18.75368642807007,2.911068618297577,1.0011748373508453,0.0059814453125,-0.0003687560965772718,-0.005146294832229614,0.4116305485367775,43.93227767944336,2.4617701981478604,0.6026723009306568,0.21413788199424744,0.2074488401412964,0.22185371816158295,829.9075374232757,,,,,,,
806,1650688,545.8712375621893,449.500444824501,1001.0,3.6089336851501104,0.438209164963994,0.9337836465487155,-0.0018275888869538903,40.49986171722412,20.248103618621826,2.9026209115982056,1.0019874572753906,0.0057373046875,-0.0011841413361253217,-0.014870822429656982,0.5027581080794334,45.884077072143555,2.4649841744831065,0.6053240685043789,0.21411041915416718,0.20744745433330536,0.22177451848983765,846.7069637109335,,,,,,,
807,1652736,532.2943689730507,451.5862685217226,1001.0,3.8570813751627315,0.4517497779116504,0.9656382527778101,-0.0019882254418917,34.10798454284668,17.05200433731079,2.924456000328064,1.0002137422561646,0.0084228515625,0.0012301563838263974,-0.010567516088485718,0.45251380652189255,41.46154975891113,2.4669744285201887,0.6132944853690645,0.2140873372554779,0.2073872983455658,0.22167424857616425,844.2361975918025,,,,,,,
808,1654784,528.3300687795572,453.2814292632739,1001.0,3.851392659269285,0.45495294872557834,0.9655627592082986,-0.0016903982614167035,26.864338397979736,13.430478811264038,2.9110514521598816,0.9999740123748779,0.01171875,0.001830015447922051,-0.003396153450012207,0.4792047068476677,36.03881549835205,2.4637573333166074,0.615021354000304,0.21405154466629028,0.20730571448802948,0.22155772149562836,846.7386707809927,,,,,,,
809,1656832,517.1516529608932,454.8102490924458,1001.0,4.013944270705565,0.4654917544870335,0.9865459143161422,-0.001958658453077078,20.165902137756348,10.080992460250854,2.9077433943748474,0.9993809908628464,0.0076904296875,0.0020483044208958745,0.026881128549575806,0.42533330619335175,30.9823260307312,2.4619519253465114,0.6118913387154769,0.21398614346981049,0.20724454522132874,0.22146286070346832,820.8792845728819,,,,,,,
810,1658880,494.19246321087826,455.46948503841867,1001.0,4.38390462598498,0.48898098415229985,1.0323499428568927,-0.0032093918416649103,11.68593692779541,5.839758992195129,2.9256362915039062,1.000371277332306,0.0079345703125,0.001024621662509162,0.03873451054096222,0.5350148379802704,23.55808925628662,2.4653967649210244,0.6166569521016257,0.21390286087989807,0.20718048512935638,0.2213222235441208,859.6217259356999,1.0433238813828631,1.0291862133073546,0.3030221882569598,1.509448631658668,0.0,0.0,1.0
811,1660928,505.01374985965447,455.8980108131485,1001.0,4.231389590670553,0.47738556670030374,1.0136854107359927,-0.0012958783190697432,12.076430082321167,6.0369192361831665,2.9168366193771362,0.9992410987615585,0.0062255859375,0.002131173161615152,0.05389256775379181,0.43572602421045303,23.549811363220215,2.4638397451635683,0.6160319068732034,0.21381820738315582,0.20706088840961456,0.22117406129837036,851.6973993571236,,,,,,,
812,1662976,481.3089602062279,456.5479218719444,1001.0,4.564774631903308,0.5008461228599561,1.0533813897047744,-0.0011008220026269555,10.119355201721191,5.058576703071594,2.9119940400123596,0.9981749951839447,0.0093994140625,0.0033680275664664805,0.03513799607753754,0.5050090998411179,21.782433032989502,2.467614743291051,0.6181856666098475,0.21374741196632385,0.20688223838806152,0.22105613350868225,847.7314732473795,,,,,,,
813,1665024,482.07596752896956,457.1234756594581,1001.0,4.454830041053027,0.5001851645520792,1.0405929741489928,-0.002308121183887124,8.654829263687134,4.325106620788574,2.900237023830414,1.0004067420959473,0.0177001953125,0.0017080128454836085,0.023925557732582092,0.5066440775990486,20.4150390625,2.4641030644997954,0.6158836309275806,0.21368899941444397,0.2067655473947525,0.22102297842502594,852.873945220297,,,,,,,
814,1667072,525.9434739625544,459.1337996180432,1001.0,3.869273207017437,0.45717455067443247,0.9691197406097204,-0.0018631553393788636,17.657150268554688,8.826711893081665,2.8846485018730164,1.0002351701259613,0.0084228515625,0.0012323764385655522,0.023224279284477234,0.36392827332019806,28.514986515045166,2.462689811567543,0.6192164941547154,0.21360288560390472,0.20657894015312195,0.22099332511425018,806.9193110277007,,,,,,,
815,1669120,517.4730022422063,461.11149835259437,1001.0,3.931439255046938,0.46531354989361606,0.9772699486842391,-0.0016732164658606052,17.910434246063232,8.953543901443481,2.8887529373168945,0.9996770024299622,0.003173828125,0.0012511953827925026,0.004314601421356201,0.451619915664196,29.362836837768555,2.461780229830765,0.6261339544973874,0.2134953886270523,0.20631130039691925,0.22087529301643372,855.690533996808,,,,,,,
816,1671168,535.0751403585257,463.7593815360886,1001.0,3.7035763764021583,0.4484189522357148,0.9467915464146349,-0.003740965388715267,26.33988332748413,13.166200876235962,2.8754937648773193,1.0022599697113037,0.012939453125,-0.0004461306525627151,0.00012038648128509521,0.6393609121441841,36.25811290740967,2.4629158855823334,0.621500342751995,0.21340389549732208,0.20609846711158752,0.22076669335365295,856.4650269662556,,,,,,,
817,1673216,514.0876513831172,466.0552924989612,1001.0,3.9724777201625265,0.4688208000112719,0.9819331495520042,-0.0006147220265120268,18.744147300720215,9.371459007263184,2.9030798077583313,1.0008965134620667,0.00390625,1.170774339698255e-05,-0.0014679133892059326,0.4300899878144264,29.992724895477295,2.459199129632907,0.6181930856026404,0.21334558725357056,0.20598815381526947,0.22067350149154663,860.4033024027076,,,,,,,
818,1675264,519.873233414595,468.81985664993726,1001.0,3.931692452583407,0.46496372148048015,0.9761292923094393,-0.000530790479388088,18.507766723632812,9.253352642059326,2.896281123161316,0.9998726844787598,0.000244140625,0.0005544501327676699,0.004197567701339722,0.3049958273768425,29.817761421203613,2.4637354505684925,0.615545708748255,0.21326106786727905,0.205888569355011,0.22045323252677917,853.925120877381,,,,,,,
819,1677312,521.7303087512789,472.3190036603548,1001.0,3.977939554619047,0.46138531781216274,0.9808929108041273,-0.0014906067517586052,21.918977737426758,10.957998275756836,2.8749939799308777,1.0001880824565887,0.001953125,0.00019595852063503116,-0.005367010831832886,0.7425746470689774,33.111989974975586,2.465238710065023,0.6213031833535456,0.21316394209861755,0.2057989537715912,0.22021937370300293,858.1984154535131,,,,,,,
820,1679360,509.69649339441617,475.6431429369607,1001.0,4.08096876378732,0.4735759123840662,0.994167438382752,-0.0007725425530225039,18.161160469055176,9.079807758331299,2.872744917869568,0.9994734227657318,0.0028076171875,0.0012813879584427923,-0.0032084286212921143,0.7102314233779907,30.08252191543579,2.466932946801535,0.6262757779733137,0.21308530867099762,0.20586781203746796,0.21995216608047485,857.6695943017122,1.0181057138065508,0.9908700469273534,0.3162322741814157,1.6773865590543495,0.0,0.0,1.0
821,1681408,505.52457933692773,478.57849901543676,1001.0,4.217485844560928,0.477470777041399,1.0114266175337423,-0.0020558536052703857,14.23809027671814,7.116989374160767,2.861898720264435,1.0001973509788513,0.001953125,0.00045902836427558213,0.020725831389427185,0.4892878755927086,26.50428056716919,2.4659261056076502,0.6246485951589793,0.21302008628845215,0.20593154430389404,0.21970447897911072,847.3482766106586,,,,,,,
822,1683456,495.6599002333213,481.5803153750088,1001.0,4.356406816048549,0.48774051194108736,1.0285853231401527,-0.0007826240616850555,10.241503953933716,5.119969367980957,2.8687856197357178,0.9992866665124893,0.00537109375,0.0019079848061664961,0.036100611090660095,0.37452566623687744,22.398333072662354,2.4569324318290455,0.6227708917810667,0.21296793222427368,0.20590433478355408,0.21959379315376282,839.1894789536832,,,,,,,
823,1685504,485.4844570459359,484.30753223522913,1001.0,4.6211540845972126,0.49718292685192444,1.0600110621743655,-0.0017499446403235197,7.502214789390564,3.7493574619293213,2.8564292788505554,0.9983176440000534,0.010986328125,0.003459258674411103,0.06134574115276337,0.4273965284228325,17.97500705718994,2.46197291444696,0.6309620774881474,0.2129208892583847,0.20586265623569489,0.21957194805145264,833.6105899217545,,,,,,,
824,1687552,458.3521288765512,486.48418191265523,1001.0,5.023765319712277,0.5235129789084804,1.1065797979706393,-0.001019336690660566,3.1483028531074524,1.5731320977210999,2.8830302357673645,1.0010649859905243,0.0047607421875,8.343260560650378e-06,0.14378544688224792,0.4047899544239044,11.278710126876831,2.4662822329992196,0.61253969265759,0.21286113560199738,0.20585116744041443,0.21952569484710693,858.0296592848359,,,,,,,
825,1689600,440.91507915357414,488.22826778299714,1001.0,5.251063586221066,0.5406432901868158,1.1324322439464012,-0.0008443060796707869,1.4526869654655457,0.7254991680383682,2.8761337995529175,0.9999858438968658,0.0013427734375,0.0006996998272370547,0.2202630341053009,0.38456065207719803,6.520525217056274,2.466033836302813,0.6204035345358762,0.21282485127449036,0.20585033297538757,0.21957921981811523,857.9826627345263,,,,,,,
826,1691648,451.78832322643444,490.42179830009167,1001.0,5.088543369888637,0.5299229013939162,1.1148670906385079,-0.0012330200988799334,1.7098705172538757,0.8537022471427917,2.8748409152030945,1.0002950727939606,0.00927734375,0.0013397972361417487,0.1732494831085205,0.4061770886182785,6.42803156375885,2.4633270532794995,0.6218076215049257,0.21279451251029968,0.20583030581474304,0.21961653232574463,816.0207814036385,,,,,,,
827,1693696,449.1450762319325,492.2735909253626,1001.0,5.079982822067947,0.5320719875835345,1.1141049201985151,-0.0024896376999095082,1.4002536237239838,0.6976371854543686,2.902470827102661,1.000411331653595,0.011474609375,0.0013855035067535937,0.14952179789543152,0.5508399680256844,3.5944132804870605,2.459479075812851,0.6213473747817908,0.21279926598072052,0.2058919370174408,0.21963752806186676,836.7005532724572,,,,,,,
828,1695744,446.7590294330407,494.50733717180685,1001.0,5.006168920752421,0.5346805587154133,1.106375332937854,-0.0017233914695680141,1.0654148757457733,0.5309840440750122,2.8549431562423706,0.9996703565120697,0.0040283203125,0.0015079508448252454,0.14522390067577362,0.48210977017879486,3.1922993659973145,2.4606277518178103,0.626665795277728,0.21280238032341003,0.20594073832035065,0.2195969521999359,847.7474890976248,,,,,,,
829,1697792,426.90542284199086,496.097884582445,1001.0,5.509972487188461,0.5538319903994154,1.1611620718466513,-0.0012050661025568843,1.0408625304698944,0.5192261934280396,2.907969295978546,1.000444382429123,0.0030517578125,0.0005243239720584825,0.26226404309272766,0.6079478114843369,2.113438129425049,2.462835690108477,0.6145394304550389,0.21275854110717773,0.20597603917121887,0.2195344716310501,852.6933173628812,,,,,,,
830,1699840,438.859948730082,497.8220348996438,1001.0,5.355366237392621,0.5421109321646636,1.1453925535546738,-0.001688026124611497,0.8543011695146561,0.4254625514149666,2.8887957334518433,1.0014168322086334,0.0087890625,2.398852666374296e-05,0.30853627622127533,0.7183572798967361,2.468437671661377,2.4618772433750564,0.6102176424251325,0.21273785829544067,0.20608998835086823,0.21950194239616394,858.8294330445083,1.127954526428009,1.1280601795277818,0.3421484121918028,1.5265688101761652,0.0,0.0,1.0
831,1701888,453.6213036707893,499.8942358249085,1001.0,5.009968851940817,0.5274374146238245,1.1068106950639425,-0.002599439350888133,1.3312686383724213,0.6630348861217499,2.8977322578430176,1.000337541103363,0.0023193359375,0.0004975788397132419,0.17165495455265045,0.5857355892658234,1.8056174516677856,2.4608219015644863,0.6188903483485171,0.21268370747566223,0.20622187852859497,0.2193858027458191,861.6908085759153,,,,,,,
832,1703936,445.88770446326015,501.96909325850277,1001.0,5.069057358628903,0.5350506483444102,1.1138883728982902,-0.002772705105599016,0.7873153835535049,0.39088498055934906,2.8755926489830017,1.0004445910453796,0.0142822265625,0.0015923388709779829,0.22861510515213013,0.6034480482339859,2.460572600364685,2.461464154854184,0.6202620031080683,0.21263498067855835,0.2062900811433792,0.21932417154312134,821.3055224912807,,,,,,,
833,1705984,451.80000373060517,503.4628643915175,1001.0,4.961822018256302,0.5295270125534508,1.1010642294108965,-0.002567180956248194,1.5668990314006805,0.7808823436498642,2.8962785601615906,1.0009020864963531,0.0029296875,-4.593978519551456e-05,0.18335120379924774,0.5748032033443451,7.224366664886475,2.463700076637906,0.606305147655877,0.21261851489543915,0.20631787180900574,0.21930000185966492,839.4291337416727,,,,,,,
834,1708032,449.39860412262976,504.29294212673017,1001.0,5.05574000401646,0.5321928231948365,1.1114232878100423,-0.0011465527350082994,1.1294485330581665,0.5635777115821838,2.8649659156799316,1.0015506744384766,0.0064697265625,-0.00028598382778000087,0.252542182803154,0.3655048608779907,5.834575653076172,2.4616149117355235,0.615943637026228,0.21259352564811707,0.20634165406227112,0.21922680735588074,857.7351651561687,,,,,,,
835,1710080,458.2225348786075,504.51802973619624,1001.0,4.8589473008606845,0.5237727521457862,1.0898542515988294,-0.0015885959728620946,1.2881477773189545,0.6424852907657623,2.896941363811493,1.0005796551704407,0.0032958984375,0.00046250817831605673,0.20007316768169403,0.6956792026758194,5.519481182098389,2.4651970411796356,0.607273379182519,0.21256455779075623,0.20633479952812195,0.2191280573606491,865.3378578804383,,,,,,,
836,1712128,477.27799696745956,505.1582696110106,1001.0,4.5459500867981975,0.50529525735056,1.0532952180153863,-0.0024850135669112206,2.8199429512023926,1.4074864387512207,2.8981853723526,1.000999927520752,0.0107421875,0.0005686293443432078,0.11099953949451447,0.7812914252281189,9.71774959564209,2.465173253614921,0.6102847159076249,0.21257230639457703,0.20629294216632843,0.21909692883491516,856.0770520806332,,,,,,,
837,1714176,457.4889129280235,505.34237606766845,1001.0,4.906335472222166,0.5249676094298833,1.0935934970683934,-0.002317039994522929,3.6701601147651672,1.8327630162239075,2.8904547691345215,0.9996971040964127,0.001953125,0.0012064299517078325,0.0908806324005127,0.5408421605825424,12.99443507194519,2.4717241753824055,0.6068876284103294,0.21256417036056519,0.20632235705852509,0.21904398500919342,829.4437719205774,,,,,,,
838,1716224,475.4590595002675,505.20944132750157,1001.0,4.525533567199483,0.5064695951700207,1.0502759631748502,-0.0018379662651568651,3.9376964569091797,1.967010259628296,2.886572480201721,1.0014805793762207,0.0047607421875,-0.00032516758801648393,0.058476999402046204,0.5587868690490723,13.008772850036621,2.4673501459910767,0.6045500108135023,0.21251828968524933,0.2064056694507599,0.2188936471939087,817.4261264511512,,,,,,,
839,1718272,489.65523589533666,505.1828120438133,1001.0,4.371816620420534,0.4929297390196063,1.0316444205017343,-0.0016506464453414083,5.920789361000061,2.9587440490722656,2.8862722516059875,1.0003039240837097,0.0147705078125,0.001782449646270834,0.06640668213367462,0.5141203999519348,16.538984775543213,2.466406315943459,0.618832500325143,0.2124752253293991,0.20650948584079742,0.21875980496406555,852.6773128966719,,,,,,,
840,1720320,477.9993253892213,504.30416373644533,1001.0,4.47493514078527,0.5041920976319674,1.0438479514165555,-0.0019012062111869454,4.289310812950134,2.1427541971206665,2.870080053806305,0.998848170042038,0.018310546875,0.003385455143870786,0.0350765734910965,0.42332790046930313,14.382168292999268,2.464298289633007,0.6007779455080842,0.21245451271533966,0.20668500661849976,0.2186572402715683,859.6253820918051,1.0547861635059705,1.0560493308635426,0.29820051073463505,1.6397338152406613,0.0,0.0,1.0
841,1722368,489.0985329313992,503.88246094768743,1001.0,4.300170815637593,0.49362056415418903,1.02315452145945,-0.001897403853945434,4.205819368362427,2.1010122299194336,2.8733113408088684,0.99924536049366,0.0076904296875,0.002255574247101322,0.05812166631221771,0.5642703026533127,13.54731273651123,2.4641002575372113,0.6004108548578085,0.21240952610969543,0.20683632791042328,0.21856851875782013,855.6224964210095,,,,,,,
842,1724416,476.1297273464296,502.977698165055,1001.0,4.5605824248627425,0.5060737789368801,1.0535037340168636,-0.0029883611714467406,2.7560063004493713,1.3750147819519043,2.9006535410881042,1.0020736753940582,0.0216064453125,0.0002618783328216523,0.12866979837417603,0.6336513534188271,10.754455327987671,2.4644472402869724,0.6038463102942209,0.21234822273254395,0.20690110325813293,0.2185206115245819,843.2626109253839,,,,,,,
843,1726464,467.71248731154105,502.10418082752426,1001.0,4.6683741933474945,0.5141626467953129,1.0663596120367917,-0.0015041336882859468,1.9156857132911682,0.9563387185335159,2.8601781725883484,0.9985844790935516,0.0032958984375,0.0026015114272013307,0.11305952072143555,0.4612015038728714,7.605263829231262,2.465881269003148,0.6026961680721898,0.2123059779405594,0.2068178802728653,0.2185518592596054,833.6963467590222,,,,,,,
844,1728512,463.6139367545885,500.0018090291632,1001.0,4.688809189222354,0.5180354254299206,1.0688579389417134,-0.0008068467723205686,1.619962602853775,0.8091744482517242,2.888961672782898,0.9991824924945831,0.0032958984375,0.0019187924626749009,0.12053784728050232,0.44531939178705215,7.71027410030365,2.461151628915104,0.60627397889431,0.2122480273246765,0.2066255509853363,0.21853971481323242,828.2920954052945,,,,,,,
845,1730560,446.53681607672945,497.2368429638507,1001.0,4.938936313732972,0.5350242085275421,1.097506054669437,-0.0023673148825764656,0.5515230149030685,0.2733941897749901,2.8646366596221924,1.0003519654273987,0.0029296875,0.0006399539561243728,0.17438964545726776,0.43257689476013184,0.6777129918336868,2.4610109524073778,0.6020685171272528,0.21218159794807434,0.2064308524131775,0.21836943924427032,842.8395424021606,,,,,,,
846,1732608,442.9570138543777,494.18375586523854,1001.0,5.084149491476969,0.5381793807325166,1.1135414192025876,-0.0024852983187884092,0.7929976135492325,0.39401350915431976,2.883711040019989,0.9990554302930832,0.023193359375,0.003447485898504965,0.17076638340950012,0.6318490654230118,0.9250597059726715,2.4632334544876358,0.6077515219545857,0.2121332585811615,0.20629844069480896,0.2181743085384369,853.7436112100748,,,,,,,
847,1734656,431.71207967722717,491.5316871445059,1001.0,5.279230831500287,0.5491108315760564,1.1356183926196226,-0.001238640514202416,1.761546552181244,0.8795346319675446,2.8659393787384033,1.0005709528923035,0.0106201171875,0.0012706526831607334,0.21467627584934235,0.46965935081243515,7.4921005964279175,2.4571029048383934,0.6000435740479465,0.2120620459318161,0.20616514980793,0.21796095371246338,848.2029846495578,,,,,,,
848,1736704,400.679192355028,488.6215180353029,1001.0,5.7942179717930316,0.5789732944637018,1.1901882044313234,-0.003313695779070258,3.636369466781616,1.8148710429668427,2.8778043389320374,1.0007455348968506,0.0169677734375,0.0012338511151028797,0.18283429741859436,0.6465548500418663,12.518093347549438,2.4648387427441776,0.6002630827467336,0.21197424829006195,0.20604746043682098,0.21773697435855865,853.1792879023603,,,,,,,
849,1738752,409.10121924871487,485.9167050462573,1001.0,5.718843388292198,0.5712233837618197,1.1828565698881832,-0.0010925978422164917,2.3535303473472595,1.175672560930252,2.853336751461029,0.9998928308486938,0.0025634765625,0.0008276716835098341,0.27274273335933685,0.5061110034584999,9.059902429580688,2.459255910682259,0.6136055400789017,0.2118753045797348,0.20594456791877747,0.2174840122461319,832.6893520021565,,,,,,,
850,1740800,397.1984521590887,482.85722426966583,1001.0,5.791187456332819,0.5826093241274859,1.1903856880379955,-0.002882084809243679,5.173279523849487,2.5837576389312744,2.888237774372101,1.001084953546524,0.0045166015625,-0.0004622046762960963,0.1430848091840744,0.6795652806758881,15.587230682373047,2.460354827067931,0.6034442076238412,0.21174506843090057,0.20580855011940002,0.21727119386196136,833.8824586407638,1.186851078410952,1.159756501304443,0.31399514419427077,1.776116242627727,0.0,0.0,1.0
851,1742848,427.2982092593292,480.389283573653,1001.0,5.535524633402369,0.5536996498003094,1.1628150975046527,-0.0009616537718102336,1.8830332159996033,0.9405549615621567,2.859232246875763,0.999449610710144,0.002685546875,0.0014976505772210658,0.39182624220848083,0.45374709367752075,8.193894982337952,2.45762006023142,0.6118291097542087,0.2116454541683197,0.20568476617336273,0.21722479164600372,845.8275463834925,,,,,,,
852,1744896,402.2815249498236,477.3516439846732,1001.0,5.694153335944053,0.5775857674023019,1.1803659510516498,-0.0022624358534812927,2.93646103143692,1.4659680724143982,2.884607672691345,1.0003723502159119,0.00439453125,0.0006025618786225095,0.2332276999950409,0.6106515824794769,11.231173753738403,2.461151960262214,0.6135327314021792,0.21163499355316162,0.2056301236152649,0.21728506684303284,842.3957636144892,,,,,,,
853,1746944,425.50269937863914,474.84685649190146,1001.0,5.507487620607182,0.5550187249484432,1.160004247119485,-0.0013016032753512263,1.2633398175239563,0.6303683072328568,2.8885502219200134,1.0005750358104706,0.0052490234375,0.0002506100572645664,0.43826642632484436,0.4548744782805443,6.393551826477051,2.4619524454465136,0.6086739361238523,0.21158826351165771,0.20550937950611115,0.2173389494419098,854.0346163859662,,,,,,,
854,1748992,444.52764198143575,472.6390927261093,1001.0,5.087398486077429,0.5369638308250805,1.1145255179465083,-0.003131711855530739,0.5869374871253967,0.2903370261192322,2.8439249396324158,1.0001436173915863,0.0035400390625,0.0009004125604405999,0.36971989274024963,0.5841279849410057,0.49154750257730484,2.4625428540311987,0.6109740741738333,0.21155431866645813,0.2053552120923996,0.2174358367919922,853.2029912899063,,,,,,,
855,1751040,427.4209381636781,470.36185741384264,1001.0,5.486212509207299,0.5540967585450379,1.1566197851974958,-0.0024971342645585537,0.8613058924674988,0.428155817091465,2.870514929294586,1.0010252594947815,0.0294189453125,0.0020126384624745697,0.4314962774515152,0.5814805179834366,3.008652687072754,2.4689939068775857,0.6013162904336876,0.2115606665611267,0.2052268236875534,0.21759331226348877,834.161143569839,,,,,,,
856,1753088,409.62472339567483,467.6369271305124,1001.0,5.770148978288033,0.5708719584400406,1.1872779917870364,-0.002042083302512765,1.717334508895874,0.8566251546144485,2.889199197292328,1.0002693235874176,0.015625,0.0017430143925594166,0.49914516508579254,0.5631786435842514,8.806472063064575,2.46909959630284,0.6050041802903414,0.21154236793518066,0.20508700609207153,0.21765747666358948,842.4761414560235,,,,,,,
857,1755136,399.7564456773704,464.9861686645989,1001.0,5.871827603472095,0.5808920622668545,1.1971623124134412,-0.0015879804268479347,1.5000633299350739,0.748443678021431,2.8710293769836426,0.9990280866622925,0.0120849609375,0.0026282735052518547,0.4593364894390106,0.42207254469394684,7.779532432556152,2.467066221361165,0.6063692277487728,0.21153584122657776,0.20501773059368134,0.21767698228359222,844.2270929208347,,,,,,,
858,1757184,400.69883488094206,462.4335439866266,1001.0,6.0849444605258505,0.58038647839493,1.219743201123328,-0.0021191841806285083,1.9239740371704102,0.9598678350448608,2.862640619277954,1.0006523430347443,0.0015869140625,-1.494344905950129e-05,0.4974384307861328,0.4540248364210129,8.712452411651611,2.4647539252910065,0.6091139578131206,0.21153321862220764,0.20503175258636475,0.21761155128479004,860.190563913374,,,,,,,
859,1759232,389.8022639846747,459.88655620710216,1001.0,6.154190299808584,0.5901324641215483,1.2275852561537672,-0.000979473756160587,3.673572838306427,1.835806965827942,2.873204290866852,0.9998859167098999,0.0015869140625,0.0009257880083168857,0.4624747186899185,0.5571799874305725,13.652299880981445,2.4660499363963027,0.610676865408295,0.21152879297733307,0.20504622161388397,0.21757246553897858,834.6456318939454,,,,,,,
860,1761280,402.5960949235008,458.05462884135466,1001.0,5.960160611100253,0.5775391154961849,1.2077502263058035,-0.004364636493846774,2.553384006023407,1.2723273634910583,2.8769049644470215,1.000441074371338,0.0106201171875,0.001195422315504402,0.46797892451286316,0.874655231833458,10.605878114700317,2.4651037898438517,0.6078331794673142,0.21150901913642883,0.20504586398601532,0.2175298035144806,854.4798812020832,1.1806359536303308,1.2356106974507075,0.33267208027990613,1.5265381738709303,0.0,0.0,1.0
861,1763328,393.03832022895847,455.8151202487407,1001.0,5.852436102391492,0.5865958685560354,1.1965333829433131,-0.003100078320130706,1.5386781990528107,0.7662390321493149,2.8721203804016113,1.0022934675216675,0.0087890625,-0.0007736608604318462,0.50529345870018,0.5193202793598175,8.848793506622314,2.4665474061330315,0.6105855004282377,0.2114882618188858,0.20507973432540894,0.21745643019676208,842.9487637209338,,,,,,,
862,1765376,414.14332179113717,454.4718074804389,1001.0,5.717589879081576,0.5665973196255379,1.1815479266725186,-0.004049081588163972,0.4598967730998993,0.22589930519461632,2.884056031703949,0.9994088560342789,0.0196533203125,0.0028572122391778976,0.577044740319252,0.5774132013320923,1.8057772815227509,2.4769281119661173,0.6052116392870275,0.21148066222667694,0.20513738691806793,0.21734099090099335,830.2353746913465,,,,,,,
863,1767424,438.52849904531877,453.60085811076584,1001.0,5.065406744695707,0.5423141945386774,1.1119798831046825,-0.0021971080568619072,0.49034397304058075,0.2429748810827732,2.8851396441459656,0.9990399330854416,0.031005859375,0.004026309346954804,0.5236734747886658,0.53985895216465,2.280634969472885,2.464070897884085,0.6100644202801461,0.21147726476192474,0.2051945924758911,0.21718013286590576,849.7591821277584,,,,,,,
864,1769472,475.3344100435535,452.58867683238583,1001.0,4.503000228793021,0.5062747256814173,1.0466780689937607,-0.0018441128777340055,3.105952799320221,1.551132321357727,2.860103487968445,0.998590275645256,0.010498046875,0.0032471427839482203,0.19105534255504608,0.5344262048602104,10.761671543121338,2.4643370908597717,0.6143361196843073,0.21143382787704468,0.20517748594284058,0.2170499563217163,854.5574687470603,,,,,,,
865,1771520,462.0094825852814,451.4794064392473,1001.0,4.690307798413619,0.5193784812009139,1.068404967787735,-0.0024011877831071615,4.037505030632019,2.0163513123989105,2.8673412203788757,1.0010565221309662,0.0142822265625,0.0008828831923892722,0.15631352365016937,0.5692256391048431,14.104487419128418,2.467984723421978,0.6189177884683145,0.21133649349212646,0.20504134893417358,0.2169865071773529,848.8609604584908,,,,,,,
866,1773568,482.16361362768413,450.4211759046305,1001.0,4.476625629158109,0.49970822646595614,1.043957033265702,-0.0032330609392374754,5.709720253944397,2.8516271114349365,2.829032301902771,1.0013149082660675,0.0106201171875,0.00023460805823560804,-0.0834190845489502,0.6015136912465096,15.51144528388977,2.4633445820363704,0.6086787884514923,0.21124356985092163,0.20495247840881348,0.21689718961715698,858.113478059871,,,,,,,
867,1775616,460.83263862887964,449.3560756495457,1001.0,4.733729547421175,0.5209163831219775,1.074615596076392,5.3183757700026035e-06,2.6162647008895874,1.308137685060501,2.8345032334327698,1.0003772974014282,0.0013427734375,0.0001664642259129323,0.18121200799942017,0.6097344309091568,8.985247373580933,2.4666639528004453,0.6152750160553806,0.21116749942302704,0.2048729956150055,0.21689243614673615,818.8829403178012,,,,,,,
868,1777664,470.620151281297,448.37101400687976,1001.0,4.680300069931237,0.5111004689677995,1.0680775678242547,-0.0010091279400512576,3.33161598443985,1.6647988557815552,2.874806523323059,0.9996518641710281,0.00048828125,0.00093094288604334,0.17449301481246948,0.40165311843156815,12.461301803588867,2.46860946554807,0.6116525540682204,0.21113228797912598,0.20486050844192505,0.21694764494895935,846.8668563264581,,,,,,,
869,1779712,462.32806349928546,447.18296910183994,1001.0,4.712135731007345,0.5193468550773617,1.071430216087957,-0.0019345215987414122,2.2383241057395935,1.1172275245189667,2.8652697801589966,1.0002635419368744,0.0025634765625,0.0004251839272910729,0.2646584212779999,0.4671439006924629,9.485023498535156,2.464847635681508,0.6210342251274283,0.2111411988735199,0.20487864315509796,0.2170007973909378,862.2234379019305,,,,,,,
870,1781760,495.9768724117614,446.90857668218683,1001.0,4.256822950749028,0.486131171728047,1.0170094717127307,-0.0012339111417531967,5.161012768745422,2.579272449016571,2.8424341678619385,0.9989688694477081,0.0045166015625,0.0021401454287115484,0.116573765873909,0.7276296019554138,13.529305696487427,2.4647372450708644,0.6084837490206244,0.2111446112394333,0.20488454401493073,0.21700231730937958,850.1660976315364,0.995071635250039,1.041511912071047,0.24482538933226194,1.5286252778785407,0.0,0.0,1.0
871,1783808,532.4461534400082,447.4470081642483,1001.0,3.720655340357075,0.450678103825358,0.9499248527315768,-0.0014836055343039334,16.854671001434326,8.425851821899414,2.866876244544983,1.001008301973343,0.001953125,-4.159943637205288e-05,0.023698091506958008,0.465911328792572,29.006447792053223,2.458801937100361,0.6132385488831609,0.2110700011253357,0.20480673015117645,0.21698063611984253,850.7811278473498,,,,,,,
872,1785856,509.4858052273174,447.7235262641284,1001.0,4.0438901742571165,0.4732725727086967,0.9917066038430593,-0.002240543137304485,9.933216571807861,4.964367747306824,2.8648539781570435,0.9998829811811447,0.005615234375,0.0014177703706081957,0.030093342065811157,0.5239843353629112,21.713997840881348,2.4661941883096006,0.6088278494033162,0.2109776735305786,0.20462138950824738,0.21695613861083984,821.0761675830236,,,,,,,
873,1787904,509.2548655939924,448.1989344350895,1001.0,4.02893963835857,0.473460175001282,0.9898586904706352,-0.0001301080919802189,10.312289476394653,5.156014680862427,2.8667434453964233,0.9998226165771484,0.0023193359375,0.0011407346464693546,0.036524876952171326,0.45809876173734665,22.97618532180786,2.459999070575577,0.604794741455958,0.21085765957832336,0.20446543395519257,0.21689298748970032,842.3199013002146,,,,,,,
874,1789952,504.15591224753933,449.1150101025092,1001.0,4.088313342641445,0.47817568174277403,0.9977548995634592,-0.001153316581621766,7.59684419631958,3.797268807888031,2.8512150645256042,0.9999348521232605,0.0009765625,0.0004993626789655536,0.04594598710536957,0.5559289455413818,18.181192874908447,2.4631555686646607,0.6147524634104309,0.2107393443584442,0.20430298149585724,0.21682722866535187,827.4657747363773,,,,,,,
875,1792000,523.8727157157249,450.77416283375226,1001.0,3.8404745102400275,0.4594100514048957,0.9661631252279421,-0.002154208952561021,11.393255472183228,5.694473624229431,2.8603309392929077,1.0002201795578003,0.00146484375,0.000555437378352508,0.02746903896331787,0.5186990350484848,23.36473798751831,2.459579478367232,0.6009176592434611,0.21068769693374634,0.20424610376358032,0.21679966151714325,846.7538092652586,,,,,,,
876,1794048,508.7836567934737,451.91406950509304,1001.0,3.972066736497204,0.4741707585925635,0.983209606535089,-0.0022145432885736227,9.944657325744629,4.970114231109619,2.824803948402405,0.9985096454620361,0.010009765625,0.003091811784543097,0.003978759050369263,0.44847001880407333,21.1755428314209,2.4637493954214733,0.6227706103811561,0.21060097217559814,0.20422092080116272,0.21669438481330872,845.2402955593109,,,,,,,
877,1796096,521.5610494957467,453.36238897036935,1001.0,3.9075561106994563,0.46214709169296075,0.9735469762368142,-0.003033805754967034,14.631894588470459,7.312913417816162,2.8384931683540344,0.9988953918218613,0.00439453125,0.0021819270914420485,-0.02257552742958069,0.6403197348117828,26.597544193267822,2.462813510603155,0.5995892145501613,0.2105037420988083,0.2041550576686859,0.2165488302707672,853.3729952660266,,,,,,,
878,1798144,552.704690620245,455.4813021941134,1001.0,3.547307084694023,0.430822224315608,0.9256450986335247,-0.0018384390277788043,24.743034839630127,12.369678974151611,2.8373680114746094,1.0015621781349182,0.0067138671875,-0.0004403736675158143,-0.013168096542358398,0.6789946407079697,35.269450187683105,2.465125169561361,0.6213663117238554,0.21046578884124756,0.2040601670742035,0.21644920110702515,818.5109143228036,,,,,,,
879,1800192,563.8660414269696,458.2205145658129,1001.0,3.412039816277873,0.4207875810232269,0.9084708719890994,-0.002112660265993327,28.098613262176514,14.047194004058838,2.8381330370903015,1.0008132755756378,0.005615234375,0.00014048923912923783,0.008347243070602417,0.4381759241223335,37.44816017150879,2.4644282133231172,0.6141251334641019,0.21043384075164795,0.20390862226486206,0.2164071947336197,844.858965971451,,,,,,,
880,1802240,562.3930141314365,460.69117587383994,1001.0,3.415442572936264,0.4216947796688623,0.9083473368284416,-0.0010119160870090127,26.752264499664307,13.375120162963867,2.8116843700408936,0.9996075183153152,0.001953125,0.0009970782703021541,0.012096136808395386,0.3989434465765953,36.432838439941406,2.4665731288841926,0.6229431796857963,0.21040019392967224,0.20383433997631073,0.21634456515312195,852.0096064784159,0.9234713263093988,0.9488295795409687,0.31827722823432997,1.4162085508048234,0.0,0.0,1.0
881,1804288,553.7898126452724,462.6945460533297,1001.0,3.5657575005863595,0.43028336110897036,0.9272612275025036,-0.0035244693281129003,25.080278396606445,12.536614656448364,2.8390257954597473,0.9988714754581451,0.0062255859375,0.0022881905315443873,-0.01834869384765625,0.5982765406370163,36.0229606628418,2.46725370430795,0.6141308803475836,0.21036139130592346,0.20378760993480682,0.21626947820186615,827.8818917608631,,,,,,,
882,1806336,551.6894131432872,464.8105802269302,1001.0,3.5587609645809,0.4323426109897298,0.9282218353923776,-0.0014591708895750344,20.314664363861084,10.15587306022644,2.809491813182831,1.0007221698760986,0.006591796875,0.0004290971264708787,0.0014531761407852173,0.718564584851265,31.739752292633057,2.4600340054312255,0.6209280382973708,0.21028383076190948,0.20373602211475372,0.21615540981292725,827.1872953777857,,,,,,,
883,1808384,530.8109784328236,466.3907997209746,1001.0,3.7695854617396876,0.45244429479224185,0.95666174805284,-0.0007917473558336496,13.258116722106934,6.6282665729522705,2.796561360359192,1.000097781419754,0.003662109375,0.0005546274915104732,0.023792579770088196,0.5993052572011948,24.71877908706665,2.4625292769778753,0.6213175537333696,0.21020463109016418,0.20372086763381958,0.2161129117012024,838.7762691314198,,,,,,,
884,1810432,545.1095608451091,468.3050188554243,1001.0,3.672806055182629,0.43810027052399336,0.94336938424567,-0.002206033852417022,15.081408262252808,7.538498044013977,2.802478611469269,1.0015468299388885,0.009521484375,-0.0006311226024990901,0.017754048109054565,0.6455724537372589,26.276296138763428,2.4646339964674553,0.6270058587462296,0.21018600463867188,0.20370440185070038,0.21616041660308838,793.4366317448852,,,,,,,
885,1812480,517.0819604570719,469.48220736699363,1001.0,4.057796465054389,0.4660546046804925,0.9917901696239952,-0.0015884987660683692,11.279436349868774,5.638129711151123,2.8192315697669983,1.0007455050945282,0.001708984375,-0.0003331697953399271,0.030253514647483826,0.4009220600128174,23.076621055603027,2.462555212812731,0.6308244310025797,0.2102201282978058,0.20373007655143738,0.21626915037631989,825.4840022495321,,,,,,,
886,1814528,528.5968294758931,470.5085840171622,1001.0,3.9107183562902783,0.454782008643788,0.9739031845200381,-0.0015205233939923346,11.534095525741577,5.765527248382568,2.8144432306289673,0.9996007680892944,0.0008544921875,0.0009903725076583214,0.043137356638908386,0.663513720035553,23.118277549743652,2.4626580256444868,0.6259793173480708,0.21023887395858765,0.20371238887310028,0.2163171023130417,822.9552594040624,,,,,,,
887,1816576,534.1840255188115,472.04248626897794,1001.0,3.7573765370424534,0.44876732157472565,0.9546026631403736,-0.002133187372237444,15.216813325881958,7.606273412704468,2.845302700996399,1.00057652592659,0.0042724609375,0.0005009329615859315,0.014459177851676941,0.4772506207227707,27.071274280548096,2.462480594738736,0.6215548591923086,0.2101927548646927,0.20356068015098572,0.21634194254875183,855.5194678964224,,,,,,,
888,1818624,557.8631234832277,473.6905675486371,1001.0,3.4597697722835914,0.42599867723490303,0.9146661086927315,-0.0012396273668855429,24.293020725250244,12.145270586013794,2.8157673478126526,1.001063346862793,0.0040283203125,-6.160364137031138e-06,-0.00802728533744812,0.4435002729296684,34.95009899139404,2.4640986736048944,0.6307592747806058,0.21008116006851196,0.20337101817131042,0.21631833910942078,846.5367976653077,,,,,,,
889,1820672,563.0688998262661,475.1588408272557,1001.0,3.446055752803627,0.4205986088627763,0.912819966186463,-0.0013196185464039445,22.91482973098755,11.456095218658447,2.8172451853752136,0.9988521784543991,0.004150390625,0.002354059834033251,0.01838095486164093,0.48315008729696274,33.5927209854126,2.4634424217656488,0.628771874095294,0.2100091576576233,0.20327650010585785,0.21635155379772186,843.9658959831431,,,,,,,
890,1822720,559.8848319793341,476.7965509590581,1001.0,3.4492279337089378,0.42387334015291817,0.9132476596542972,-0.001259787764865905,21.70534896850586,10.851414918899536,2.792967438697815,0.9995530992746353,0.02294921875,0.0029800282936776057,0.014352545142173767,0.5456161573529243,32.83601665496826,2.4657288844900904,0.6324729663322849,0.20994001626968384,0.20312637090682983,0.21635392308235168,820.4311271348172,0.9343150332628898,0.9462172378339128,0.33312548855964247,1.2755847891704566,0.0,0.0,1.0
891,1824768,540.4758075655258,477.8240964517405,1001.0,3.69501774038014,0.44274657709886833,0.9455708364092388,-0.0028898423770442605,16.4523606300354,8.22329044342041,2.815223515033722,1.0005898475646973,0.0115966796875,0.0009726940334076062,0.01197989284992218,0.6022766530513763,28.961766242980957,2.4632122222101316,0.6332060651293393,0.209865540266037,0.2029455602169037,0.21634185314178467,849.8715533061552,,,,,,,
892,1826816,539.0326409860975,479.0821547245339,1001.0,3.691509628543419,0.4440517277866546,0.9459247069298528,-0.0022081895731389523,13.24296760559082,6.6192755699157715,2.811785101890564,1.00029456615448,0.0054931640625,0.0011423260293668136,0.02723577618598938,0.45714694261550903,24.926058769226074,2.460258848310332,0.6364164976477376,0.2097512185573578,0.20274105668067932,0.21634715795516968,851.0669006875177,,,,,,,
893,1828864,520.6816530900242,480.14153804010346,1001.0,3.936561445359649,0.46219983854081814,0.9780605161555551,-0.0025229474995285273,6.663648247718811,3.329301178455353,2.783026933670044,1.0000305473804474,0.0103759765625,0.0015694069079472683,0.0579172819852829,0.4600072056055069,17.112453937530518,2.4579856960190227,0.6362586220099199,0.20961815118789673,0.20252394676208496,0.21630989015102386,839.1076707284134,,,,,,,
894,1830912,503.28032122204405,480.93486572945255,1001.0,4.209026093289021,0.47887431799685254,1.0114996987798759,-0.0039528958150185645,4.799777626991272,2.395935893058777,2.7836667895317078,0.9996885359287262,0.0074462890625,0.0016873361892066896,0.07184275984764099,0.6834643632173538,14.621184349060059,2.46485085778113,0.6316878631597624,0.2094884216785431,0.20234383642673492,0.21621477603912354,854.60785204092,,,,,,,
895,1832960,500.0167228825177,482.00446386556837,1001.0,4.273776434757588,0.4823940335109631,1.0196935803606995,-0.001306481077335775,4.398813962936401,2.198100507259369,2.809429407119751,0.9991622716188431,0.0064697265625,0.0022221796098165214,0.10357528924942017,0.6242621839046478,13.449969291687012,2.4668840312660905,0.6337014056954722,0.20938050746917725,0.20224174857139587,0.21609878540039062,821.4420580823936,,,,,,,
896,1835008,485.5404922782252,482.85613343404543,1001.0,4.473820655739129,0.49614424351490327,1.0440288966702749,-0.0020617604022845626,1.759658545255661,0.8777675032615662,2.819667398929596,1.0007756650447845,0.0289306640625,0.002114023227477446,0.1787601113319397,0.403151735663414,7.484528183937073,2.4629154739523074,0.6306799510487374,0.2092403918504715,0.2021285593509674,0.21596725285053253,840.3141977123648,,,,,,,
897,1837056,489.93715300033466,484.02063490050756,1001.0,4.4170250974368255,0.4919176671572878,1.0377530209969177,-0.0018718494102358818,2.1678711771965027,1.082063764333725,2.806318998336792,1.000136375427246,0.005615234375,0.0011557999096112326,0.14178021252155304,0.7266995757818222,8.663296222686768,2.4660451088420814,0.6226405017269531,0.2091655433177948,0.20210373401641846,0.21592770516872406,832.2191887192681,,,,,,,
898,1839104,503.84317734485944,486.0839146003042,1001.0,4.169709292872103,0.47844614433414073,1.00791939496625,-0.0016054684529080987,3.608725130558014,1.8027571141719818,2.820078134536743,1.0021149218082428,0.0159912109375,-0.00015152439300436527,0.08402220904827118,0.639319159090519,12.231255769729614,2.4661567106231814,0.6273390776159066,0.2091081440448761,0.20210769772529602,0.21594788134098053,855.7096425757308,,,,,,,
899,1841152,509.1780636085325,488.08545148750056,1001.0,4.137109597298823,0.4734132064492971,1.0033113384486225,-0.001456674246583134,4.386577129364014,2.191831946372986,2.810697376728058,1.0004394352436066,0.0020751953125,0.0003059611772187054,0.062377095222473145,0.4929041191935539,12.93162727355957,2.4632066276099067,0.6277544708056036,0.2090369015932083,0.2020721137523651,0.21595586836338043,859.8779417363432,,,,,,,
900,1843200,505.2513569856718,490.2465095840321,1001.0,4.235306138531204,0.4769382709383228,1.0151598728793103,-0.0008065947331488132,4.2853405475616455,2.141863703727722,2.8220364451408386,0.9989624172449112,0.00439453125,0.002218712877947837,0.09171457588672638,0.4265945479273796,13.050180196762085,2.465183921944117,0.6183937915447247,0.20894940197467804,0.20199289917945862,0.21591219305992126,845.0741040434306,1.0220848125252329,1.0879111099390535,0.42480802388445094,1.257764911843084,0.0,0.0,1.0
901,1845248,505.5003189530881,491.81055177790734,1001.0,4.217292177608196,0.4775837797585283,1.012342354114759,-0.0027167299413122237,3.76764178276062,1.8811041414737701,2.8093497157096863,1.000345140695572,0.0074462890625,0.0008996060787467286,0.10574550926685333,0.6532482802867889,12.98286747932434,2.466036842291942,0.6319819440468916,0.20887134969234467,0.20189951360225677,0.21580412983894348,824.0533362889993,,,,,,,
902,1847296,523.1519185350745,494.22795964961233,1001.0,3.9686812122578115,0.4593167083564724,0.981781119743192,-0.00157788151409477,4.979592204093933,2.4882181882858276,2.8125205039978027,0.9995455890893936,0.001953125,0.0011141498544020578,0.08698253333568573,0.5582816153764725,13.767257452011108,2.4667084261745913,0.6178328423977232,0.2087947428226471,0.20173607766628265,0.21571633219718933,853.0013558676048,,,,,,,
903,1849344,497.5780689575811,495.66946704119124,1001.0,4.228432701064693,0.484254629145353,1.0137779149552173,-0.0006539569585584104,3.293860375881195,1.6462762355804443,2.8089441657066345,1.0008172988891602,0.00341796875,0.00024158938322216272,0.07644081115722656,0.38375408947467804,11.719429731369019,2.4641590199025813,0.6167035027592759,0.20876573026180267,0.20161345601081848,0.21570441126823425,854.6904981559126,,,,,,,
904,1851392,497.39566816359337,496.7268275648345,1001.0,4.430342432235257,0.48503303935673747,1.0361757387154198,-0.0023350638221018016,3.6047873497009277,1.8000586330890656,2.7736225724220276,0.9992123693227768,0.00732421875,0.0023293905323953368,0.14376389980316162,0.4456496238708496,11.064944744110107,2.4697628623689525,0.622142346614162,0.20879369974136353,0.2016289085149765,0.21574687957763672,837.6842782915087,,,,,,,
905,1853440,474.73574611174377,497.67312372379564,1001.0,4.670536994268444,0.5068485846697393,1.0655824150093112,-0.001429422409273684,1.169847548007965,0.5834943354129791,2.8251104950904846,1.0004504024982452,0.0037841796875,0.0004546240088529885,0.224061980843544,0.5337414145469666,5.020808815956116,2.4632769822492264,0.6270998012562701,0.20882439613342285,0.20175492763519287,0.21578769385814667,828.6616474206097,,,,,,,
906,1855488,479.99943599372546,499.0806179757567,1001.0,4.570154758858823,0.5023889580496641,1.0544220571397862,-0.0011162660084664822,0.9135207533836365,0.4556441158056259,2.8002166152000427,0.9999662339687347,0.0010986328125,0.0005793325035483576,0.20519083738327026,0.42137235403060913,1.3623778223991394,2.4629884439054877,0.6202966587542262,0.2088506817817688,0.20181044936180115,0.21573835611343384,850.2391656346653,,,,,,,
907,1857536,484.34112761700766,500.7723116145494,1001.0,4.577482907837104,0.4980483015549908,1.0549397678378727,-0.0016138676437549293,1.3166190683841705,0.6566956788301468,2.7922003865242004,0.9991456568241119,0.002685546875,0.0018681270739762112,0.2443729192018509,0.45080744475126266,5.435351014137268,2.4634066066500964,0.618983378326377,0.20888277888298035,0.2018415927886963,0.2156454622745514,825.0929937011693,,,,,,,
908,1859584,486.3103293568623,502.4845415040678,1001.0,4.50164358341899,0.49542200617066684,1.0464691862185775,-0.003487642388790846,1.0144538879394531,0.5037392973899841,2.7662532925605774,0.9994529783725739,0.0230712890625,0.0029291401369846426,0.23994311690330505,0.7368247807025909,1.8835841119289398,2.464375900075538,0.6251915633471149,0.20890218019485474,0.20188398659229279,0.21555478870868683,857.7655117361495,,,,,,,
909,1861632,450.0683731722273,503.68986368781884,1001.0,5.054954306475889,0.5311712828741545,1.1098304540994686,-0.0027373519260436296,1.1769953668117523,0.5857603251934052,2.765442728996277,0.9985794872045517,0.0162353515625,0.0035646259639179334,0.2856486737728119,0.6319480091333389,4.39723539352417,2.4720151416113367,0.632161324064005,0.20888520777225494,0.20189058780670166,0.21546639502048492,849.9598829309516,,,,,,,
910,1863680,461.48064716395055,504.8675547326279,1001.0,4.898305313172044,0.5199572401139383,1.0921932870190576,-0.002226553624495864,1.0568645000457764,0.5262056887149811,2.817402482032776,0.9989363849163055,0.0050048828125,0.002303539018612355,0.27776899933815,0.5615870207548141,2.7667711973190308,2.464564410271123,0.629100158793888,0.20886152982711792,0.20194455981254578,0.2153300940990448,844.7375448900433,1.1453324272510583,1.2467659295881095,0.4159933339976425,1.3167266088427618,0.0,0.0,1.0
911,1865728,448.6086566963471,505.97896146197564,1001.0,5.141290321852615,0.5321581775824126,1.1205662636231983,-0.00233730545733124,3.6662420630455017,1.830783724784851,2.78278911113739,0.9995862692594528,0.0130615234375,0.0022099872585386038,0.2388167381286621,0.5457055494189262,11.741266012191772,2.463211559719639,0.63556091881542,0.20878878235816956,0.20205140113830566,0.21510232985019684,847.057812004915,,,,,,,
912,1867776,434.7822169201964,506.3917393645568,1001.0,5.3933147421005145,0.5462363771638631,1.1486322719892594,-0.002215261454693973,6.9989482164382935,3.4972588419914246,2.7862504720687866,1.0001351833343506,0.0140380859375,0.0017949766188394278,0.20148442685604095,0.450428731739521,17.623762607574463,2.4624928737903247,0.6288387867172537,0.2086649239063263,0.20221556723117828,0.21489866077899933,845.6395751667167,,,,,,,
913,1869824,391.7911887503965,505.45699315865846,1001.0,6.185570114638272,0.5876926727627143,1.2304971046477307,-0.002606690744869411,13.08105993270874,6.537923336029053,2.7852863669395447,1.0012292563915253,0.020263671875,0.0009794541401788592,0.11844399571418762,0.5023322030901909,25.20491600036621,2.4673451272101374,0.6329354515672491,0.2084985077381134,0.20228229463100433,0.21472026407718658,807.9009426941651,,,,,,,
914,1871872,384.57797487773445,503.6418644553421,1001.0,6.349725478538142,0.5953243951793652,1.247605619916767,-0.0030206588562577963,15.10669755935669,7.5503281354904175,2.7739044427871704,1.0009530186653137,0.01318359375,0.0007818009908078238,0.1553288698196411,0.9641149342060089,26.58808135986328,2.460197593551129,0.6390629518586691,0.20835819840431213,0.20223844051361084,0.21463114023208618,833.3946676682251,,,,,,,
915,1873920,387.66141016270564,502.15490300689055,1001.0,6.252710841549214,0.5918302570465802,1.238234479818538,-0.0009147176169790328,17.875797748565674,8.936984062194824,2.789817154407501,1.0000446140766144,0.0435791015625,0.0036114615941187367,0.11196121573448181,0.5537449195981026,30.05862283706665,2.4621906843967736,0.6254080135177271,0.20820897817611694,0.20216204226016998,0.2145431786775589,845.1387768999008,,,,,,,
916,1875968,386.1433332466736,500.2344973992703,1001.0,6.3539075478599045,0.592911468635509,1.2479598731800405,-0.0032571408664807677,18.386483192443848,9.189984560012817,2.7926472425460815,0.9996487200260162,0.0164794921875,0.0023940146493259817,0.142572820186615,0.6434586718678474,29.789796829223633,2.4626896263071103,0.6274307587274156,0.2080405056476593,0.20203246176242828,0.21442703902721405,865.8319728519986,,,,,,,
917,1878016,398.98654915321106,498.99757560975695,1001.0,6.122748493360313,0.5812586416048673,1.22451805786111,-0.004463458259124309,11.94909143447876,5.97008216381073,2.781574010848999,1.001759797334671,0.0291748046875,0.0011957599926972762,0.19238968193531036,0.8868141323328018,23.82857322692871,2.462317964877002,0.6243594623052989,0.2078930139541626,0.20181605219841003,0.21432572603225708,852.910643966903,,,,,,,
918,1880064,395.5989663541458,497.49715191121396,1001.0,6.1300601679598685,0.5838382696260214,1.225385275768956,-0.0020583824953064322,12.456079721450806,6.2259814739227295,2.7576674222946167,1.0006387829780579,0.0185546875,0.0014368299089255743,0.2118767499923706,0.681294858455658,25.171032905578613,2.4651020084274933,0.6294259578797877,0.20774993300437927,0.2015286535024643,0.2141747921705246,845.4774412414989,,,,,,,
919,1882112,369.0177110881638,495.63094486299156,1001.0,6.555348783038619,0.6101670465403116,1.267163568575985,-0.0022942429641261697,16.753851413726807,8.374631643295288,2.791686534881592,0.9995325803756714,0.01513671875,0.0023959778700373136,0.13979487121105194,0.6678966879844666,29.51417350769043,2.4703937135491287,0.6349570066981604,0.20763227343559265,0.20131655037403107,0.2140495628118515,837.7529862047951,,,,,,,
920,1884160,383.492948790211,493.3812663905604,1001.0,6.497981665028892,0.5956079653308416,1.260507301845845,-0.0011585825122892857,11.785634517669678,5.891658663749695,2.7755309343338013,1.0006117522716522,0.01220703125,0.001150131196482107,0.26671546697616577,0.5544238463044167,25.13255500793457,2.465482161976979,0.625915226603307,0.20754021406173706,0.20119036734104156,0.2138887643814087,835.2808380539569,1.2543318376569383,1.3698295568497585,0.4432734236222796,1.3784557515324865,0.0,0.0,1.0
921,1886208,368.7865004717979,490.1080733311963,1001.0,6.627272779359441,0.6104080395276347,1.2742323576262502,-0.002521447488106787,15.74736738204956,7.871162295341492,2.7678714394569397,1.0001392364501953,0.0020751953125,0.0007051499342196621,0.21830013394355774,0.5375289171934128,29.60010576248169,2.4680721882614307,0.6297416177138208,0.2074413299560547,0.20107755064964294,0.21370546519756317,856.2870527072174,,,,,,,
922,1888256,381.649389443392,487.5513450155178,1001.0,6.274379773769761,0.5975048939822731,1.2396461597351647,-0.0022744794259779155,11.655416011810303,5.8254334926605225,2.7746447920799255,1.0017637610435486,0.0408935546875,0.001535077484732028,0.15422384440898895,0.4798603802919388,25.085358142852783,2.465362929258845,0.634694246022181,0.2073453664779663,0.2010272592306137,0.21355846524238586,860.012431395849,,,,,,,
923,1890304,378.8886250168493,484.94402020397484,1001.0,6.508168389352898,0.6007628166626042,1.261892643901736,-0.0033446644665673375,9.117985725402832,4.55564820766449,2.7878769040107727,1.0017101466655731,0.010986328125,-4.059430648339912e-05,0.26307903230190277,0.7158873826265335,22.213618278503418,2.4695102594123455,0.6188137937043219,0.20730262994766235,0.20104891061782837,0.21348105370998383,843.5375371760845,,,,,,,
924,1892352,397.5968012461798,482.8128379839477,1001.0,6.061867829813066,0.5826685663419676,1.2182989764310455,-0.0025195555645041168,7.541633605957031,3.7682971954345703,2.785267174243927,0.9979147911071777,0.0308837890625,0.0049898715515155345,0.3586765378713608,0.6246912181377411,20.616283416748047,2.4639161290833727,0.6264962959159518,0.20726124942302704,0.20109699666500092,0.21335291862487793,821.4925438429841,,,,,,,
925,1894400,408.3959986487302,480.50330364260776,1001.0,5.847589218578674,0.5713101212400534,1.1962845999886755,-0.0027440586127340794,4.53756046295166,2.2660362124443054,2.7728663086891174,0.9974478483200073,0.0106201171875,0.004381259903311729,0.4551288038492203,0.6255830228328705,15.868945598602295,2.464276173050166,0.6289446020453834,0.2071971446275711,0.20106127858161926,0.2132197916507721,849.6252825598815,,,,,,,
926,1896448,448.63771082525614,479.3003847232435,1001.0,5.222183972986752,0.5322174588894917,1.1291244756336607,-0.0027675869059748948,1.4114357233047485,0.7029502689838409,2.757562220096588,0.9985460937023163,0.0384521484375,0.004901105952740181,0.519371286034584,0.5539181083440781,6.317518830299377,2.4676031725975918,0.6241860303137138,0.2071317732334137,0.20095132291316986,0.21308502554893494,855.8446382553271,,,,,,,
927,1898496,447.31205424977196,477.81540481832394,1001.0,4.959405740802872,0.5335223350273188,1.100425308689826,-0.0017434018664062023,0.34329647570848465,0.16990483552217484,2.7648074626922607,1.0018612742424011,0.0074462890625,-0.00048462682752870023,0.5778517127037048,0.5171531960368156,0.6197669208049774,2.463415543345036,0.6248970712996583,0.20704761147499084,0.200920969247818,0.21291615068912506,863.8300901678439,,,,,,,
928,1900544,478.34594311820297,476.328229868283,1001.0,4.675642703718501,0.5037001540103154,1.066498250666723,-0.003156002378091216,1.5398947596549988,0.7667913883924484,2.752004861831665,0.9995225071907043,0.017333984375,0.0026299147357349284,0.35660111904144287,0.5969293415546417,6.618754506111145,2.4656844816781813,0.6204235787875019,0.20694753527641296,0.2008603811264038,0.2127816081047058,852.3108536452308,,,,,,,
929,1902592,476.1651222926925,474.57421148559746,1001.0,4.697105170866786,0.5055736734824238,1.068859725183705,-0.0033928239718079567,3.4842496514320374,1.738732010126114,2.742722809314728,1.0003219544887543,0.0338134765625,0.0027674829761963338,0.12303026020526886,0.5793320164084435,13.387412548065186,2.4710817113227677,0.6096410199107288,0.20687586069107056,0.20076847076416016,0.21273651719093323,853.3300501462147,,,,,,,
930,1904640,513.5603453912236,473.5975581107933,1001.0,4.067891692931272,0.4700327228407768,0.9939542722581568,-0.0015456902328878641,6.546652436256409,3.271780490875244,2.771957516670227,0.999885231256485,0.0179443359375,0.0023388249683193862,0.09253448247909546,0.5501964390277863,17.10967254638672,2.466487392579438,0.6167104796540318,0.20680008828639984,0.20067745447158813,0.2127155065536499,835.2875844147683,1.017615386800252,1.0218384822244087,0.3800650404915682,1.4116395515596876,0.0,0.0,1.0
931,1906688,510.9814520018043,472.7413908979239,1001.0,4.080876603689838,0.47162998265987666,0.9957079162541846,-0.0040677039651200175,6.931328296661377,3.4615964889526367,2.7308942675590515,1.000996172428131,0.024169921875,0.0015114551788428798,0.0645914375782013,0.5029802322387695,18.234222412109375,2.4643196103570517,0.6104956292242207,0.20672555267810822,0.2005644291639328,0.2128317952156067,829.4921518179541,,,,,,,
932,1908736,504.9359295277618,471.8063212256134,1001.0,4.231866978837182,0.4779081358250057,1.0135863732807193,-0.0013318898854777217,7.745173811912537,3.8712549805641174,2.7525123357772827,0.9999759793281555,0.0125732421875,0.0017468270307290368,0.05102621018886566,0.5144258439540863,19.59855031967163,2.469755576137686,0.6180779215104547,0.20664671063423157,0.20034217834472656,0.2130257934331894,830.7283667848832,,,,,,,
933,1910784,531.1727008444484,471.81355567384594,1001.0,3.8657483781304443,0.4528687084202823,0.968260800552374,-0.0009240398649126291,12.064237833023071,6.031194806098938,2.739407479763031,1.0005398392677307,0.0009765625,-6.873723759781569e-05,0.015987396240234375,0.3411567509174347,24.49842071533203,2.4633286194730317,0.6166237211520803,0.20662924647331238,0.2002333551645279,0.21323297917842865,826.4701731466035,,,,,,,
934,1912832,530.3244123665075,471.5178527042739,1001.0,3.862018188443195,0.45333711637153756,0.9670756778254156,-0.0018696621991693974,11.159214973449707,5.5777376890182495,2.7835408449172974,0.9989863336086273,0.003662109375,0.0020040309318574145,0.017837360501289368,0.6135254502296448,22.937414169311523,2.466747237747768,0.61839001915604,0.2066168338060379,0.20020551979541779,0.21338078379631042,850.106632822344,,,,,,,
935,1914880,523.7195492529928,471.65060448019227,1001.0,4.077644297239084,0.4601841777793284,0.9935061910219765,-0.00031519937328994274,12.195719957351685,6.09754478931427,2.781847894191742,1.0002691149711609,0.0035400390625,0.0008102548963506706,-0.04101482033729553,0.5100900679826736,24.91401243209839,2.467175610974664,0.6186758725133844,0.20661652088165283,0.20017604529857635,0.21342509984970093,836.5845102265044,,,,,,,
936,1916928,535.0532719000155,471.77973332867464,1001.0,3.868735814575725,0.4483835369176317,0.9673021624179712,-0.0007497741607949138,11.023816347122192,5.511158466339111,2.75946706533432,1.0008367002010345,0.00146484375,-0.00032500344968866557,0.051944270730018616,0.4229956194758415,22.725308418273926,2.4706148594850674,0.6161904149921523,0.20663383603096008,0.20019587874412537,0.2134481817483902,831.4378542919219,,,,,,,
937,1918976,512.6826085467893,471.3497049892344,1001.0,4.262720594657561,0.4707552036533571,1.0156374465321996,-0.0031843764591030777,10.423516035079956,5.208573698997498,2.7827740907669067,0.9984868168830872,0.0054931640625,0.0024554215488024056,-0.036815375089645386,0.5680617764592171,22.925972938537598,2.4711578783899313,0.6239379189534378,0.20662972331047058,0.20027168095111847,0.21351291239261627,842.9887462129798,,,,,,,
938,1921024,521.3392298243309,470.61922711605627,1001.0,4.010138195999772,0.46161291995075565,0.985349528787933,-0.001253414899110794,9.50047492980957,4.748983979225159,2.7636519074440002,0.9987773299217224,0.002197265625,0.0021394365321611986,0.0300263911485672,0.4302082434296608,21.48234748840332,2.4649597480602097,0.621127210394964,0.20660513639450073,0.20034918189048767,0.2136065512895584,837.4154885034079,,,,,,,
939,1923072,508.91188858067676,469.53608689114463,1001.0,4.274037575444684,0.47368982110067603,1.0176530838792313,-0.0033476551761850715,7.344934344291687,3.6691195368766785,2.7556235790252686,0.999517410993576,0.009033203125,0.0020758061509695835,0.0425853431224823,0.5560470819473267,18.93436622619629,2.470922434265958,0.6228421153870404,0.2065848410129547,0.20038120448589325,0.21363478899002075,831.9796956657906,,,,,,,
940,1925120,508.148859281427,468.5013674371865,1001.0,4.140574081490026,0.4749202913385823,1.0025770213039675,-0.0019356434349901974,5.42729914188385,2.7117139101028442,2.7441999316215515,0.9995699822902679,0.011962890625,0.002184318349463865,0.06773999333381653,0.5604042112827301,15.772709846496582,2.466647927678423,0.6276478959446741,0.20651358366012573,0.2004067748785019,0.2134714126586914,854.0046272286769,1.0498711921537045,1.036333475177472,0.3494975198430015,1.3556850959177422,0.0,0.0,1.0
941,1927168,478.8562578598047,467.2689764430721,1001.0,4.563559077897432,0.5035649256548248,1.0540530027096418,-0.0030085735488682985,2.065478354692459,1.0297306030988693,2.7709816098213196,1.001099854707718,0.0137939453125,0.0008058928724494763,0.15002097189426422,0.4988514855504036,9.136535406112671,2.465965607436374,0.6271724851996086,0.20644164085388184,0.20046071708202362,0.21326594054698944,830.7443083534009,,,,,,,
942,1929216,493.25897985327583,466.35350322041563,1001.0,4.4158852611853465,0.4888156785044614,1.0362103235031206,-0.00123851333046332,3.0635931491851807,1.5305580496788025,2.7588040828704834,0.9998809844255447,0.0133056640625,0.0020644567266572267,0.12959715723991394,0.45762817561626434,10.859328031539917,2.465514009571052,0.6368031833910457,0.20634928345680237,0.2004224807024002,0.21307659149169922,847.809033339751,,,,,,,
943,1931264,515.7134996476441,466.254140151568,1001.0,4.146007306015996,0.46799867295504083,1.003409407963834,-0.003141736378893256,4.254549264907837,2.1241328716278076,2.755268931388855,1.001802772283554,0.01123046875,-0.00022923971118871123,0.12083253264427185,0.700797364115715,13.107100248336792,2.4706368697370635,0.6306012990162226,0.20628632605075836,0.20038984715938568,0.21295127272605896,853.875646834902,,,,,,,
944,1933312,497.49455204401966,466.13842476800744,1001.0,4.414446281009049,0.4847428650262391,1.0359986061976514,-0.0032404212397523224,4.710414886474609,2.351966977119446,2.7639476656913757,1.0005514919757843,0.0299072265625,0.002340514423849527,0.03804394602775574,0.6007974147796631,14.207558155059814,2.4699988796928665,0.614667846329023,0.20623071491718292,0.200362890958786,0.21287013590335846,848.9982186027153,,,,,,,
945,1935360,525.9446157162554,466.65698262468226,1001.0,4.077493372838289,0.4573349504073839,0.9938378622108407,-0.0016778752906247973,8.38972520828247,4.193184733390808,2.7389376163482666,1.000218540430069,0.014404296875,0.0017668595901341178,0.022386088967323303,0.5398252010345459,18.870963096618652,2.4727172199636698,0.6249700282062535,0.20615699887275696,0.2002754807472229,0.21280601620674133,847.1381394069091,,,,,,,
946,1937408,550.3035717888586,467.9522442148949,1001.0,3.6738646251651734,0.4331999735521451,0.9433651547810568,-0.002933290845248848,11.651951551437378,5.823042511940002,2.7293543815612793,0.9998453706502914,0.0059814453125,0.0013343440950848162,0.023098289966583252,0.5987557470798492,22.791545391082764,2.4664862674981123,0.6225422568365336,0.20610959827899933,0.20022578537464142,0.2127000242471695,850.3759313519392,,,,,,,
947,1939456,532.4205644219451,468.8019124433272,1001.0,3.9290265542582947,0.45043621077300044,0.9767446588766685,-0.000632361276075244,9.052099704742432,4.5254175662994385,2.761214852333069,0.9990164041519165,0.0032958984375,0.0018607928723213263,0.016315653920173645,0.7840808480978012,20.186569213867188,2.466994182628696,0.6155922650987661,0.20608562231063843,0.20017118752002716,0.21258534491062164,812.7978117427294,,,,,,,
948,1941504,509.9426208939293,468.9239013143085,1001.0,4.253689419933892,0.4730785328587548,1.0169326079778194,-0.001482289400883019,6.437845349311829,3.217440366744995,2.749371290206909,1.000004455447197,0.0037841796875,0.0007657577807549387,0.02713097631931305,0.5044124945998192,16.794724464416504,2.46609626756981,0.6227658651982153,0.2060752809047699,0.20011582970619202,0.21254503726959229,847.8903057546969,,,,,,,
949,1943552,529.1540999602491,469.32342204134284,1001.0,4.034564562597323,0.4544734293891325,0.9896104212573525,-0.0012951130047440529,8.259922504425049,4.128666162490845,2.7698047757148743,1.000197410583496,0.00341796875,0.0005132287478772923,0.0375090092420578,0.49744201451539993,19.300221920013428,2.464291928874445,0.6255196162042914,0.20604826509952545,0.19994688034057617,0.21254605054855347,842.5801908275251,,,,,,,
950,1945600,513.4731602708712,469.48785810704686,1001.0,4.321825402042564,0.4695125449878593,1.0245606322707397,-0.0018758571241050959,6.959279894828796,3.477764129638672,2.75384122133255,1.0008463561534882,0.0025634765625,-0.00018397002713754773,0.02573704719543457,0.5963870361447334,17.668743133544922,2.4730415388039546,0.6324683046298042,0.2059776782989502,0.1997384876012802,0.21251912415027618,848.850103922272,1.0116979864987758,0.9688811526676929,0.37474045200801953,1.3244882620618097,0.0,0.0,1.0
951,1947648,534.2973065562489,470.06379785911014,1001.0,3.976465555872381,0.44861962685586276,0.9823641936790208,-0.003365204611327499,8.369076490402222,4.181173086166382,2.7440379858016968,1.0010071098804474,0.0118408203125,0.00044202551362104714,0.03133337199687958,0.6832296997308731,19.349437713623047,2.468316023936495,0.6318754523934151,0.2058963179588318,0.19964632391929626,0.21243244409561157,857.9820808011013,,,,,,,
952,1949696,521.0731417742138,470.02222232389283,1001.0,4.225715716373713,0.4618837766584741,1.0133342360089692,-0.00044598791282624006,7.068649530410767,3.533878803253174,2.762106478214264,1.0010549426078796,0.0069580078125,4.8946443712338805e-05,0.06604401767253876,0.4519093483686447,18.337698936462402,2.4672767375741387,0.6199091004199416,0.2058141976594925,0.19961051642894745,0.21229219436645508,845.3809129309813,,,,,,,
953,1951744,511.5340341583923,470.30134162790904,1001.0,4.166115170387614,0.47083071021855905,1.0070409273782368,-0.0019598595099523664,4.860733270645142,2.428406774997711,2.7239174842834473,0.9985746592283249,0.003662109375,0.00211886377655901,0.03779353201389313,0.40426239371299744,14.44547438621521,2.465477490972262,0.622439306420424,0.2057102918624878,0.1996341198682785,0.21212776005268097,815.3305102120162,,,,,,,
954,1953792,508.6215648282854,470.5258595612029,1001.0,4.2605914666350575,0.4737619444976726,1.0183975707590398,-0.002138550451491028,4.315444827079773,2.1555838584899902,2.7369168400764465,1.0005673468112946,0.006103515625,0.0003375098531250842,0.046698495745658875,0.7648438662290573,13.208666324615479,2.4640000247454736,0.6236051815365672,0.20564913749694824,0.19973579049110413,0.21201583743095398,838.503362668436,,,,,,,
955,1955840,517.3930924816475,471.379006488601,1001.0,4.171564428689004,0.4668001867878614,1.0069638254223432,-0.0017504694988019764,4.618740081787109,2.3076195120811462,2.748699724674225,0.9995771944522858,0.0078125,0.0015081190795172006,0.05842547118663788,0.4844943732023239,14.090757608413696,2.467056154142483,0.6278451936334205,0.20566189289093018,0.19989857077598572,0.21198499202728271,854.7387624731047,,,,,,,
956,1957888,528.255512929383,472.34412802731424,1001.0,3.9129264449281433,0.45491260284133717,0.9753911457831627,-0.00173615146195516,4.389634132385254,2.1930809020996094,2.739589750766754,0.9999613463878632,0.002197265625,0.0008001340684131719,0.06626361608505249,0.5788190737366676,13.389111757278442,2.4665643508487847,0.6180604848837913,0.2056938260793686,0.20005348324775696,0.2120055854320526,850.6382236422614,,,,,,,
957,1959936,512.8145320683475,472.9135961163409,1001.0,4.096864117150412,0.4703720817263249,0.9989210383111752,-0.0016020553302951157,2.4819616079330444,1.2393787205219269,2.7175259590148926,0.9999176859855652,0.004638671875,0.000979697833827231,0.06658105552196503,0.6219291090965271,9.384667873382568,2.46531513647642,0.6153963207251101,0.20572714507579803,0.2001527100801468,0.21202580630779266,851.7846844337739,,,,,,,
958,1961984,496.8595747781437,473.1245810247666,1001.0,4.462145731138133,0.4854608640030276,1.0423372934041513,-0.0038582831039093435,2.324807047843933,1.1585452258586884,2.719664692878723,0.9989006966352463,0.0230712890625,0.0034580918290885165,0.07613715529441833,0.6218010261654854,8.359912395477295,2.469741166147287,0.6195813149053045,0.20573994517326355,0.20027042925357819,0.21202604472637177,858.8560183687372,,,,,,,
959,1964032,501.8584150149212,474.16038186162046,1001.0,4.261980650885561,0.4805048944675302,1.018628848654421,-0.0009619727497920394,3.1988980770111084,1.5984870493412018,2.7532331943511963,1.0015209913253784,0.0126953125,0.00026939842791762203,0.07020460069179535,0.7267610281705856,11.737810850143433,2.4646937401848845,0.6179591697892769,0.20572924613952637,0.20032520592212677,0.21199584007263184,813.5034967568816,,,,,,,
960,1966080,518.1801035477479,475.29437098929645,1001.0,3.9770365551415794,0.46454197075400083,0.9840309569374498,-0.0028016504365950823,4.568834662437439,2.281615674495697,2.7438116669654846,0.9998110830783844,0.00439453125,0.0009702046372694895,0.01699364185333252,0.5792083293199539,13.735495805740356,2.462969869549852,0.6316381174027274,0.20565932989120483,0.2001967579126358,0.21196313202381134,844.8662823481727,0.9790959999180104,0.947268592972919,0.3028546312277389,1.3425504171551828,0.0,0.0,1.0
961,1968128,544.261216268929,477.20742218074804,1001.0,3.6502415010624576,0.4395122696288959,0.9416562200312621,-0.0025570361176505685,6.212308406829834,3.1035971641540527,2.763152837753296,1.0007904171943665,0.011474609375,0.0007057703332975507,0.03390003740787506,0.5558677911758423,16.071444034576416,2.4603030013822718,0.6260940447462239,0.20558053255081177,0.1999812126159668,0.2119336873292923,839.7273331709566,,,,,,,
962,1970176,531.5051501058409,479.1418808444609,1001.0,3.805168639241735,0.45274125841572466,0.9619174396112272,-0.0009794518118724227,5.69304895401001,2.8455450534820557,2.7229050993919373,1.00053009390831,0.002197265625,0.00018734562763711438,0.007415279746055603,0.6348931044340134,16.20368218421936,2.4651868492510403,0.6243111761982926,0.20552408695220947,0.19985373318195343,0.2118632197380066,816.1151295338838,,,,,,,
963,1972224,521.2219906021892,481.7304968814968,1001.0,3.975720712590217,0.46243236934618936,0.9834794504484703,-0.0022220307728275657,3.93112576007843,1.963340848684311,2.707068979740143,1.0008005797863007,0.00927734375,0.0007003466598689556,0.027822226285934448,0.5478969439864159,12.793938636779785,2.461815528862644,0.6277992804816723,0.20544031262397766,0.1997309774160385,0.21178428828716278,846.2744009370136,,,,,,,
964,1974272,541.6047839031112,484.8710330620044,1001.0,3.742086962562526,0.44214705376759095,0.9536341164366244,-0.000828107469715178,6.5962806940078735,3.297312319278717,2.710524260997772,1.0008325576782227,0.0050048828125,1.4710509276483208e-05,0.027953937649726868,0.4323999658226967,16.8452091217041,2.4667688483023085,0.6232997854698716,0.20532536506652832,0.19955119490623474,0.2117416262626648,833.9556635851598,,,,,,,
965,1976320,520.0739109340625,487.5192830774315,1001.0,3.947046412825749,0.46317121982649867,0.9800665283268798,-0.001854709000326693,3.773213267326355,1.884751945734024,2.7291831970214844,1.0003782510757446,0.0009765625,0.00018037875270238146,0.001169458031654358,0.5460203662514687,12.40170168876648,2.4635236617032206,0.6331381456107897,0.20518876612186432,0.19927659630775452,0.21161799132823944,834.4867015247738,,,,,,,
966,1978368,518.4205602541392,490.1648276175809,1001.0,3.9583795027762196,0.46489370804981534,0.9820209085618107,-0.0026630074135027826,4.10183310508728,2.0482535362243652,2.7439569234848022,1.0008189678192139,0.0028076171875,0.00021484983153641224,0.014749407768249512,0.584396481513977,12.569937229156494,2.4627171083993744,0.6233248759291945,0.20505070686340332,0.19899430871009827,0.21146556735038757,853.8768483611219,,,,,,,
967,1980416,529.5019591160167,492.7751358168369,1001.0,3.807639520265536,0.45360289128229553,0.9629887901895763,-0.0015224117087200284,4.481917381286621,2.2394363284111023,2.6926335096359253,1.0010105073451996,0.010498046875,0.00035797392047243193,0.01165790855884552,0.5901578739285469,13.858991861343384,2.4635213267465588,0.6299889221831239,0.20492921769618988,0.19879359006881714,0.21131402254104614,834.0023314126332,,,,,,,
968,1982464,515.2288774378562,495.1677340385111,1001.0,3.9858905594655445,0.46770708300973907,0.9857429190571986,-0.0014247691724449396,3.5909117460250854,1.7940311133861542,2.700272500514984,0.9995490908622742,0.000732421875,0.000935520394705236,0.0216294527053833,0.5934986770153046,11.274449110031128,2.462772229948314,0.6178390115069552,0.20487836003303528,0.1987314224243164,0.2111676037311554,833.216358924125,,,,,,,
969,1984512,526.9166714259211,498.32571324526623,1001.0,3.838430265808544,0.45584330630293,0.9671745864169656,-0.001294886926189065,2.8106435537338257,1.4040268957614899,2.75307559967041,0.9998982846736908,0.001953125,0.0009251702067558654,0.04228194057941437,0.6746821105480194,9.715083360671997,2.4631709083914757,0.6257076265594627,0.20487743616104126,0.19866810739040375,0.21109913289546967,860.231238381407,,,,,,,
970,1986560,511.3321043430904,500.8824963563238,1001.0,4.056275915366285,0.471398599007538,0.9943816752785793,-0.001353669271338731,2.919389486312866,1.4583410620689392,2.7120364904403687,0.998762384057045,0.0120849609375,0.003005655082233716,0.019344061613082886,0.4264565482735634,10.641205072402954,2.46188924285525,0.6255359441519006,0.20486852526664734,0.19862309098243713,0.2110755443572998,841.4185320876252,0.9596166322994754,0.9516387389692835,0.24019171993758526,1.4425089027605427,0.0,0.0,1.0
971,1988608,540.067552862223,504.30811740413236,1001.0,3.662867678472529,0.4436437484976943,0.944214880003726,-0.0021784906857647,4.7504881620407104,2.3730656504631042,2.718549132347107,1.0001122653484344,0.0125732421875,0.0016828578081913292,0.016967803239822388,0.5864800363779068,13.53278923034668,2.4588527156447526,0.6299969239377685,0.20489884912967682,0.19864977896213531,0.21116213500499725,854.3568207656681,,,,,,,
972,1990656,547.115663472508,507.6174428847147,1001.0,3.5804034110786276,0.4369395543835921,0.9335462115562067,-0.0027981270104646683,5.293197274208069,2.6438004970550537,2.7252432703971863,0.999928668141365,0.02197265625,0.0024834903233568184,0.020128414034843445,0.5532031357288361,14.733075857162476,2.4629009691998363,0.6331557833298517,0.20497846603393555,0.19873149693012238,0.2113206535577774,861.8064676572687,,,,,,,
973,1992704,530.0725566775116,510.64112151792796,1001.0,3.863348241368519,0.45368869056298766,0.969087083763392,-0.0008063672576099634,6.1394383907318115,3.0689128041267395,2.7320014238357544,1.000858724117279,0.0025634765625,-8.401375089306384e-05,-0.0017501115798950195,0.574523538351059,16.853726387023926,2.4675478134304285,0.626308628796941,0.2050236165523529,0.19879625737667084,0.21136851608753204,851.7894064731414,,,,,,,
974,1994752,564.806011031233,513.985305713629,1001.0,3.3614201810882216,0.4197952271169772,0.9034927887746604,-0.0015949576627463102,8.015483736991882,4.0061469078063965,2.693981885910034,1.0010981559753418,0.0091552734375,0.0003712718898896128,0.014883071184158325,0.42723870277404785,18.316542148590088,2.4673326206975617,0.6357908031658793,0.2049851417541504,0.19875262677669525,0.21130286157131195,855.2946919129695,,,,,,,
975,1996800,537.0044192538064,516.5574741257306,1001.0,3.6899905768702483,0.44745836019643215,0.9470671894554419,-0.0033277826150879264,6.168497443199158,3.080920934677124,2.7036081552505493,1.0008666813373566,0.01025390625,0.0007366723220911808,-0.014701813459396362,0.7193617820739746,17.137545108795166,2.4640614490926964,0.6387362262965337,0.20495447516441345,0.19870468974113464,0.21121524274349213,849.7516598278248,,,,,,,
976,1998848,570.3627762843018,518.9919754349115,1001.0,3.332877610652185,0.41374926437318843,0.8988958273729455,-0.000398020027205348,10.54880166053772,5.27400279045105,2.704796314239502,0.9988459795713425,0.003173828125,0.0021861626810277812,0.00831228494644165,0.6557155251502991,22.065962314605713,2.4652166011655936,0.6330590078882735,0.20491863787174225,0.19867071509361267,0.2111169397830963,834.4745513033661,,,,,,,
977,2000896,560.067056140235,521.2470754727207,1001.0,3.4692642273844383,0.42467384915256456,0.9170314971438306,-0.003562804777175188,8.923773288726807,4.458323836326599,2.7575058341026306,1.0010376274585724,0.0091552734375,0.00037727041490143165,0.004632741212844849,0.5878424197435379,19.888307094573975,2.462218253611354,0.635154230882456,0.204908549785614,0.19860957562923431,0.21103891730308533,860.4359503107141,,,,,,,
978,2002944,540.68895087438,522.4939356278442,1001.0,3.7061010456247256,0.44253854257256675,0.9486752798756573,-0.002337837708182633,5.456120252609253,2.7257222533226013,2.689773976802826,0.9996933043003082,0.0084228515625,0.0016708560215192847,-0.004942029714584351,0.5522905737161636,14.938915729522705,2.4665504896838684,0.6366361930598513,0.20491638779640198,0.19852809607982635,0.2109450399875641,857.0086341432425,,,,,,,
979,2004992,526.0365092505776,523.4913633670019,1001.0,3.7965443159280867,0.4576543323923249,0.9605518760626336,-0.0010280271526426077,3.4089460968971252,1.7034450471401215,2.6935611367225647,1.0005084574222565,0.002197265625,0.0003426961993682198,-0.024541258811950684,0.6260863393545151,12.177587985992432,2.4658715655241394,0.6480352929448334,0.20492637157440186,0.19847407937049866,0.21088603138923645,857.534437060486,,,,,,,
980,2007040,547.4163342294916,524.1684831437673,1001.0,3.5916294527771138,0.4363495399852416,0.933529375555081,-0.0022998081985861063,6.745560884475708,3.3704805970191956,2.686543822288513,0.9994247108697891,0.013427734375,0.0022849736342323013,0.003581687808036804,0.5271750390529633,17.290215015411377,2.464841136330506,0.6425677958021938,0.20495827496051788,0.19844156503677368,0.21094338595867157,859.3455619466807,0.9320902285486077,0.9141366752405793,0.24194512975429616,1.502038418274944,0.0,0.0,1.0
981,2009088,558.9241906581464,525.127337916894,1001.0,3.444245995991774,0.4248153400341313,0.9140659650048266,-0.0005771354772150517,7.165391206741333,3.5821184515953064,2.71748149394989,1.00053471326828,0.0013427734375,0.00022164517577039078,0.01220010221004486,0.7035242170095444,17.6468768119812,2.465153385477606,0.6481061231678958,0.20499685406684875,0.1984318196773529,0.21095867455005646,856.770374788528,,,,,,,
982,2011136,557.7286826589257,526.1831929795173,1001.0,3.4929531724867826,0.42660459086625685,0.920083352598046,-0.0006474734982475638,7.066383719444275,3.532544434070587,2.6964945793151855,0.9999165832996368,0.00048828125,0.0005799027494504116,0.00939798355102539,0.5708467066287994,17.7945613861084,2.460833646939136,0.6515436877569071,0.20496056973934174,0.19825252890586853,0.21089188754558563,840.1760272651067,,,,,,,
983,2013184,537.4898778410254,526.3095365194489,1001.0,3.7162222876019904,0.44669020748806787,0.9495542985084456,-0.001802602841053158,4.437448501586914,2.216921627521515,2.7090776562690735,1.0010774731636047,0.0013427734375,-0.0005703589195036329,-0.005732834339141846,0.7832440286874771,13.954318284988403,2.464284470290295,0.6487714633286935,0.20488983392715454,0.1980796456336975,0.2107575535774231,837.9377113850202,,,,,,,
984,2015232,530.2820188881608,526.3086886498819,1001.0,3.8035847638750973,0.4532340533659733,0.961762862641746,-0.001144099049270153,3.2661246061325073,1.63191819190979,2.708039402961731,1.0001703798770905,0.0006103515625,0.00028129863494541496,0.03084219992160797,0.5548804700374603,10.773119926452637,2.460737796529429,0.6524947095028677,0.2048611342906952,0.19791598618030548,0.21076926589012146,856.3461603662665,,,,,,,
985,2017280,565.5163241871721,527.1446241485655,1001.0,3.390049217606888,0.4193456506580772,0.9066732198396465,-0.002292894583661109,7.307625889778137,3.651520013809204,2.707251250743866,1.000002920627594,0.0057373046875,0.00092032398970332,0.015345528721809387,0.44898270070552826,18.2254319190979,2.4628382247756235,0.6408204999876106,0.20487605035305023,0.19775058329105377,0.21087993681430817,855.6459857823193,,,,,,,
986,2019328,536.3108738936517,527.1697761884384,1001.0,3.7661728202654357,0.44708502487729784,0.9568112194199617,-0.002312130876816809,4.927305817604065,2.4613407850265503,2.7064912915229797,0.999850407242775,0.0115966796875,0.0018264291502418928,0.027699291706085205,0.6251076459884644,14.142511129379272,2.4672470690711634,0.6438441019316329,0.20484516024589539,0.19761081039905548,0.21087490022182465,849.8154764905063,,,,,,,
987,2021376,533.7416901772818,527.5909578210482,1001.0,3.7557369312735167,0.44978070383794266,0.9556179930811075,-0.0008698292076587677,3.294427216053009,1.6463437974452972,2.701181173324585,0.9991584718227386,0.00439453125,0.0021670986170647666,0.006691664457321167,0.694935530424118,11.729661703109741,2.46423575701192,0.6525279072713158,0.2048014998435974,0.1975126415491104,0.21087881922721863,852.0790374869142,,,,,,,
988,2023424,555.350334776493,528.2711799200914,1001.0,3.473018140718657,0.4284045378285167,0.9179119596117533,0.0005697818705812097,6.224035739898682,3.1125876903533936,2.7178046703338623,0.9996797442436218,0.0,0.000636837343336083,0.007222577929496765,0.587497815489769,16.271591186523438,2.463013028886053,0.6537548377363134,0.20476633310317993,0.19740381836891174,0.2108825445175171,823.433783942007,,,,,,,
989,2025472,531.0073805360386,528.7130897591986,1001.0,3.8030458849480677,0.45211612984707916,0.961604751778557,-0.001654559513553977,3.6916184425354004,1.8441546857357025,2.6761630177497864,1.0001842677593231,0.00146484375,0.000786701864853967,-0.0009035766124725342,0.41040200740098953,11.715244770050049,2.4621740522270557,0.6443693194442404,0.204750657081604,0.19735147058963776,0.2108701467514038,850.0176704684604,,,,,,,
990,2027520,553.757312948178,529.6252588325336,1001.0,3.5049574671747714,0.4301466017848169,0.9222777921984086,-0.0027835562359541655,3.480616867542267,1.7375248968601227,2.6964815855026245,0.9998569488525391,0.0062255859375,0.0012755642528645694,0.028066620230674744,0.4518546983599663,10.486586332321167,2.4645450155076105,0.6410277792419619,0.20469586551189423,0.19726891815662384,0.2108236849308014,842.3268058450618,0.9512641109066668,0.9446475595262647,0.2227155722775448,1.508776187086831,0.0,0.0,1.0
991,2029568,552.585714721007,531.0998479697578,1001.0,3.5052548696250554,0.4310190997740784,0.9225153837850342,-0.002141831151675433,3.6487022042274475,1.8222092688083649,2.678118050098419,0.9996079355478287,0.01708984375,0.002443818375468254,0.02468729019165039,0.6280230134725571,11.669866800308228,2.461970538715832,0.6513690151582279,0.2046496719121933,0.19719643890857697,0.21079973876476288,861.918065638109,,,,,,,
992,2031616,516.1685011770251,531.5580383962326,1001.0,3.927391621037163,0.46738745651687397,0.9770373626729058,-0.0022293237852863967,1.1261446475982666,0.5608429908752441,2.676592767238617,1.0002236664295197,0.00537109375,0.0007958172282087617,0.02349349856376648,0.5892182812094688,4.827237486839294,2.4647067851474276,0.6483215769711453,0.20460176467895508,0.19718888401985168,0.21077536046504974,841.6812873201667,,,,,,,
993,2033664,532.7303190096497,531.8983747834727,1001.0,3.794466809046685,0.45047084848297736,0.9604287907845687,-0.0004939436912536621,1.58879354596138,0.7939028292894363,2.684179961681366,0.9995710700750351,0.0020751953125,0.00117083406803431,0.047908902168273926,0.42913487553596497,4.055731892585754,2.4634446909622056,0.637932959951791,0.2045452743768692,0.19718851149082184,0.21065247058868408,832.8642835942942,,,,,,,
994,2035712,516.9346769940676,532.2871772824737,1001.0,3.9359066529371614,0.4660717102896396,0.9790567036209256,-0.0013618903467431664,0.8749659210443497,0.43612106889486313,2.677406370639801,1.0005134344100952,0.0006103515625,-0.00018146916409023106,0.03471571207046509,0.6329630762338638,2.1716358959674835,2.4615551126917126,0.6433391979912269,0.2044825255870819,0.19719868898391724,0.2105083167552948,836.1970721715047,,,,,,,
995,2037760,517.9756780224131,532.1277985285969,1001.0,3.9684914486624256,0.46491621833253377,0.9831315070531407,-0.0011981390416622162,0.9321212023496628,0.4648624658584595,2.7073447704315186,1.00014927983284,0.001220703125,0.00034741996933007613,0.07358492910861969,0.4641975462436676,1.0614013522863388,2.4612489078572253,0.651095898896418,0.2044234573841095,0.1972023844718933,0.2104189097881317,855.1882376906196,,,,,,,
996,2039808,515.1141101183332,531.4240092951864,1001.0,4.106298017137059,0.46773690054332734,0.9997817713950762,-0.0021102555620018393,1.418465256690979,0.7071223706007004,2.673360228538513,1.0004846453666687,0.0064697265625,0.0008734911461942829,0.05747736990451813,0.6730133146047592,3.0997979640960693,2.4680098950193496,0.6457752422566673,0.2043919414281845,0.19724281132221222,0.2103646695613861,861.856363059307,,,,,,,
997,2041856,489.92723283035366,530.5741426633545,1001.0,4.415096039376184,0.49245247432352623,1.0375349559740896,-0.002100460755173117,0.9466759115457535,0.47123750299215317,2.686949133872986,0.9990610778331757,0.0206298828125,0.003316163696581498,0.055007174611091614,0.5477370470762253,1.3125891387462616,2.4643488487345167,0.6388059293614146,0.20434749126434326,0.1972646564245224,0.21029826998710632,847.9950068998315,,,,,,,
998,2043904,511.2960980667641,530.6012122068113,1001.0,4.078340486479316,0.4714024667054968,0.9972494267732163,-0.0012522527540568262,0.9444710463285446,0.47098326683044434,2.687753677368164,0.9996359348297119,0.0029296875,0.001189431015518494,0.08538034558296204,0.5595490485429764,0.41988057643175125,2.461097169914865,0.6380497709928333,0.20429114997386932,0.19729486107826233,0.2101944535970688,851.7428880342366,,,,,,,
999,2045952,504.6017498194476,530.1101652039952,1001.0,4.248423009094772,0.4776356854520698,1.0172624013332028,-0.0015047410561237484,1.0716542303562164,0.5343223661184311,2.6658891439437866,0.9999707788228989,0.0135498046875,0.001861614357039798,0.07935616374015808,0.7204600125551224,1.7456166744232178,2.4655256895930506,0.6568653384028023,0.20427021384239197,0.19734933972358704,0.21012604236602783,847.1482664235529,,,,,,,
1000,2048000,509.8546933784397,530.0377958661466,1001.0,4.204462423097811,0.4727034373567366,1.0120117947207654,-0.0017710243409965187,1.10199835896492,0.5492281466722488,2.689935624599457,1.0006089508533478,0.0068359375,0.0009063904071808793,0.1151709109544754,0.46636416018009186,0.4499143213033676,2.4633105335524306,0.6463174090741848,0.20430785417556763,0.19743135571479797,0.2101718783378601,808.7328882214716,1.0314114162378898,1.011843085528167,0.2617457683312894,1.41774070292554,0.0,0.0,1.0
