update,environment_steps,mean_episode_return,rolling_episode_return,mean_episode_length,mean_raw_cost,mean_normalized_cost,rms_position_error,policy_loss,value_loss,total_loss,entropy,mean_ratio,clip_fraction,approximate_kl,explained_variance,actor_grad_norm,critic_grad_norm,action_mean,action_std,policy_std_mean,policy_std_min,policy_std_max,throughput_steps_per_second,evaluation_rms_position_error,evaluation_final_position_error,evaluation_mean_speed,evaluation_max_angular_rate,evaluation_success_rate,evaluation_failure_rate,evaluation_truncation_rate
1,2048,38.68167512997387,38.68167512997387,71.28571428571429,6.209596432485072,0.31166763966585104,0.9750561243574597,-0.004032647702842951,3.7226577401161194,1.8572962284088135,3.067997097969055,0.9963513016700745,0.0758056640625,0.009448850396438502,-0.03159371018409729,0.5711681172251701,2.204514443874359,2.608317128615454,0.5986609543118786,0.22307880222797394,0.22287943959236145,0.22338077425956726,714.7425460033172,,,,,,,
2,4096,52.36071346899493,44.03434230611254,112.44444444444444,12.392197466154116,0.4412392561320881,1.545259366812159,-0.0036247303942218423,5.136445999145508,2.564598321914673,3.0741668939590454,0.996732622385025,0.053955078125,0.007843249215511605,0.06116868555545807,0.8047114163637161,3.310724973678589,2.4919216763519216,0.6027651410209401,0.22308912873268127,0.22283822298049927,0.22336658835411072,792.095500776047,,,,,,,
3,6144,47.18140229354014,45.020734242470446,97.19047619047619,8.146252343329177,0.4104279363820703,1.1693502630332027,-0.003845836385153234,3.945499539375305,1.9689039289951324,3.074193298816681,0.9995503723621368,0.0157470703125,0.0023842929949751124,0.10190251469612122,0.5429477095603943,3.1767011284828186,2.4769908978196327,0.6086167724748769,0.22318243980407715,0.22295062243938446,0.22344274818897247,862.2471462513196,,,,,,,
4,8192,45.22535033155686,45.06777242386961,100.0,9.975893490015523,0.44031307153081856,1.3379776056912562,-0.003664588206447661,3.340714991092682,1.6666928827762604,3.077667534351349,0.9986306130886078,0.0257568359375,0.003949070305679925,0.201279416680336,0.7393357157707214,2.9732582569122314,2.5304215855139773,0.6242291359575758,0.2233547419309616,0.2231132537126541,0.22366182506084442,758.5249575517572,,,,,,,
5,10240,50.48202340929772,46.182970170153624,118.23529411764706,13.871096945535008,0.48295121422986187,1.6412582339667392,-0.002439509320538491,3.2132920622825623,1.604206532239914,3.076522469520569,0.9978647530078888,0.0439453125,0.005930912506300956,0.28559155762195587,0.6396787390112877,3.029712736606598,2.5147308634768706,0.6159852491378893,0.2235078364610672,0.2232496589422226,0.2239004522562027,830.8083089143033,,,,,,,
6,12288,44.90327564665282,47.528961161074655,88.65217391304348,5.666204830030583,0.3792527022321207,0.9108864837083629,-0.0020855343900620937,2.76498144865036,1.380405217409134,3.0656919479370117,0.9993805140256882,0.005859375,0.0019248669414082542,0.24008770287036896,0.5446154028177261,3.072327196598053,2.3960889862064505,0.6297620925189719,0.22360554337501526,0.22331799566745758,0.22393076121807098,884.2786178783206,,,,,,,
7,14336,45.85173175187594,46.417087398920714,96.04761904761905,9.03863888137761,0.4138869935244456,1.266027709136971,-0.0017738781170919538,2.559864342212677,1.278158277273178,3.0567781925201416,1.002186268568039,0.0174560546875,-0.00021453440422192216,0.31926731765270233,0.5866751596331596,2.85085666179657,2.425974129815586,0.6264972312652933,0.22361265122890472,0.22327829897403717,0.22380545735359192,898.7109318695024,,,,,,,
8,16384,45.894919468838744,46.27200417605952,89.31818181818181,5.9159669416568725,0.3683261516258745,0.9361434963277121,-0.0014450156595557928,2.5290662050247192,1.2630880773067474,3.0702423453330994,0.998538538813591,0.01513671875,0.003294376583653502,0.3572300970554352,0.3910135254263878,3.047399401664734,2.4131154639908345,0.63228094885053,0.22360090911388397,0.22330567240715027,0.22385132312774658,892.3647709013934,,,,,,,
9,18432,41.77179670832037,45.008993991250485,82.625,6.055796291313986,0.3689613295606927,0.9528616524980051,-0.0025872078258544207,1.9705337584018707,0.9826796799898148,3.0414870977401733,0.999786451458931,0.00390625,0.0011745357915060595,0.3574337363243103,0.8702373206615448,2.368849515914917,2.4236275397997815,0.6468907527665336,0.22360512614250183,0.22334416210651398,0.22397036850452423,894.4185734873422,,,,,,,
10,20480,48.04911072362349,45.293573520911686,96.04761904761905,7.426216164131368,0.39161444601843576,1.1146326084218527,-0.00012709223665297031,2.3681429028511047,1.1839443743228912,3.0929487347602844,1.0005192160606384,0.001953125,0.0004226042947266251,0.4614865928888321,0.6071070432662964,2.764267683029175,2.4577652567386394,0.6254191981539065,0.22365301847457886,0.22319096326828003,0.2241373211145401,830.5986939326974,0.40013820055837523,1.112071645393772,1.4667592437546473,4.524007879884357,0.0,1.0,0.0
11,22528,48.5172486406342,45.91550029141069,109.44444444444444,13.268438199256478,0.4565145237159976,1.5783397726665302,-0.002188141690567136,1.9882372617721558,0.9919304996728897,3.1049081683158875,1.0004665553569794,0.01953125,0.0017304014909313992,0.557634711265564,0.5623780936002731,2.4775032997131348,2.4819498439173913,0.6109046735027784,0.22375273704528809,0.22311827540397644,0.22436489164829254,898.1422098982862,,,,,,,
12,24576,48.03965391664511,46.28135567052155,110.61111111111111,13.041159805012208,0.46882822004744484,1.5570336381243013,-0.0014694125857204199,1.8247225284576416,0.9108918458223343,3.1147502660751343,1.000005766749382,0.0074462890625,0.0013211298355599865,0.6233206391334534,0.5701664537191391,1.8965699076652527,2.503083343122853,0.609599196325175,0.22384631633758545,0.22307537496089935,0.22448579967021942,893.6479739376209,,,,,,,
13,26624,47.80404629007211,46.5785557173818,106.10526315789474,14.150277794314931,0.44943663844246257,1.6590188605552967,-0.0020718653686344624,1.6538712680339813,0.8248637616634369,3.0973312854766846,0.9988598674535751,0.0269775390625,0.0038595219812123105,0.6003329455852509,0.5795612782239914,1.889552354812622,2.44463947461918,0.5974440071659763,0.22392770648002625,0.22314544022083282,0.2245297133922577,896.5594986267652,,,,,,,
14,28672,45.52151079239078,47.46330215972583,94.47619047619048,10.227877078030115,0.40591226803685254,1.3766202093860351,-0.002415882656350732,1.3189612030982971,0.6570647060871124,3.0858970284461975,0.9995537549257278,0.0162353515625,0.002491470833774656,0.6142385601997375,0.6424390971660614,1.6639811396598816,2.4204073067376157,0.6058996162853351,0.2239476442337036,0.2231585681438446,0.22457380592823029,897.860372078254,,,,,,,
15,30720,52.10698726961976,48.40523204091332,118.47058823529412,14.674416061441377,0.4698972984162697,1.7064886908187216,-0.0030532770324498415,1.7451249361038208,0.8695091903209686,3.0995196104049683,1.000460833311081,0.0250244140625,0.002135917035047896,0.6851048618555069,0.6651658564805984,1.9517649412155151,2.5111970100551844,0.5975415782675048,0.2238994538784027,0.2230428159236908,0.22459426522254944,897.0826581099774,,,,,,,
16,32768,56.84685269446986,49.833430985942584,128.0,14.727096941201738,0.4769332973312143,1.7110863366629894,-0.0028818469727411866,1.8760584592819214,0.9351473748683929,3.0707423090934753,0.9996615946292877,0.02392578125,0.002877915365388617,0.7123971879482269,0.579264223575592,2.203691303730011,2.50634774104401,0.5990355480722992,0.22379553318023682,0.2229132503271103,0.22460095584392548,863.2117753095669,,,,,,,
17,34816,62.613220762436846,51.701796774966404,138.35714285714286,13.528409652061768,0.4675502354649903,1.638577073482736,-0.003801607061177492,2.2917704582214355,1.1420836448669434,3.087797701358795,0.9979538023471832,0.02783203125,0.004778808157425374,0.7071419805288315,0.7269362658262253,2.83016437292099,2.5312690519640455,0.6044393195481271,0.22370368242263794,0.22283214330673218,0.22456477582454681,809.6641439475858,,,,,,,
18,36864,66.64449707256108,53.94482870350148,157.15384615384616,18.554323380200053,0.5111392845111625,1.9588715632481934,-0.00188921089284122,2.3935145139694214,1.1948680579662323,3.112894058227539,0.9995058476924896,0.0203857421875,0.0029041589150438085,0.755371630191803,0.47339509427547455,2.4925673604011536,2.4680589759955183,0.5868457158083726,0.22368818521499634,0.22283649444580078,0.22450527548789978,890.6927341967645,,,,,,,
19,38912,70.90659467927964,56.913160841583256,163.83333333333334,14.474717832041328,0.492567663341949,1.725286748383711,-0.0039433815982192755,2.702867329120636,1.347490280866623,3.0928826332092285,0.9999641478061676,0.0118408203125,0.001690246892394498,0.6898803859949112,0.7455166578292847,3.3099052906036377,2.6095619331899798,0.6007834668428607,0.22365771234035492,0.22280630469322205,0.22443078458309174,896.4348722103376,,,,,,,
20,40960,69.09474819549857,59.56989999717474,152.23076923076923,16.07183425912954,0.473199011684273,1.8183441996412446,-0.00139949208823964,2.325128495693207,1.1611647307872772,3.0859543085098267,1.0008137822151184,0.00634765625,0.00042333405872341245,0.7010655105113983,0.5106307342648506,3.0311798453330994,2.548072936013341,0.5966341862863291,0.22360859811306,0.22273093461990356,0.22432631254196167,898.0864041927755,2.1209530899661164,5.028323663150234,3.257965492606742,3.976521625498315,0.0,1.0,0.0
21,43008,66.89668612882386,62.25603700307745,149.76923076923077,16.365566004485277,0.4819036268155315,1.8217136620755978,-0.0019128912827000022,1.9193934798240662,0.9577838480472565,3.104294002056122,0.9996691942214966,0.0186767578125,0.0024538652651244774,0.6879720836877823,0.6718027293682098,2.3517929315567017,2.5976114031509496,0.5891721708204799,0.223587304353714,0.22274605929851532,0.2241879105567932,877.0040298432632,,,,,,,
22,45056,71.43876858702149,65.3770554752611,145.85714285714286,13.701939622290745,0.4405010884234948,1.6624230484782805,-0.0030117719434201717,2.485616087913513,1.2397962808609009,3.1133075952529907,1.000558853149414,0.0238037109375,0.0020882301178062335,0.6888662129640579,0.6803442612290382,3.1325587034225464,2.5881613493547775,0.5722141563403934,0.2235424816608429,0.2227669507265091,0.2240290343761444,891.0322076947025,,,,,,,
23,47104,72.43920710904364,67.95693638898527,144.92857142857142,12.91520578862805,0.4275172472496019,1.6056341396267215,-0.002559909364208579,2.31875479221344,1.1568174958229065,3.0911330580711365,0.9996067136526108,0.029541015625,0.003219103324227035,0.6847305744886398,0.5716371238231659,2.8838515877723694,2.624775731761474,0.5827886353487175,0.22350314259529114,0.22280606627464294,0.22404469549655914,812.965290815426,,,,,,,
24,49152,67.55513060033618,69.14472155996522,136.57142857142858,13.268763240019588,0.42482733745856904,1.648448303758681,-0.0038907163543626666,2.515480637550354,1.253849595785141,3.0830374360084534,0.9992113411426544,0.0364990234375,0.004073008050909266,0.5754216909408569,0.6541478186845779,1.7705943286418915,2.6120380702632247,0.5801476471850999,0.22345447540283203,0.22280196845531464,0.22404006123542786,894.1473028149807,,,,,,,
25,51200,71.3313765333726,69.92917105241091,134.8,9.19594544346944,0.39247370818282695,1.3366565113011868,-0.0008919846150092781,2.8073413968086243,1.4027787148952484,3.1191149950027466,0.9990968108177185,0.0130615234375,0.002752186745055951,0.5847891271114349,0.525734581053257,2.081914961338043,2.602930970591842,0.5785943571762638,0.22335708141326904,0.2227068841457367,0.22389738261699677,893.2197462436526,,,,,,,
26,53248,72.30273234109328,70.13336854338435,152.23076923076923,13.70526137980297,0.4489481327343901,1.69176874852708,-0.002890036324970424,2.6172995567321777,1.3057597279548645,3.097631335258484,0.9983808100223541,0.017333984375,0.003408514050533995,0.6034544408321381,0.61758603900671,1.5009931325912476,2.5553647076303605,0.5821557539695958,0.22321529686450958,0.22253692150115967,0.22377663850784302,894.4817927553838,,,,,,,
27,55296,78.44345347667443,70.94474733284322,152.76923076923077,13.56665002040112,0.4132538352906453,1.6760776757524314,-0.0012920488370582461,2.860115110874176,1.4287655055522919,3.1102941036224365,1.0001941621303558,0.0235595703125,0.0023409380519296974,0.6198479235172272,0.6583292633295059,2.0138889253139496,2.559608867755742,0.5903328383523213,0.22310587763786316,0.2223488837480545,0.22372126579284668,890.9439249093173,,,,,,,
28,57344,82.1727283598222,72.9213360796957,161.75,13.241216535423622,0.4222490445173986,1.6591043833818473,-0.002123188052792102,3.057053029537201,1.5264033377170563,3.083640694618225,0.9981210827827454,0.0189208984375,0.004009555792436004,0.6454388201236725,0.5406839400529861,2.214470088481903,2.5489122116268845,0.6039022391904982,0.2230319231748581,0.22218897938728333,0.22372077405452728,899.6153731359623,,,,,,,
29,59392,84.92716008682713,74.86051822450422,172.0,11.44254043223083,0.44021869270013236,1.5286237864303942,-0.0017253956757485867,2.7244322896003723,1.360490769147873,3.084158718585968,0.9988491237163544,0.01171875,0.0026991199556505308,0.6939956694841385,0.3998957648873329,2.4091354608535767,2.525985712156398,0.5804694333814682,0.22299247980117798,0.22210021317005157,0.2238221913576126,794.7047228702072,,,,,,,
30,61440,88.96616010066536,76.75032199783563,179.54545454545453,12.815921718874923,0.4367386256230842,1.6408136725503895,-0.0031340523855760694,4.818457722663879,2.4060948491096497,3.0849536657333374,1.0013684928417206,0.01806640625,0.0006903876783326268,0.539714902639389,0.7426859587430954,2.049400210380554,2.47090289661719,0.6106915401126286,0.22295555472373962,0.22207953035831451,0.22387374937534332,873.8218469226825,1.3881077343332406,3.9602618509979894,1.977045094789272,2.753130095144356,0.0,1.0,0.0
31,63488,97.73167613429568,79.23240460173844,192.9,9.869241480119035,0.4234125193865514,1.438983941872418,-0.00321615778375417,5.657525181770325,2.825546443462372,3.0622235536575317,0.999881386756897,0.02734375,0.002825947944074869,0.46791015565395355,0.6676635593175888,2.7001354098320007,2.6160158301936463,0.6115134975000471,0.2229251265525818,0.22209586203098297,0.2238912731409073,877.1066317543643,,,,,,,
32,65536,84.90326758136774,81.41436564967226,184.27272727272728,13.585060198511167,0.48074422271972944,1.712447438437733,-0.002576076425611973,5.528020739555359,2.761434316635132,3.0748085975646973,0.9984949380159378,0.0179443359375,0.0036015311343362555,0.38590748608112335,0.7288057804107666,3.696082651615143,2.491127148256055,0.6244088652118147,0.2229025661945343,0.22214503586292267,0.22392046451568604,894.2719066207779,,,,,,,
33,67584,104.78645022802151,84.32958507450246,226.11111111111111,14.015036755003408,0.489407492578292,1.744063914646433,-0.002994391426909715,8.78126835823059,4.387639760971069,3.0815634727478027,0.9984608888626099,0.0238037109375,0.004121705467696302,0.34826691448688507,0.7635071277618408,3.072603762149811,2.602879714293522,0.6013200664292071,0.2228948473930359,0.22216005623340607,0.22393928468227386,893.5203956257451,,,,,,,
34,69632,101.3555672545954,86.78301899729253,212.22222222222223,12.211759150934094,0.46643749218932584,1.6331104302749224,-0.0017931772163137794,8.92877984046936,4.462596774101257,3.080937385559082,1.0012831389904022,0.0264892578125,0.001492534385761246,0.2507088780403137,0.5907822400331497,3.701974928379059,2.5851258860639064,0.5927834278257668,0.2228722721338272,0.22209490835666656,0.2239428460597992,896.6704228791124,,,,,,,
35,71680,86.6670453943562,88.44581421707478,187.3,13.206382505430362,0.48147784906601593,1.6985692876184515,-0.003929653379600495,6.757636785507202,3.3748887181282043,3.0813452005386353,0.9981691986322403,0.0162353515625,0.0038100377714727074,0.34557846188545227,0.6329496279358864,4.645771384239197,2.4330580576352077,0.596591653553473,0.2228335738182068,0.22198547422885895,0.22391268610954285,823.6384008724763,,,,,,,
36,73728,75.56844817141793,88.61755005903406,177.0,16.480115043787926,0.5047517970667387,1.8894702758098234,-0.0046180092031136155,5.623694181442261,2.8072290420532227,3.0817551612854004,0.9968528002500534,0.0823974609375,0.009567579021677375,0.41050828993320465,1.0079275369644165,6.647410869598389,2.3595727703213925,0.5922312715637102,0.22281551361083984,0.2218828648328781,0.22386275231838226,892.1313697800617,,,,,,,
37,75776,85.29323255049886,88.76877799261503,193.1,17.999529476966504,0.4985897181665325,2.004330945152392,-0.0020955336512997746,6.2653502225875854,3.1305795311927795,3.074847400188446,0.9983157217502594,0.0516357421875,0.005767359907622449,0.3839225322008133,0.7566397786140442,5.90643310546875,2.3817394677753327,0.5901943473791683,0.22281073033809662,0.22171099483966827,0.22383449971675873,893.3986805083478,,,,,,,
38,77824,71.64530879797749,87.523783818675,169.41666666666666,20.211334024596965,0.5144546539913233,2.1123777809808497,-0.0023242818424478173,5.941395044326782,2.9683732390403748,3.0980708599090576,0.9998803734779358,0.0457763671875,0.0039229997200891376,0.40272876620292664,0.8752420544624329,7.922405362129211,2.448441476590233,0.5994553068745646,0.22278337180614471,0.22155658900737762,0.2238023281097412,896.2647643407464,,,,,,,
39,79872,74.85055835183711,85.52110341301668,168.8181818181818,18.68576874586067,0.49727360781874697,2.02775225149448,-0.0019057280151173472,6.088873267173767,3.0425309538841248,3.112246870994568,0.9987884014844894,0.0050048828125,0.0023606998147442937,0.3557388186454773,0.7460401952266693,7.433467149734497,2.486176348407753,0.565765288778376,0.22274023294448853,0.22136490046977997,0.22382335364818573,895.5833863633189,,,,,,,
40,81920,75.04452508472404,84.20810327191688,169.72727272727272,17.326059109619784,0.4905637240557761,1.9505586284488832,-0.0023356206947937608,6.392816543579102,3.194072663784027,3.1203359365463257,0.9999034404754639,0.0242919921875,0.0026411834405735135,0.3400774598121643,0.7202864736318588,5.469529509544373,2.4820845636131708,0.5687011134023596,0.22273945808410645,0.2211851179599762,0.22390116751194,888.5621591056915,1.7393326275059549,4.422580759538678,2.939888409631058,2.9858338003720637,0.0,1.0,0.0
41,83968,68.8188677531559,80.95294253931792,144.85714285714286,14.517820962657627,0.4520245315968333,1.755038915797805,-0.002387535118032247,5.164697766304016,2.579961359500885,3.1262664794921875,0.996639609336853,0.049072265625,0.0073603650816949084,0.39086396992206573,0.8921535909175873,6.962683320045471,2.5132141046778997,0.5694230155970915,0.22272229194641113,0.22103825211524963,0.22399458289146423,894.9358253787719,,,,,,,
42,86016,75.17395043934842,78.48780912735319,153.53846153846155,13.371544581660777,0.4361102739457157,1.6866390472320107,-0.00041943020187318325,6.1861714124679565,3.092666268348694,3.0903849601745605,0.9988828897476196,0.0093994140625,0.0025958077603718266,0.2724873572587967,0.4019039645791054,5.958389043807983,2.533848846665933,0.5638512393305954,0.22268319129943848,0.22089365124702454,0.2241523414850235,813.1774661936241,,,,,,,
43,88064,81.10999839657487,76.74294590164591,151.69230769230768,9.338475947736928,0.38810462203231477,1.3853748326314235,-0.002833738108165562,6.887224555015564,3.4407785534858704,3.0892507433891296,0.9991348087787628,0.025146484375,0.0032486604468431324,0.2608354687690735,0.7986699640750885,4.087978541851044,2.5673354505415773,0.571880846130664,0.2226530909538269,0.22072742879390717,0.22427238523960114,871.316650797171,,,,,,,
44,90112,82.94932958608976,76.56516539047118,167.41666666666666,14.40992620790165,0.43726754813260715,1.7805239771692287,-0.0029691377421841025,5.968545913696289,2.9813038110733032,3.101782202720642,0.9986049979925156,0.0360107421875,0.0045425558055285364,0.30837151408195496,0.7873197793960571,3.4414258003234863,2.4801349704357563,0.5763952562446503,0.22266489267349243,0.2206193059682846,0.22440680861473083,894.8306658775485,,,,,,,
45,92160,88.1967471307341,77.29182940999976,180.1,12.01559449731408,0.44375032373092055,1.636309169500042,-0.0012179472832940519,10.413803577423096,5.2056838274002075,3.123201847076416,0.9996269047260284,0.0233154296875,0.002953750270535238,0.19978931546211243,0.6280801966786385,3.1893685460090637,2.458451317419531,0.5727042695221221,0.222711443901062,0.22055748105049133,0.2245381623506546,884.0668956514082,,,,,,,
46,94208,99.0812807312433,79.95241886526797,184.9090909090909,11.261333289382009,0.4075072421261329,1.5649094677805753,-0.0029105591820552945,10.069443225860596,5.031810998916626,3.1057775020599365,0.9996287673711777,0.0169677734375,0.0024027184408623725,0.2378299981355667,0.8244733214378357,3.35192608833313,2.4982764996238984,0.5932855398461954,0.22277507185935974,0.22047950327396393,0.22466778755187988,886.6519157484025,,,,,,,
47,96256,107.01390148256935,83.43131222078284,194.6,10.90776146626154,0.38488710332852505,1.5460073956001068,-0.001469726674258709,12.34604263305664,6.171551585197449,3.10154789686203,1.0022181272506714,0.0416259765625,0.0012837590766139328,0.19783006608486176,0.8609468787908554,4.270233750343323,2.486971768375952,0.5870382690947201,0.22278077900409698,0.2203463315963745,0.22475820779800415,893.9328061962198,,,,,,,
48,98304,100.7163718946325,86.10581157795716,183.54545454545453,9.338987027897746,0.3915898972433517,1.4119689969084699,-0.0025070743286050856,11.152278900146484,5.5736323595047,3.0855729579925537,0.9990912228822708,0.027587890625,0.0036604642955353484,0.13940957188606262,0.8289554119110107,3.2724732756614685,2.6024784723413177,0.5714895719848957,0.2227366715669632,0.22018350660800934,0.22476209700107574,832.7227983664485,,,,,,,
49,100352,79.5378584260522,87.07567535343483,148.46153846153845,7.798966451934957,0.388761027409638,1.258031725238327,-0.0017322888015769422,6.50678551197052,3.251660466194153,3.1054515838623047,0.9993214458227158,0.052734375,0.004828558870940469,0.23356004059314728,0.711024634540081,4.5395827293396,2.6085365981125506,0.5619518711347464,0.2227206975221634,0.2200804352760315,0.22477412223815918,892.3016421377969,,,,,,,
50,102400,79.34064243304276,87.87740940253207,143.71428571428572,6.895030510744725,0.37301915968951005,1.1466738969513457,-0.002859724103473127,6.70194685459137,3.348113715648651,3.09229052066803,1.0007231831550598,0.0279541015625,0.0020094115898245946,0.19677141308784485,0.8699742704629898,5.529672384262085,2.6421388823655434,0.5549662462200236,0.22268839180469513,0.21998704969882965,0.22483551502227783,890.985029395293,1.168239473431685,3.155869771491362,2.2650357695935175,4.308310652190149,0.0,1.0,0.0
51,104448,79.57838550165778,87.79299781739411,149.6153846153846,8.345268958831365,0.3954597232704838,1.2762839345629808,-0.0022595819318667054,6.393978714942932,3.194729804992676,3.08850359916687,0.9958706200122833,0.0595703125,0.008800382754998282,0.2390647828578949,0.9593113213777542,4.661089539527893,2.6737344347930048,0.5566341390833449,0.22263094782829285,0.2198908030986786,0.22485961019992828,891.2693269066069,,,,,,,
52,106496,79.00377519528539,87.47230237221261,155.6153846153846,13.177248983785848,0.4236928832500524,1.6291204251210107,-0.0020814051968045533,5.134345650672913,2.5650914311408997,3.0928481817245483,1.0012570023536682,0.01708984375,0.0006985946820350364,0.3488271236419678,0.7053997665643692,3.862176477909088,2.712652376620099,0.5624280272632858,0.22254610061645508,0.21980829536914825,0.22480332851409912,889.8601554140984,,,,,,,
53,108544,75.34141897579474,86.25046424241229,149.46153846153845,10.998553778676772,0.42251659263191665,1.4739455275452846,-0.000698754854965955,4.546546816825867,2.2725746631622314,3.101596474647522,0.999486118555069,0.0059814453125,0.0020900171803077683,0.36129266023635864,0.41032683104276657,3.5165401697158813,2.6821997961669695,0.5604571237111338,0.22250279784202576,0.21984505653381348,0.2248125970363617,892.3044133037455,,,,,,,
54,110592,75.76453826484095,83.48725792456453,152.3846153846154,13.063673772379516,0.42592614609328067,1.6082713988396926,-0.0020901504904031754,4.176963448524475,2.0863916277885437,3.083580195903778,0.9987038224935532,0.0098876953125,0.0028989419515710324,0.44677816331386566,0.7252481281757355,2.559867739677429,2.6750824150512926,0.5633402537819598,0.2224782109260559,0.21993261575698853,0.22476887702941895,827.6678609451235,,,,,,,
55,112640,76.27223544109759,80.0028473906459,151.84615384615384,11.207581810109858,0.4190960721810401,1.4923180507026774,-0.0003302072291262448,4.620802521705627,2.310071051120758,3.0804684162139893,0.997361958026886,0.058349609375,0.007359787821769714,0.45925821363925934,0.749418705701828,3.007649064064026,2.618676980389864,0.5701001229506499,0.22240909934043884,0.2198960930109024,0.22463902831077576,834.7315712108735,,,,,,,
56,114688,75.18714329627447,77.42580237755712,153.0,12.839758094357409,0.4334286047909563,1.6011753240833082,-0.004153321438934654,4.060994327068329,2.026343822479248,3.1187539100646973,0.9993162006139755,0.0311279296875,0.0034801738802343607,0.491920068860054,0.8984300717711449,2.8718537092208862,2.5779585561977,0.5611481591731463,0.22239822149276733,0.2198261022567749,0.22463151812553406,890.2295049747845,,,,,,,
57,116736,74.97868582235074,76.85183421638197,156.30769230769232,14.386150085037247,0.45340007300611385,1.7102350240694364,-0.0017775949090719223,3.754335880279541,1.8753903210163116,3.10028338432312,1.0004040896892548,0.0423583984375,0.0032034419564297423,0.49736689031124115,0.6411270499229431,2.4699211716651917,2.527967917994829,0.5627544265231639,0.22239603102207184,0.2197086364030838,0.22469910979270935,885.3263885301517,,,,,,,
58,118784,68.37726097688571,75.65328656651509,151.30769230769232,17.218881803091126,0.4686706761465488,1.8807421008747318,-0.001455977268051356,2.6875598430633545,1.3423239588737488,3.092772662639618,1.0000332444906235,0.0211181640625,0.002263933522044681,0.5532138496637344,0.5990743860602379,2.389602482318878,2.552354934756295,0.5655749040162348,0.22242817282676697,0.2196180671453476,0.22479097545146942,890.4190763903032,,,,,,,
59,120832,68.20369209285823,73.9302500290882,151.46153846153845,17.34282550445336,0.4722866086456514,1.9069720994667028,-0.002192657324485481,2.3240713477134705,1.1598430275917053,3.120635688304901,0.9988153278827667,0.036865234375,0.004493760017794557,0.610392227768898,0.84980209171772,1.72332164645195,2.529316656247829,0.5619155680101542,0.22253277897834778,0.21966025233268738,0.22494089603424072,886.9953889565643,,,,,,,
60,122880,61.1538519054392,71.62678263776793,136.53333333333333,17.640714663455782,0.47885362373945906,1.9092890963857936,-0.0029582459246739745,1.7869911193847656,0.8905373215675354,3.1416298151016235,0.9987146556377411,0.0706787109375,0.006614248501136899,0.6282978653907776,0.6734927892684937,1.618596613407135,2.5247067282471107,0.5600266490574779,0.22266030311584473,0.21979881823062897,0.2251407355070114,886.5992213851221,1.9273030374760292,5.039859349080372,3.723318395269868,2.758462329276567,0.0,1.0,0.0
61,124928,65.65517898854117,70.15231647932106,130.53333333333333,12.320307162832815,0.41021909450705846,1.5564245407117854,-0.0024340722884517163,2.3463417291641235,1.1707367897033691,3.1230127811431885,1.0013336837291718,0.022705078125,0.0011458681838121265,0.5982901304960251,0.6501061916351318,1.641773760318756,2.486084514966933,0.5668570488638875,0.22283802926540375,0.21994557976722717,0.2254970818758011,813.6245408508995,,,,,,,
62,126976,62.2277164995829,68.11500612780145,124.375,11.431866087696811,0.4105030479218223,1.4945676851044116,-0.0016447938978672028,2.0631156265735626,1.0299130082130432,3.1285781264305115,0.9996926039457321,0.0552978515625,0.004657467812648974,0.5913979411125183,0.6224604174494743,1.7573305368423462,2.49963119388849,0.5637294157053008,0.2229575663805008,0.22009815275669098,0.2257937490940094,886.5123478237361,,,,,,,
63,129024,66.83270726656738,67.01655240989533,139.57142857142858,13.934419384036138,0.4379641039352951,1.674779373031155,-0.0029992066556587815,2.4537839889526367,1.2238928079605103,3.1173317432403564,0.9981543123722076,0.0301513671875,0.004598806495778263,0.6230636686086655,0.5609340369701385,1.4140897989273071,2.4827865620318335,0.5653194463441631,0.22302256524562836,0.22011509537696838,0.22607946395874023,890.9317435591502,,,,,,,
64,131072,71.85097793842561,66.36892716469177,154.46153846153845,15.348858779842002,0.4627350805048819,1.778535599422262,-0.0019909647526219487,2.6480411291122437,1.3220296204090118,3.1320860385894775,1.001000314950943,0.022216796875,0.0014322341012302786,0.6170039623975754,0.5301261842250824,1.6055420935153961,2.434949649963528,0.5763072278369884,0.2230444848537445,0.22001168131828308,0.22631797194480896,891.0235403600992,,,,,,,
65,133120,74.13031268682322,66.86122948819062,151.69230769230768,13.91906182676071,0.4338818177840155,1.678443881021129,-0.0017978280666284263,3.1992396116256714,1.5978219509124756,3.095148801803589,1.0004457831382751,0.0272216796875,0.002332124757231213,0.5714356005191803,0.45922160893678665,2.245593249797821,2.385848988647922,0.5789597740741925,0.22304758429527283,0.21980363130569458,0.2265179306268692,890.7739839217458,,,,,,,
66,135168,80.68904696891443,68.50282690369875,165.66666666666666,13.8486543717976,0.4421595027169249,1.707987274306311,-0.0013450960395857692,3.8223564624786377,1.909833163022995,3.0682274103164673,0.9995935708284378,0.0076904296875,0.001875621746876277,0.5281510353088379,0.5039204731583595,2.580224931240082,2.35817739374761,0.5868436180023835,0.22306232154369354,0.21971142292022705,0.22667677700519562,890.238444390228,,,,,,,
67,137216,78.51614444221924,70.26713210595514,156.53846153846155,11.55394921067806,0.4319440943720065,1.545646496516375,-0.002269595628604293,3.8392258286476135,1.9173433482646942,3.0862345099449158,0.9990777373313904,0.036376953125,0.004152253677602857,0.5002952218055725,0.42124636471271515,2.3934977054595947,2.4034966922481544,0.5696353433035359,0.2231202870607376,0.2197418510913849,0.22682008147239685,822.9643465637453,,,,,,,
68,139264,79.18154828941739,72.7424605687012,151.69230769230768,8.552862170980527,0.40076933149052807,1.3199995943753566,-0.002048433874733746,5.550173282623291,2.7730382084846497,3.1017491817474365,0.9997019469738007,0.037109375,0.0034447257494321093,0.36283499002456665,0.5620854422450066,3.456043541431427,2.404266418205225,0.5795169646161371,0.22312240302562714,0.21976792812347412,0.22689186036586761,861.6698900680753,,,,,,,
69,141312,78.61531422811996,74.50787697838209,156.30769230769232,11.673198597092362,0.4299217539167639,1.5564779273551588,-0.0011861608363687992,3.9629862308502197,1.9803069829940796,3.1265862584114075,0.9994654059410095,0.009521484375,0.00216367474058643,0.5024562329053879,0.2851949594914913,3.0945246815681458,2.476516008391627,0.5677835265755683,0.22311943769454956,0.2197633683681488,0.2269780933856964,883.8922643307652,,,,,,,
70,143360,90.0784514275412,77.18187324754832,191.9,13.745074293971665,0.46331411467998007,1.6945117518176367,-0.002923041902249679,8.49047303199768,4.242313504219055,3.12085223197937,0.9984007179737091,0.0223388671875,0.004001578432507813,0.3450718969106674,0.5477557852864265,4.561910390853882,2.517980724820518,0.5646690685503633,0.22310301661491394,0.2197289764881134,0.2270909547805786,890.2792121208281,1.6932086714901233,4.26258355970999,2.195899047576582,6.174100658482449,0.0,1.0,0.0
71,145408,97.70717683294973,80.10928600013567,227.0,18.001906369192866,0.5243826389231783,1.9572580949178844,-0.002942692837677896,7.5098888874053955,3.7520017623901367,3.120059847831726,0.9996254146099091,0.047607421875,0.00431310900603421,0.34973767399787903,0.7272418141365051,3.128803014755249,2.5935975382017205,0.5683167147877601,0.22309310734272003,0.21969673037528992,0.2272074669599533,893.6703132587413,,,,,,,
72,147456,89.3433790047421,81.69161184213384,195.5,17.073935081019272,0.4785980013990655,1.934753864670256,-0.0026727053918875754,7.080824375152588,3.5377395153045654,3.1378294825553894,0.9968464523553848,0.0269775390625,0.005781071653473191,0.3335925340652466,0.5461004227399826,3.297601878643036,2.5254766603466123,0.5621854374551803,0.22311346232891083,0.21962890028953552,0.22737571597099304,880.5952380753321,,,,,,,
73,149504,85.83795969954286,82.8772711285664,196.5,18.30479649174829,0.5003229909846677,2.0032251714219593,-0.002130792650859803,5.742552280426025,2.869145393371582,3.1441956758499146,0.9974597692489624,0.0357666015625,0.005713994425605051,0.3369823694229126,0.6468575894832611,3.7074300050735474,2.5281834709167015,0.5651160100904293,0.22308938205242157,0.21953707933425903,0.22750546038150787,835.1188293510498,,,,,,,
74,151552,81.90296399682465,83.97135126772376,185.8181818181818,19.551771268808384,0.5044678667972647,2.0579227187287636,-0.0015434034867212176,5.8892576694488525,2.9430854320526123,3.102535903453827,1.0009283423423767,0.0068359375,0.000230754871154204,0.2647273540496826,0.5408107787370682,5.194654703140259,2.48539337379043,0.5738757685775581,0.22305697202682495,0.21950142085552216,0.2276361733675003,888.901904511437,,,,,,,
75,153600,83.74875733639384,84.35911130748991,183.9,16.752723084737887,0.49559444994000085,1.8865054121939093,-0.002880060696043074,5.480117917060852,2.737178921699524,3.0785022974014282,0.9976679086685181,0.03173828125,0.005201485255383886,0.33431583642959595,0.6928659379482269,3.4935051798820496,2.567538486473495,0.5684767349138785,0.22303563356399536,0.21949249505996704,0.22786787152290344,890.371957190171,,,,,,,
76,155648,86.70998439162861,85.1084367534139,196.5,19.564106195210343,0.49428447904918593,2.067137847999355,-0.002382125298026949,6.964496493339539,3.479866147041321,3.1106478571891785,1.0009458363056183,0.0159912109375,0.0008159383723977953,0.2947072237730026,0.635429322719574,2.8545708060264587,2.5309487233607797,0.5637429217347202,0.2230261117219925,0.21942980587482452,0.2281392216682434,897.7626480503228,,,,,,,
77,157696,102.84871867116668,87.25853308853169,215.88888888888889,16.500205169111943,0.46085921194296875,1.8813713780138406,-0.002825646137353033,8.37215542793274,4.1832520961761475,3.090931713581085,0.9991867244243622,0.0101318359375,0.002467192360199988,0.41581541299819946,0.7581260055303574,3.4935072660446167,2.5886656514339847,0.5694495341599062,0.22299492359161377,0.21934179961681366,0.22833023965358734,888.0121349299187,,,,,,,
78,159744,86.10545707454465,88.14000304059358,191.5,18.203597679995486,0.48878839324389245,1.9821290031167447,-0.0016796589479781687,5.35552442073822,2.6760825514793396,3.1178834438323975,0.9985337406396866,0.03759765625,0.0048138287966139615,0.3709311783313751,0.6327724307775497,3.3796584606170654,2.521092032606248,0.5793691394536594,0.22300225496292114,0.21931113302707672,0.22837716341018677,892.7701198011199,,,,,,,
79,161792,94.71833794436064,89.68451985165044,200.9,16.990107630281738,0.47079634106573054,1.9222929189977247,-0.003349561826325953,7.342142820358276,3.6677218675613403,3.122738242149353,1.0000630766153336,0.009521484375,0.0013411658874247223,0.30134251713752747,0.6295919343829155,3.318877637386322,2.550073703401722,0.5695781058344546,0.22301584482192993,0.2194206267595291,0.22840021550655365,890.7942568213249,,,,,,,
80,163840,78.65699950731658,88.35801412594726,174.1818181818182,17.244426697129438,0.48120110071829825,1.9283150817147703,-0.003661263268440962,5.5559937953948975,2.7743356227874756,3.0703823566436768,0.9993735700845718,0.03564453125,0.003956528045819141,0.350921168923378,0.5500779300928116,3.667334020137787,2.5419132854876807,0.5837270314044971,0.22303244471549988,0.21952390670776367,0.22843274474143982,821.5868379322606,1.5678494551936317,4.143181261531648,2.666404433790425,3.9646089040981063,0.0,1.0,0.0
81,165888,78.07112666269983,86.03427637204337,166.66666666666666,13.723337228129889,0.4614574823711391,1.6778228743503487,-0.0013365229242481291,5.895993590354919,2.946660280227661,3.086136043071747,1.000808596611023,0.022705078125,0.001739125160383992,0.31314603984355927,0.5143451765179634,4.285370826721191,2.5921955406520283,0.5881152209923033,0.223101407289505,0.21956318616867065,0.22862225770950317,876.597959375273,,,,,,,
82,167936,74.56372049119301,84.59764337824002,152.30769230769232,13.272306636887617,0.4330882011469604,1.6642275499481634,-0.0015528982621617615,5.384891510009766,2.690892815589905,3.0765305757522583,0.9996796548366547,0.0242919921875,0.0029687056958209723,0.34306736290454865,0.5337172299623489,4.7404361963272095,2.5709887305565644,0.5836170848363215,0.2231540083885193,0.21951822936534882,0.228823721408844,892.2717684486363,,,,,,,
83,169984,72.66361586367266,82.99826954383258,133.8,7.831995266884347,0.3766817517302154,1.2277251516270995,-0.0016810462111607194,5.226757287979126,2.6116976141929626,3.0876062512397766,1.0005138218402863,0.0098876953125,0.0012022466689813882,0.3266730010509491,0.41176800429821014,5.238971590995789,2.6495485408668173,0.5735595080595882,0.22324883937835693,0.21961869299411774,0.22895857691764832,887.0513496966375,,,,,,,
84,172032,73.71748277175877,81.77130239296515,139.57142857142858,9.506522892132232,0.39056714105048307,1.3622680284609052,-0.0012000445276498795,5.219356179237366,2.608478009700775,3.1086434721946716,1.0003944039344788,0.0205078125,0.001998604988330044,0.3184385150671005,0.4962620586156845,3.9492108821868896,2.6815987118752673,0.5779483171144723,0.22327256202697754,0.21961218118667603,0.2289740890264511,889.255976382498,,,,,,,
85,174080,70.36829594763682,77.29687065836887,125.5,6.067301717808252,0.35420863356111926,1.0354884839099052,-0.0029755079885944724,4.925637125968933,2.459843099117279,3.098544120788574,0.9968248158693314,0.029296875,0.006060491505195387,0.31987760961055756,0.9370487332344055,4.726573586463928,2.739706322463462,0.5590275480874582,0.2232554852962494,0.21951867640018463,0.22891078889369965,889.9057723178609,,,,,,,
86,176128,75.91644752032018,75.83356514707532,147.92307692307693,11.326144187846406,0.4154749270449736,1.5041127740746116,-0.0016251374036073685,4.641526937484741,2.319138288497925,3.0832380056381226,0.9991477876901627,0.0306396484375,0.003481156541965902,0.36574454605579376,0.7298351973295212,3.1954169273376465,2.7398601668392075,0.5653033435897215,0.2232760190963745,0.21945267915725708,0.22881163656711578,796.7944542041463,,,,,,,
87,178176,73.98007301860322,74.32448756341965,155.15384615384616,15.93963645040992,0.45252617493776626,1.8022245168449569,-0.001899753580801189,3.8472498655319214,1.921725183725357,3.0939362049102783,1.0001605153083801,0.015869140625,0.0018662107468117028,0.4343375265598297,0.6510267704725266,2.0020491778850555,2.721253075360437,0.573416858231534,0.22327759861946106,0.2193673700094223,0.2286984771490097,887.9761399871842,,,,,,,
88,180224,72.12845738755378,73.07284872646146,154.30769230769232,16.445551366744958,0.45942455533648774,1.8359894058229405,-0.0035719778388738632,3.8935986161231995,1.9432273507118225,3.061746895313263,0.9984718710184097,0.063232421875,0.00649461658031214,0.4163050055503845,0.8404893130064011,2.0645223259925842,2.797317707168986,0.5720005720848346,0.22328847646713257,0.2193027287721634,0.22867068648338318,889.183374536684,,,,,,,
89,182272,79.37556721778215,73.92215298652383,170.25,17.614798839796563,0.47400823956891336,1.911271944245293,-0.001383582770358771,4.077629864215851,2.0374313294887543,3.0030660033226013,1.0005928575992584,0.02490234375,0.001864241115981713,0.4522693306207657,0.6039431989192963,2.064594328403473,2.8990613212954486,0.5593073257122819,0.22329267859458923,0.21935157477855682,0.22866441309452057,889.0875517203323,,,,,,,
90,184320,71.83274259029714,73.47629875879315,163.25,18.12929662831118,0.48212617966670807,1.9520196691721006,-0.001324056414887309,3.5343130230903625,1.7658324837684631,3.017951548099518,0.9994355887174606,0.01318359375,0.0020352892024675384,0.5012193322181702,0.6355034112930298,1.5006205141544342,2.8644690801156685,0.5647648304538057,0.2232709527015686,0.2194230705499649,0.22866705060005188,893.1307069662756,1.9333099821956155,5.026250822421217,3.2130339720320205,4.208656371354387,0.0,1.0,0.0
91,186368,76.82309061930385,74.0720277294181,166.25,17.49816898231692,0.4668519375525072,1.9293075996630682,-0.001455435762181878,3.621281683444977,1.8091854453086853,3.018190085887909,0.998393177986145,0.033935546875,0.0045718166074948385,0.5405555069446564,0.5301885455846786,1.7898552417755127,2.82162526207685,0.5669188426147981,0.22323226928710938,0.21938389539718628,0.22872093319892883,885.679030091467,,,,,,,
92,188416,72.65735263548969,74.06673456085888,156.92307692307693,18.06936192900818,0.47155660958648,1.9500628838296425,-0.0015517972642555833,2.957274079322815,1.4770852327346802,3.0542739033699036,0.9999120384454727,0.0257568359375,0.002681971018319018,0.5729071497917175,0.46530213952064514,1.4454201459884644,2.8393694612459512,0.5571948106906317,0.22321274876594543,0.21929925680160522,0.22874316573143005,842.380623944049,,,,,,,
93,190464,68.81425640832602,73.79622198795805,153.0,17.40880999819397,0.4736714491082494,1.9057093330381905,-0.0021060776052763686,2.6898382902145386,1.3428130745887756,3.05862820148468,0.9990444630384445,0.028076171875,0.0036352840397739783,0.6043474972248077,0.6737483441829681,1.322450429201126,2.806350963015575,0.5714087177558049,0.22319690883159637,0.21929234266281128,0.22871625423431396,849.9366398170799,,,,,,,
94,192512,65.54836268550639,72.36978503273941,138.78571428571428,13.029204397131608,0.4474053295456628,1.6292714422073067,-0.001972255762666464,2.452845275402069,1.2244503796100616,2.9965484142303467,0.9981641322374344,0.0345458984375,0.0049304031854262576,0.5678150504827499,0.5604388788342476,2.0514362156391144,2.899511780546163,0.5645700885274223,0.22321166098117828,0.21932044625282288,0.2286897599697113,883.894178208722,,,,,,,
95,194560,61.222766131202576,70.5905554525343,135.66666666666666,15.18041470871951,0.47223308581877166,1.7744334465860065,-0.0023139530094340444,1.6676182746887207,0.8314951807260513,3.023799180984497,0.998285174369812,0.0247802734375,0.004322266278904863,0.6490448564291,0.5055895447731018,1.7082041800022125,2.8898012827849016,0.5526710719274781,0.22323201596736908,0.21937096118927002,0.22869254648685455,890.8340036718196,,,,,,,
96,196608,67.20439088409918,69.3895058939636,138.14285714285714,13.221826008876892,0.4397545232089246,1.6409074654435762,-0.000723373843356967,2.088373064994812,1.0434631407260895,2.9943094849586487,0.9985007345676422,0.0106201171875,0.0030471075733657926,0.63429294526577,0.4751911014318466,1.9011647701263428,2.955185657236143,0.5545079595826737,0.22318610548973083,0.21944741904735565,0.2287053018808365,887.0509877732587,,,,,,,
97,198656,60.092719763054205,67.15803845500369,133.0,14.578828822121913,0.4629438725740427,1.7292926539547884,-0.002335845201741904,1.5174467265605927,0.7563875168561935,2.950713038444519,0.9984447211027145,0.05078125,0.005730479475460015,0.688949391245842,0.7905504703521729,1.5640800595283508,3.0214654095761944,0.537567404050079,0.22316983342170715,0.21961867809295654,0.22872130572795868,880.9133900183941,,,,,,,
98,200704,60.683871990870664,65.15154551348414,136.07142857142858,16.93307300091547,0.4777880366398013,1.8791021618256374,-0.0022186929709278047,1.3337417542934418,0.6646521836519241,2.9992640614509583,0.9991815537214279,0.037353515625,0.004107246859348379,0.7216533571481705,0.5114487409591675,1.0796120166778564,2.98656152827607,0.5349106023854486,0.22314396500587463,0.21985991299152374,0.2286008894443512,889.6821787915135,,,,,,,
99,202752,65.765191554155,64.17063161206812,141.0,14.93023667732972,0.4518191352986516,1.7614758219249191,-0.002863903879188001,2.149086356163025,1.071679264307022,2.956901431083679,0.9973438531160355,0.030517578125,0.005275475879898295,0.6676986664533615,0.6984048709273338,1.6819324791431427,2.9955023045040434,0.5437556456773932,0.22311638295650482,0.22006231546401978,0.22842015326023102,821.2764954516658,,,,,,,
100,204800,59.14467505266935,62.56910775540356,122.1875,10.076800581210488,0.4209868478879259,1.4062951920065907,-0.0005112367798574269,1.5679351389408112,0.783456340432167,2.892926335334778,0.9990565031766891,0.0150146484375,0.0024580997705925256,0.6939576864242554,0.6913604289293289,1.3699824512004852,3.0435724623239366,0.5403097349195704,0.22312116622924805,0.2201821357011795,0.22837387025356293,885.6922705657223,1.3539084117313338,3.500653233958874,2.959186023539952,1.9801651821558373,0.0,1.0,0.0
101,206848,63.85934886479852,62.57358849874663,132.13333333333333,12.554610205522318,0.43158404196620925,1.6013643455846895,-0.0016824924969114363,1.5760918259620667,0.786363422870636,2.9232958555221558,0.9993328303098679,0.03173828125,0.003663285475340672,0.7361416816711426,0.5115062296390533,1.3014039993286133,3.012097993181669,0.5465850565809682,0.22315680980682373,0.22023332118988037,0.2284451276063919,892.3268149695557,,,,,,,
102,208896,68.43845075011762,63.296891468912435,135.06666666666666,11.233965348413408,0.41574709556886336,1.5011496091983345,-0.002180401817895472,1.7562377154827118,0.8759384602308273,2.916084110736847,0.9989904910326004,0.0084228515625,0.0023932678013807163,0.7617874294519424,0.5833760872483253,1.8802328407764435,3.03101397989667,0.5457981717762288,0.2231905311346054,0.22032806277275085,0.2285081446170807,872.4904487051721,,,,,,,
103,210944,65.28000922613265,63.60041462976419,140.28571428571428,14.23831470243319,0.4495012259327111,1.7236443479786936,-0.0012258623610250652,1.575975388288498,0.7867618352174759,2.9388871788978577,1.0014992952346802,0.0133056640625,0.00041687545308377594,0.745189756155014,0.4177713990211487,1.2437448501586914,2.9856946333602536,0.5578968014615943,0.2231392115354538,0.2203267365694046,0.22845619916915894,888.635956251269,,,,,,,
104,212992,72.44661221018411,64.96000115779304,146.28571428571428,13.058037085990556,0.43640011184444455,1.6488348955272032,-0.0020454602781683207,1.9440835416316986,0.969996303319931,2.9431520104408264,1.0008506178855896,0.045654296875,0.0030326240812428296,0.726411297917366,0.5208505839109421,1.5200112164020538,2.998439455695916,0.5525683904221838,0.22304674983024597,0.22034448385238647,0.22836023569107056,866.6548614266392,,,,,,,
105,215040,67.27815313093102,65.87822118626073,138.28571428571428,10.945035250350362,0.4367800899215266,1.5009755824260735,-0.002006635448196903,1.6741945147514343,0.8350906223058701,2.9274160265922546,0.9999595284461975,0.0194091796875,0.002228785175248049,0.7071403563022614,0.4553942531347275,1.4743351936340332,3.0310036273585865,0.5539180878764581,0.22302362322807312,0.22031725943088531,0.2284829020500183,828.1168230870023,,,,,,,
106,217088,73.80792870305991,67.21548051280988,144.28571428571428,10.32347298742287,0.4144179585336236,1.455138391594,-0.001666894619120285,2.0316569209098816,1.0141615867614746,2.951354742050171,0.9989895522594452,0.025634765625,0.003525750173139386,0.7157864272594452,0.4352806881070137,1.5996014773845673,3.0207234682748094,0.5541400979591682,0.22309201955795288,0.2202928066253662,0.2287367880344391,869.9070655298174,,,,,,,
107,219136,79.25000925336303,69.68268211106486,161.5,12.307613957258297,0.43305673317531646,1.6225189492245962,-0.002686378633370623,2.5597932934761047,1.2772102653980255,2.9713653326034546,0.9991863965988159,0.0224609375,0.003105971321929246,0.6864529252052307,0.5008841678500175,1.7138454616069794,2.9661976769566536,0.5727368805929273,0.22319601476192474,0.2202998697757721,0.22889746725559235,888.2484898707822,,,,,,,
108,221184,78.90027187293644,71.62634840649335,159.75,11.874520506256344,0.4373922131421941,1.589244835372858,-0.0009610393899492919,2.8537498116493225,1.4259138405323029,2.9625014066696167,0.9999195039272308,0.0069580078125,0.0015691586741013452,0.6272205859422684,0.41431333124637604,1.5205716788768768,3.000272700752248,0.5657469418764141,0.22323888540267944,0.22039903700351715,0.2289629876613617,901.7070010502206,,,,,,,
109,223232,84.56517339373883,73.3705085194984,173.45454545454547,12.137999306089984,0.45389454530661644,1.6204308948273254,-0.0033116990816779435,3.0286688208580017,1.511022686958313,2.94543993473053,0.9987919479608536,0.0169677734375,0.0032621108694002032,0.6462226659059525,0.7139329016208649,1.9921849966049194,3.0135076793667395,0.5650211302290593,0.22318416833877563,0.22042536735534668,0.2288888841867447,899.8559148775815,,,,,,,
110,225280,91.76260682924011,76.19868211572218,184.0909090909091,11.309268469896988,0.44251727731070634,1.5721145557684937,-0.0020966289448551834,4.199590563774109,2.09769868850708,2.955915927886963,0.9993595480918884,0.050537109375,0.004638655256712809,0.633078545331955,0.7877062112092972,2.6884960532188416,2.9482848975167144,0.5603301084935868,0.22311870753765106,0.2203361839056015,0.22872237861156464,885.4701106981552,1.2925658431252582,3.1584832893050057,2.118167743216561,2.697730788960504,0.0,1.0,0.0
111,227328,93.64488733130892,78.97821442374503,190.2,10.78143146376833,0.45231825321077257,1.5430314312678342,-0.002442509401589632,4.509040951728821,2.2520779371261597,3.0006185173988342,0.9991749674081802,0.0281982421875,0.003639402872067876,0.5421992093324661,0.5820197612047195,1.9479806125164032,2.8628911616833648,0.5685784902379063,0.22308796644210815,0.22015927731990814,0.22864137589931488,791.3342075913208,,,,,,,
112,229376,94.62805304389283,81.11503817119531,198.8,12.941166160517746,0.4609436102997231,1.703396677853604,-0.001975593972019851,4.937057137489319,2.466553032398224,3.063490152359009,0.9981137365102768,0.01953125,0.004162762634223327,0.5169064700603485,0.4712611734867096,2.274903893470764,2.762118701240979,0.5666597514203989,0.22306916117668152,0.2201019674539566,0.22853675484657288,883.6457244389964,,,,,,,
113,231424,94.5082577465748,83.61078845437825,202.5,13.818027022858677,0.47882212036789673,1.7637380068896618,-0.0010899901972152293,4.672704219818115,2.33526211977005,3.02907258272171,0.998812198638916,0.010498046875,0.0028046976367477328,0.5544719099998474,0.3707735016942024,2.4986308813095093,2.8438714448275277,0.583341187640526,0.22305862605571747,0.22012272477149963,0.22835421562194824,891.5397317553765,,,,,,,
114,233472,104.82635179978497,87.16489965431668,224.44444444444446,12.251415788064698,0.482315451266666,1.6529399348731488,-0.0025114163872785866,4.360901355743408,2.177939295768738,3.050291657447815,0.9995370358228683,0.0240478515625,0.0028079920302843675,0.6778112202882767,0.6389726400375366,3.428259491920471,2.8229596062592464,0.5593980865851039,0.2230357825756073,0.22003304958343506,0.22814252972602844,895.1355053739625,,,,,,,
115,235520,96.97204011085893,89.54130207851915,222.77777777777777,16.060399737960477,0.5101106054468594,1.8948091279094157,-0.003173999604769051,5.349430680274963,2.6715412735939026,3.051065683364868,0.9972327351570129,0.0604248046875,0.0072285997157450765,0.5104977488517761,0.6405245438218117,2.698639750480652,2.749365914729424,0.5927610874872901,0.22301584482192993,0.21990486979484558,0.22806096076965332,883.2664913074788,,,,,,,
116,237568,91.04647035966204,90.91126038012052,200.6,16.730213031280435,0.4871201876621454,1.9473390393823582,-0.0028748627519235015,4.931493043899536,2.4628716707229614,3.0994032621383667,0.9990316331386566,0.0350341796875,0.004092517963727005,0.4920368194580078,0.5591646209359169,4.065107941627502,2.630107683435199,0.5751584735810815,0.22297292947769165,0.21975480020046234,0.2279793620109558,896.1707001853541,,,,,,,
117,239616,94.33088111825222,92.13751216061007,199.7,15.893321447287265,0.46746848356036375,1.8849016509512428,-0.0018326706485822797,6.172767877578735,3.0845512747764587,3.043611705303192,0.9980441033840179,0.0205078125,0.003944727315683849,0.4413205534219742,0.5699251145124435,4.95741868019104,2.628453518744209,0.6112088198787927,0.22289176285266876,0.21961809694766998,0.2278698980808258,897.5764314375763,,,,,,,
118,241664,84.39016401499936,92.81987175224289,176.0,14.217213973531381,0.44846658338216916,1.7649764013972014,-0.0025821467861533165,6.022127866744995,3.008481800556183,3.0561816692352295,0.9989155530929565,0.01806640625,0.002894915276556276,0.41928817331790924,0.582881398499012,6.324067950248718,2.5051785427640425,0.6198722746236441,0.22289708256721497,0.2195395529270172,0.22789135575294495,825.5650377543864,,,,,,,
119,243712,91.35890610447095,93.49040563524048,194.8,15.759886386568573,0.4658760528929016,1.87427843786849,-0.00374504312640056,5.402246475219727,2.6973782181739807,3.0699437856674194,0.9969602823257446,0.0360107421875,0.006222457290277816,0.5237970352172852,0.578596405684948,4.032644271850586,2.5705463246122235,0.6071955682530853,0.22295433282852173,0.21955226361751556,0.2279198169708252,864.1010105190512,,,,,,,
120,245760,82.72180172366429,92.44209294242975,161.25,12.438398587778128,0.41541760726492244,1.6392130757762444,-0.0013348349020816386,5.568042159080505,2.7826862931251526,3.102350354194641,0.9983231425285339,0.0184326171875,0.0036793361796298996,0.49760933220386505,0.5027684271335602,7.005745768547058,2.3670405761222355,0.5807655011571428,0.22298383712768555,0.21958859264850616,0.22791239619255066,883.2383950222517,1.8711860814698553,5.0401485833308755,2.835615358002358,1.389528825863066,0.0,1.0,0.0
121,247808,84.19728149307349,91.17914407743162,180.9090909090909,14.607344792967428,0.4680927893330256,1.7806279281960928,-0.0014899380039423704,4.775261878967285,2.386141061782837,3.045296549797058,0.9995034635066986,0.008544921875,0.001747289192280732,0.4980703890323639,0.5675224661827087,5.723516225814819,2.3963596907560714,0.61762263123587,0.22302767634391785,0.2197001874446869,0.22802935540676117,884.752400308496,,,,,,,
122,249856,85.45233159197653,90.26641705770513,169.83333333333334,13.987652151657226,0.43602102037691937,1.7564313812177277,-0.002300818799994886,3.971821665763855,1.9836100339889526,3.063409924507141,0.9975063800811768,0.0247802734375,0.004827017342904583,0.5683144330978394,0.6252380460500717,3.931914746761322,2.4320721188705647,0.594530241384255,0.22311706840991974,0.21986649930477142,0.22816810011863708,893.3745589977875,,,,,,,
123,251904,85.44973956589807,88.55556443058602,185.72727272727272,15.927445804339813,0.4849387497545179,1.8778469787428624,-0.0011563905281946063,3.568761944770813,1.7832245826721191,3.08185350894928,0.9980373233556747,0.0428466796875,0.005568494962062687,0.6118446886539459,0.6851751655340195,3.7096568942070007,2.415023749199463,0.6006017750203282,0.2231704592704773,0.21994003653526306,0.22835896909236908,889.8084232456024,,,,,,,
124,253952,82.48373789355782,86.56483950238201,172.45454545454547,15.76665434148568,0.444596197643756,1.8896756121135083,-0.0024300909135490656,4.6422799825668335,2.318709909915924,3.1025211215019226,0.9993973076343536,0.0057373046875,0.001628479891223833,0.5604007989168167,0.6146688312292099,3.5168002247810364,2.4013468848570483,0.5994893746914945,0.22318321466445923,0.21997793018817902,0.2285020500421524,817.5354259290776,,,,,,,
125,256000,88.88365368467,86.24806478877177,186.0909090909091,12.96388746003904,0.46842211970074155,1.6814706694822794,-0.0031808747444301844,3.6388970613479614,1.8162676692008972,3.057769238948822,1.0006421208381653,0.0325927734375,0.0023315785510931164,0.6022712737321854,0.6138962358236313,2.3384278416633606,2.4354615482734516,0.6235606065537138,0.22320526838302612,0.21998955309391022,0.22865821421146393,883.1827882575865,,,,,,,
126,258048,103.61153876744442,87.33490368738127,216.11111111111111,12.69082917029247,0.4592351813158427,1.6934567034174153,-0.0029991217888891697,5.895962834358215,2.9449822306632996,3.044560670852661,0.9990106821060181,0.021240234375,0.003343301301356405,0.5499564558267593,0.4601171165704727,4.41747510433197,2.665657894453034,0.6103491400797281,0.22326377034187317,0.21996526420116425,0.22885079681873322,885.78137023206,,,,,,,
127,260096,120.81899226303963,90.08298648501408,242.0,12.20744435680146,0.44106419796335294,1.6603716371932289,-0.0029483139514923096,8.61534333229065,4.304723262786865,3.1086328625679016,0.9978299736976624,0.016357421875,0.004107207438210025,0.5082103312015533,0.5181103274226189,5.170399904251099,2.4495515032758703,0.5890755286925975,0.2233068346977234,0.21987253427505493,0.22899878025054932,889.4887316729591,,,,,,,
128,262144,127.3786409647448,92.57036430575423,254.0,12.756902729817813,0.45871308439172737,1.6898765578917665,-0.0007524807006120682,11.725796461105347,5.862145781517029,3.0924124121665955,1.0000671744346619,0.004638671875,0.0011601690348470584,0.46003200113773346,0.6045202016830444,7.508751034736633,2.5341268153424608,0.5941889296958967,0.22331559658050537,0.21988311409950256,0.2290676087141037,892.8945802322253,,,,,,,
129,264192,99.60747953852302,93.81242903115398,219.33333333333334,15.524546369306329,0.48635154043279366,1.885789911929665,-0.0019992247689515352,7.622044086456299,3.809022843837738,3.0786619186401367,1.000191181898117,0.004150390625,0.0008105616725515574,0.3826720416545868,0.5007342547178268,5.17976713180542,2.5344681963179028,0.6082118277193769,0.22331023216247559,0.21982510387897491,0.22917838394641876,898.601134932754,,,,,,,
130,266240,99.26552808933934,95.61255930190907,199.2,11.78840873046489,0.44105987097779864,1.6239748829255058,-0.0022671250626444817,5.861680626869202,2.928573191165924,3.071144700050354,0.9992178380489349,0.013671875,0.0024410972982877865,0.5180868357419968,0.4312409535050392,2.024343430995941,2.4858480593538843,0.6159964957671137,0.22332271933555603,0.2197784036397934,0.22928071022033691,867.5067478607782,1.8556243631421854,5.042088227437125,2.134868252795091,1.683808940002756,0.0,1.0,0.0
131,268288,129.29114431802267,99.33867529877841,247.125,13.18133066594861,0.4237344718115667,1.7291036472637198,-0.0035008317790925503,10.052762031555176,5.02288019657135,3.1032833456993103,0.9992861598730087,0.0128173828125,0.002530035315430723,0.4921598583459854,0.5967625677585602,5.954864740371704,2.477791363373399,0.5947936532922473,0.2233322560787201,0.21980300545692444,0.22937719523906708,870.7574396808243,,,,,,,
132,270336,133.9224203497302,102.20080071533975,262.7142857142857,13.368824624812472,0.4308489543170263,1.747419457065259,-0.0020947650191374123,19.056528091430664,9.526169300079346,3.0955466628074646,0.9989592730998993,0.02978515625,0.003893326094839722,0.3233613818883896,0.5237119123339653,8.27620530128479,2.560773883931688,0.6016681556951267,0.2234048843383789,0.21988098323345184,0.22951281070709229,890.9249311572984,,,,,,,
133,272384,129.31645951043083,106.00897137826315,255.75,15.060556751689687,0.4548648007433237,1.8585594508854733,-0.0015571883413940668,14.034223318099976,7.015554428100586,3.104609489440918,1.0014927387237549,0.010498046875,-0.00021680838835891336,0.3541807234287262,0.5549835711717606,6.042101740837097,2.5982374055020045,0.5970315871316857,0.2235112488269806,0.2199641466140747,0.22970756888389587,890.9675661058368,,,,,,,
134,274432,110.570783812923,107.92975412887299,240.25,18.418721190511647,0.48026014970498604,2.079918545743702,-0.0023589016927871853,10.874098539352417,5.434690356254578,3.0710737705230713,0.998863697052002,0.0145263671875,0.0027937387640122324,0.37817975878715515,0.593504473567009,4.2328267097473145,2.4704424379451666,0.593934356009958,0.22361484169960022,0.22000528872013092,0.2299511879682541,889.7705074162562,,,,,,,
135,276480,113.58185520571794,110.58549172032431,247.75,14.954103470159094,0.48686107718142024,1.8515758841167917,-0.0011382142547518015,11.45630693435669,5.727015376091003,3.0840929746627808,1.000374585390091,0.0042724609375,0.0007697360269958153,0.3503262996673584,0.5104224756360054,2.610040068626404,2.555344165346469,0.6100619043881443,0.22372591495513916,0.2199743092060089,0.23029226064682007,891.7465604101227,,,,,,,
136,278528,160.95635474469722,115.83782429473752,284.7142857142857,12.55659422016857,0.39007889183753963,1.6958695501452083,-0.0004642836865969002,22.905134677886963,11.452102899551392,3.1151652932167053,1.0008192658424377,0.0010986328125,7.179386739153415e-05,0.3334683030843735,0.3553380146622658,10.092691659927368,2.4344880908320192,0.5953794606203499,0.2238280475139618,0.21998971700668335,0.23055674135684967,888.5507579148912,,,,,,,
137,280576,116.88906694159857,118.26862476219567,235.125,13.46816473992004,0.44223563763312657,1.7517899419838174,-0.0014088883763179183,13.861075639724731,6.929129004478455,3.056593894958496,0.9992133677005768,0.0013427734375,0.0015215360763249919,0.3609672635793686,0.3605959191918373,3.678705096244812,2.5509079440525966,0.6323003587830921,0.2239762246608734,0.22003808617591858,0.23081330955028534,792.3784668586634,,,,,,,
138,282624,109.17548331684416,119.0809597555399,223.75,14.37713520736583,0.4494965181310131,1.8103308880929447,-0.0013127526035532355,10.054170370101929,5.025772452354431,3.0626027584075928,0.999901533126831,0.003173828125,0.0009265481639886275,0.43997351825237274,0.5317893847823143,3.5459606051445007,2.4466728726547444,0.6262255203369237,0.22409436106681824,0.2200801968574524,0.23096583783626556,875.2845253825761,,,,,,,
139,284672,119.76231989828318,119.01344518081106,251.625,15.352072532950535,0.47679790735474276,1.8807292743339021,-0.0015233620069921017,8.685051441192627,4.341002345085144,3.0702109932899475,1.000868558883667,0.0115966796875,0.0005654148699250072,0.45437395572662354,0.6667756140232086,3.0442439913749695,2.5419768163119443,0.6344618719449331,0.2241917848587036,0.22012796998023987,0.23099803924560547,892.3932155669967,,,,,,,
140,286720,123.89186955338698,119.92062554634015,251.625,14.235746762662025,0.46080348088457157,1.8031781904536737,-0.0014801977667957544,12.50095796585083,6.2489988803863525,3.072230339050293,0.9991010129451752,0.0155029296875,0.00279950033291243,0.3964441120624542,0.3578449860215187,3.7012534141540527,2.5775691087328596,0.6216230934750654,0.22428418695926666,0.22012445330619812,0.2310827076435089,898.2164531225869,1.6102424708749985,4.850574633494384,1.9077096769101343,2.8440079858156624,0.0,1.0,0.0
141,288768,116.00000580946146,120.16462146231996,232.375,15.304478927131527,0.45173954716653003,1.878005519851677,-0.0018191293347626925,9.27364468574524,4.635003328323364,3.089653193950653,0.9986483156681061,0.0118408203125,0.0028275732474867254,0.44560231268405914,0.473442904651165,3.0885096192359924,2.5754683096165536,0.6178183303164597,0.2243424952030182,0.22007137537002563,0.23125143349170685,886.2892988967392,,,,,,,
142,290816,125.74017931029384,122.13211364715629,255.57142857142858,14.423048683925176,0.4580827917690166,1.826204973176013,-0.0023246240452863276,11.941041946411133,5.968196392059326,3.0836501717567444,0.9970701187849045,0.0247802734375,0.005458988569444045,0.3950805813074112,0.555799812078476,3.4372896552085876,2.433282028665417,0.6057062787749568,0.224354550242424,0.21998231112957,0.2314278781414032,886.2176017138122,,,,,,,
143,292864,127.24893787586711,123.8290715289747,260.57142857142856,15.852609637185669,0.46694583105954235,1.9336383165915207,-0.00372379960026592,13.387027025222778,6.689789772033691,3.137705683708191,0.9984521120786667,0.03076171875,0.004470740823308006,0.3226783275604248,0.566142849624157,5.273319125175476,2.425256899543456,0.5777291791061478,0.2243664264678955,0.21989087760448456,0.23167623579502106,822.7479002268733,,,,,,,
144,294912,134.6290085230219,124.31237560732639,267.2857142857143,15.659773505677833,0.45387513502425747,1.9155785799521692,-0.0016506234533153474,13.15981411933899,6.5782564878463745,3.0851057171821594,0.9989092797040939,0.01025390625,0.0023126897431211546,0.35674208402633667,0.5029049217700958,5.281761646270752,2.547310788591858,0.586023841451677,0.22441042959690094,0.2198389619588852,0.23195667564868927,868.5342316343867,,,,,,,
145,296960,159.50971052692898,126.8851636718122,296.1666666666667,12.247990136096636,0.39607272910224417,1.683400325511214,-0.0021780678653158247,32.40963363647461,16.20263910293579,3.1180824637413025,1.0000048875808716,0.0107421875,0.0012877134431619197,0.27931374311447144,0.4370882511138916,12.763628482818604,2.5369320043973858,0.603451194727405,0.22446562349796295,0.21980315446853638,0.23221445083618164,883.1090909051208,,,,,,,
146,299008,136.38089685258922,125.76663687453761,263.8333333333333,12.86333436281862,0.44870160469120246,1.7163007057752067,-3.284140257164836e-05,21.22465753555298,10.612296104431152,3.0681517124176025,1.0010655522346497,0.00390625,-9.433210652787238e-05,0.31985002756118774,0.36713768541812897,6.885466456413269,2.572574554331368,0.6481151878220145,0.2244579792022705,0.2197318822145462,0.23231413960456848,886.1728464220766,,,,,,,
147,301056,147.45038605914644,126.8930551276261,291.6666666666667,14.22661795736657,0.46160034400445044,1.823198965538465,-0.0026780121261253953,17.588031768798828,8.791337728500366,3.0931718945503235,0.9978430420160294,0.0211181640625,0.004201278556138277,0.3748919814825058,0.6252270936965942,6.842387318611145,2.4578301295259735,0.6030477328654764,0.2244502305984497,0.21960169076919556,0.2323879897594452,893.5040767214982,,,,,,,
148,303104,138.88141662138818,129.80052507288528,280.85714285714283,13.454714800965075,0.4531512819388245,1.7609223258324471,-0.0028838336875196546,13.91775131225586,6.955991744995117,3.1081945300102234,0.998568058013916,0.0096435546875,0.002854345992091112,0.4184985011816025,0.5366363674402237,4.804716944694519,2.39491232050932,0.6064776026939864,0.22445879876613617,0.2194022834300995,0.2324979603290558,891.9054031581951,,,,,,,
149,305152,137.91200295187141,131.2337122497856,277.0,13.909911357741663,0.4486430344703498,1.7981501362206518,-0.00020922522526234388,13.486130475997925,6.742856025695801,3.1117534041404724,0.9988837242126465,0.0037841796875,0.002080919992295094,0.44754183292388916,0.5811696946620941,4.985897779464722,2.4097878915054025,0.6029248249551504,0.22448104619979858,0.21925117075443268,0.23258183896541595,821.528034315864,,,,,,,
150,307200,145.5892923069384,130.1952966355825,305.3333333333333,13.738203966672808,0.4910412385262335,1.7884277847877572,-0.002550119999796152,14.19788932800293,7.096394419670105,3.111667037010193,0.9974527209997177,0.0343017578125,0.0054862720862729475,0.3730681836605072,0.5278283506631851,4.089833736419678,2.404647076240508,0.578343172144148,0.22454866766929626,0.219259113073349,0.23264800012111664,875.300680848874,1.8905504054275606,5.012705198853798,1.6701521143239715,0.7060333218496964,0.0,1.0,0.0
151,309248,188.1661898371125,134.13865888926296,346.4,12.075531139547621,0.4114853312996159,1.6852028831706336,-0.0022095887106843293,34.80260181427002,17.399091243743896,3.1199146509170532,0.9998447448015213,0.0084228515625,0.001477820478612557,0.2870439738035202,0.4178530275821686,14.622288942337036,2.4571836880932096,0.5872137032868737,0.224615216255188,0.21940520405769348,0.232732355594635,878.4861924557229,,,,,,,
152,311296,163.95982935325694,136.3357435897864,302.5,13.446504083319766,0.4288457723381281,1.7718141264023617,-0.0035588438622653484,14.757846593856812,7.375364422798157,3.1178850531578064,0.9988953471183777,0.0394287109375,0.004841411719098687,0.42581482231616974,0.5643171817064285,5.804580926895142,2.423027790573542,0.5907594539078839,0.22465261816978455,0.2195187509059906,0.23282349109649658,890.2767724150989,,,,,,,
153,313344,133.10480756095416,137.84914864210597,314.0,16.074386487784786,0.5100323279943593,1.9425752557354714,-0.0030747142154723406,13.000999927520752,6.497425198554993,3.121784746646881,0.9976427108049393,0.014892578125,0.00407039410492871,0.404994398355484,0.5824935212731361,4.994950175285339,2.5103761100181146,0.6085974491822692,0.2246623933315277,0.21959151327610016,0.23282942175865173,893.5483066165086,,,,,,,
154,315392,122.29088832446966,137.9553603101469,327.6666666666667,18.26527329029706,0.5752606953093651,2.0845592937661186,-0.0020934745552949607,10.28812050819397,5.141966819763184,3.1253106594085693,0.9998821169137955,0.0205078125,0.002217034518253058,0.4558098018169403,0.5377272069454193,8.201557159423828,2.4024192522629164,0.5722138854073888,0.22461377084255219,0.21959134936332703,0.23271706700325012,890.6895302678902,,,,,,,
155,317440,129.9478765395015,138.9664756395506,299.1666666666667,17.731794069015933,0.5227082371391816,2.0568966561360287,-0.002535316743887961,10.943979263305664,5.469454288482666,3.1452478766441345,0.9985472857952118,0.029296875,0.004229531055898406,0.42269016802310944,0.6561340838670731,7.9519490003585815,2.380459417880047,0.5697142845459812,0.22459492087364197,0.21966896951198578,0.2325848639011383,833.6248031774857,,,,,,,
156,319488,124.07443270018595,138.90859353957646,280.14285714285717,17.213265426806544,0.5041643792517512,2.0163887535460088,-0.0017123700818046927,11.637140989303589,5.8168580532073975,3.167549252510071,1.0007081627845764,0.0057373046875,0.00029173659277148545,0.42711304128170013,0.44334249198436737,9.512188196182251,2.449876757193124,0.5631274099216343,0.2246224582195282,0.21976502239704132,0.23261544108390808,860.0129398870416,,,,,,,
157,321536,139.79203299300562,139.88595085171698,329.2,18.643787810583728,0.5382672399702721,2.118876149111546,-0.0025067870737984776,17.471346378326416,8.733166694641113,3.125819146633148,0.9987181127071381,0.0069580078125,0.00255711333011277,0.2660677433013916,0.611503541469574,8.929388761520386,2.488299682358047,0.5641954128243032,0.2246708869934082,0.21981261670589447,0.23274414241313934,870.8981526774428,,,,,,,
158,323584,132.63613412697632,140.23344611883388,322.1666666666667,19.913109740639378,0.5342978359786449,2.179608815735193,-0.0023603312438353896,11.694102048873901,5.844690561294556,3.1567381620407104,0.9997374415397644,0.0108642578125,0.0017026626010192558,0.41371986269950867,0.6171748489141464,9.08245062828064,2.3819845854013693,0.5732973187193005,0.22474347054958344,0.21985962986946106,0.2328403890132904,891.8261904451147,,,,,,,
159,325632,146.19713768744018,141.99531364587568,370.8,20.421986250580485,0.5578445029017194,2.1967079140629524,-0.0019043003558181226,11.904646396636963,5.950418949127197,3.1384885907173157,0.9981393069028854,0.0714111328125,0.007369424056378193,0.45569245517253876,0.647698886692524,7.791790246963501,2.4021869304124266,0.566202902242835,0.2248329222202301,0.21990975737571716,0.23293718695640564,892.2834632051399,,,,,,,
160,327680,133.0313200608902,141.37840819184476,346.0,27.080055122775093,0.5816596058395892,2.5531466528457663,-0.0013300431310199201,7.160759806632996,3.579049825668335,3.0984949469566345,1.0009328722953796,0.00537109375,0.0003100062895100564,0.576497346162796,0.48808394372463226,6.663743615150452,2.3525824072567048,0.5715761032320208,0.22492480278015137,0.21998706459999084,0.23304353654384613,894.3933168768372,2.6421377975376927,5.016976702217898,1.985955759295871,1.9044481896217567,0.0,1.0,0.0
161,329728,120.06523614343205,140.6755347942809,354.0,33.56581488723698,0.6143202120888143,2.855479270789751,-0.0019842570764012635,6.38333785533905,3.1896846890449524,3.1359962224960327,0.9994450360536575,0.0484619140625,0.004322994718677364,0.5708581507205963,0.5529476404190063,7.435909628868103,2.4119906241539866,0.5691601904902589,0.2250189185142517,0.22001144289970398,0.23319903016090393,864.8606632793717,,,,,,,
162,331776,132.1940684300162,139.03659626846613,315.5,22.696994909168488,0.5126855836495388,2.3333709421832034,-0.0030954693793319166,11.746541976928711,5.87017560005188,3.1354668736457825,0.9966491758823395,0.0372314453125,0.006434485156205483,0.49192896485328674,0.6358444914221764,6.529902100563049,2.397197285783477,0.5785927964719269,0.2251150757074356,0.21997281908988953,0.23347896337509155,799.5878071776827,,,,,,,
163,333824,131.58164460511728,138.74864113361784,299.0,23.53579696125285,0.5229780281146612,2.381053900580294,-0.00046789622865617275,7.458253026008606,3.7286585569381714,3.1446723341941833,0.9989218413829803,0.006103515625,0.001957850734470412,0.5638075023889542,0.5142320394515991,6.326401233673096,2.3640512461279286,0.563302992196725,0.22519412636756897,0.2199900895357132,0.23369857668876648,887.7734604897553,,,,,,,
164,335872,108.3247161496811,136.27644223075103,262.57142857142856,22.802277294680167,0.5470299787784502,2.3420346513517862,-0.0014787953114137053,4.874091625213623,2.435567021369934,3.146262288093567,1.0006944239139557,0.02197265625,0.0016572705208091065,0.6494099199771881,0.5771497786045074,6.960659503936768,2.3421794234454865,0.5638060087037334,0.22519290447235107,0.21996085345745087,0.2337450385093689,889.1829008452708,,,,,,,
165,337920,109.81913509044095,133.17358734882077,258.85714285714283,21.153784687671187,0.525463122490569,2.2533283341252397,-0.0011738877510651946,4.520169973373413,2.2589110732078552,3.1256407499313354,0.9989755898714066,0.025634765625,0.0035185137967346236,0.6789861917495728,0.4015541672706604,3.963897466659546,2.3405855928285746,0.5576967895075899,0.225179523229599,0.21990348398685455,0.23376736044883728,879.7640525059426,,,,,,,
166,339968,111.55772552204171,131.42398681580173,245.875,19.31815880229296,0.48874412337006445,2.141519169986652,-0.001169246417703107,5.3179121017456055,2.657786786556244,3.1382235288619995,0.9996096193790436,0.0191650390625,0.0024983205657918006,0.6580452919006348,0.3283912241458893,3.7808436155319214,2.4018426499096677,0.566884914529467,0.2252013385295868,0.21988192200660706,0.23378561437129974,885.3919630066137,,,,,,,
167,342016,98.61589752005851,125.45252997504608,226.22222222222223,19.977650764403904,0.5172076227804403,2.1708254942346414,-0.0032238876447081566,2.6171306371688843,1.3053414225578308,3.1488811373710632,0.9983828514814377,0.045654296875,0.005197880425839685,0.7597071528434753,0.5749993026256561,3.818499267101288,2.4472198840376223,0.5646799457251332,0.22520749270915985,0.21975554525852203,0.23381172120571136,882.0824280852094,,,,,,,
168,344064,108.17418332707125,120.63990730633063,222.33333333333334,16.955235040990118,0.45909050892730774,1.9822033275923627,-0.00106408802093938,3.7549238204956055,1.87639781832695,3.191390335559845,1.0014640092849731,0.0130615234375,0.0002707336680032313,0.7289409041404724,0.43216125667095184,2.5210644602775574,2.472454534334247,0.557198389161198,0.2251856029033661,0.2195386290550232,0.23375540971755981,827.4985436594936,,,,,,,
169,346112,100.12939719261453,119.03852070749697,208.33333333333334,16.58682455024139,0.4573803575845302,1.9531647400440602,-0.002022033033426851,3.2821907997131348,1.639073371887207,3.156330645084381,0.9986243098974228,0.0318603515625,0.00434800139919389,0.7333377599716187,0.49247465282678604,2.3176096081733704,2.4924346947082086,0.5609336826903197,0.225199893116951,0.21949397027492523,0.23370961844921112,867.7565473939399,,,,,,,
170,348160,97.56559012079869,115.89749154099609,207.0,16.456610029261682,0.45943273167583365,1.9427883439469735,-0.0013838456361554563,3.502729892730713,1.7499811053276062,3.1549545526504517,1.0003564655780792,0.0306396484375,0.002552733858465217,0.7438326179981232,0.5518233999609947,2.1144397854804993,2.53350611210044,0.5639658246191063,0.22525641322135925,0.21950170397758484,0.2336767017841339,889.273064113802,2.0209587523476316,5.038433720662284,2.429347914297376,1.165410342832352,0.0,1.0,0.0
171,350208,97.61124904632179,113.1327517015044,209.55555555555554,16.855576446447287,0.4763044929502482,1.9683693318259696,-0.0009273028117604554,2.381213903427124,1.1896796226501465,3.146068572998047,1.000451922416687,0.0045166015625,0.0007491526775993407,0.7769250124692917,0.45106538385152817,2.0589027404785156,2.5579147330427077,0.5662748330635402,0.22532698512077332,0.21959425508975983,0.23364906013011932,890.641498565076,,,,,,,
172,352256,98.96083853128007,110.19415819199784,210.44444444444446,17.225072731025676,0.4814619608149077,1.9911385467321405,-0.0013334215909708291,2.70766419172287,1.3524986803531647,3.162559151649475,0.9989354163408279,0.00732421875,0.0025924847868736833,0.7713862657546997,0.5009458884596825,1.6685937345027924,2.556973226252012,0.563426325829532,0.22531758248806,0.21955163776874542,0.23360100388526917,887.0439468181116,,,,,,,
173,354304,103.12961686742116,106.67110533394445,220.66666666666666,17.127231986365427,0.4744549279638812,1.9890843359461545,-0.0022926864912733436,3.1628281474113464,1.5791214108467102,3.1408628821372986,0.9988828152418137,0.0181884765625,0.003307536055217497,0.7931518256664276,0.6459400951862335,2.688536584377289,2.562982060946524,0.568121171040978,0.2252703309059143,0.21949753165245056,0.23348352313041687,884.5792758639595,,,,,,,
174,356352,113.86323742396561,106.24189339034233,235.5,16.089786335791977,0.462630291858232,1.9322806915147457,-0.002344226697459817,2.804978311061859,1.4001449346542358,3.1704277992248535,0.9989674240350723,0.0384521484375,0.004393747731228359,0.8265191465616226,0.47276395559310913,3.322070062160492,2.5876197436155053,0.5553490383915709,0.22526195645332336,0.21949969232082367,0.23330675065517426,822.8631517400811,,,,,,,
175,358400,94.8904974703876,103.2700899313772,209.55555555555554,17.59285606851202,0.4816856462813527,2.02292315902921,-0.0021262888330966234,1.7284019589424133,0.8620747029781342,3.1370742321014404,0.9958534240722656,0.0299072265625,0.007060776319121942,0.8381946980953217,0.35739515721797943,2.025395482778549,2.633382148342207,0.5612546446596954,0.22529637813568115,0.21948952972888947,0.23319090902805328,873.8440053978834,,,,,,,
176,360448,114.47068302247101,103.10142476002217,242.0,16.808540674812775,0.4642412553899217,1.986861156438992,-0.0007439274340867996,3.4937958121299744,1.7461539506912231,3.148094654083252,1.000738799571991,0.00341796875,0.00045498656982090324,0.7839915007352829,0.3060825541615486,4.150215029716492,2.6413109589339,0.5649162238954658,0.22533324360847473,0.21952161192893982,0.2332269549369812,885.525380999638,,,,,,,
177,362496,118.08294780187694,103.88197352667757,253.875,17.84101712357161,0.4916334387641542,2.0528831266569254,-0.0008347550174221396,2.8004367351531982,1.3993836045265198,3.1677117943763733,1.0006936490535736,0.0015869140625,9.076409332919866e-05,0.8067179322242737,0.28043757751584053,3.776515245437622,2.643543036887422,0.5641163626004444,0.22528403997421265,0.2194867581129074,0.2333025187253952,894.8579432555043,,,,,,,
178,364544,136.25187326402698,106.03150046895324,269.0,15.006331254123472,0.44331164211039764,1.8757030321880641,-0.00015785585856065154,5.0781097412109375,2.5388969779014587,3.141897976398468,0.9996260851621628,0.0003662109375,0.0010583176772342995,0.7692902088165283,0.3997252956032753,6.1640894412994385,2.6244940388278337,0.5618186455788536,0.22522246837615967,0.21939677000045776,0.23334446549415588,892.2236475741802,,,,,,,
179,366592,112.87807212792836,107.06475281977866,250.42857142857142,18.005306268435987,0.5142008171787575,2.068212239774465,-0.0011654837289825082,2.0505351126194,1.0241020619869232,3.1295981407165527,0.9989968538284302,0.007568359375,0.002228963770903647,0.8443461805582047,0.3766775205731392,3.020638346672058,2.649264986583148,0.5575735747658306,0.22517794370651245,0.21923702955245972,0.2333272397518158,894.4424674154916,,,,,,,
180,368640,113.236787349727,107.56088244835634,263.57142857142856,18.477700778302115,0.5230145515824798,2.0961734969426584,-0.0009317353833466768,2.6005616784095764,1.2993491291999817,3.130125939846039,0.9986887574195862,0.0245361328125,0.0035993654164485633,0.8131891041994095,0.3748871311545372,3.096115529537201,2.6407657940726494,0.5654957197245037,0.22510772943496704,0.21902094781398773,0.2332611232995987,875.9279656451282,2.124699022137053,5.026841181184729,1.782655319628352,0.9289820268692098,0.0,1.0,0.0
181,370688,129.83901806029687,109.98349722012367,282.14285714285717,18.380918636033133,0.4879431900726626,2.097249841396164,-0.0002456061774864793,4.587512969970703,2.293510913848877,3.141983687877655,0.9992542415857315,0.0008544921875,0.0012658954510698095,0.785748228430748,0.3066782280802727,5.272963166236877,2.6084042341972236,0.5596302267760552,0.22503963112831116,0.21889925003051758,0.23322205245494843,842.0576855146534,,,,,,,
182,372736,127.22074206090349,111.8036583409682,281.7142857142857,18.753633486127853,0.49617942797564163,2.120745990854346,-0.0011604344472289085,4.484528183937073,2.2411036491394043,3.1484255194664,0.9994943588972092,0.010986328125,0.0019463119242573157,0.7820877134799957,0.3259422183036804,4.716185927391052,2.6424823501583887,0.5655341721413156,0.22500497102737427,0.2188720554113388,0.23319491744041443,886.3267747717863,,,,,,,
183,374784,140.98133583467748,114.0100960083079,288.3333333333333,16.179588285017925,0.47791541007615085,1.9640818208466775,-0.0006630226271227002,6.9538586139678955,3.4762662649154663,3.1182339787483215,1.0006332993507385,0.0013427734375,0.00010764494072645903,0.7307982593774796,0.537016749382019,6.69585919380188,2.629502554918872,0.5634231099813334,0.2250082790851593,0.218930184841156,0.233099564909935,869.9766828950266,,,,,,,
184,376832,119.59541324697352,115.66107149723516,284.7142857142857,19.904697676321362,0.5315320714797707,2.1874151120383263,-0.0008511382038705051,1.617229402065277,0.8077635616064072,3.143979549407959,0.998613566160202,0.0079345703125,0.002645978835062124,0.8864966779947281,0.7006240785121918,2.566084563732147,2.6269758765556617,0.5622498896983568,0.22501800954341888,0.2189871072769165,0.23296409845352173,885.7620921907617,,,,,,,
185,378880,150.29961353536345,118.16538206883408,332.6666666666667,18.219323048181707,0.5065796472147129,2.0936190568841604,-0.001804365252610296,6.6351094245910645,3.315750300884247,3.1525975465774536,0.9992890506982803,0.02685546875,0.00331485849164892,0.740292876958847,0.6676536351442337,5.50481903553009,2.6095090558374068,0.5617392606246153,0.22506675124168396,0.21910621225833893,0.23284731805324554,895.0786772794498,,,,,,,
186,380928,125.72681498165412,120.61841415227751,332.1666666666667,23.895258901686862,0.5787089827494594,2.411826693425645,-0.0014516254304908216,3.6457194089889526,1.821408063173294,3.139947474002838,0.99948750436306,0.033447265625,0.0036245783121557906,0.7816981375217438,0.5143137201666832,2.580222189426422,2.6157364378886996,0.5586622112226121,0.22520840167999268,0.21933552622795105,0.23282071948051453,891.9432354564434,,,,,,,
187,382976,180.44342164172448,124.3189431657104,386.6,18.483421194959902,0.4830454835389976,2.1197419165773685,-0.0007261806167662144,14.45598816871643,7.227267861366272,3.151712119579315,0.9998995661735535,0.0010986328125,0.0007059752388158813,0.6721271723508835,0.4115360900759697,11.117068529129028,2.58147215822828,0.5589421253881064,0.22536852955818176,0.21948018670082092,0.23293814063072205,786.8834617061348,,,,,,,
188,385024,226.67854306589405,128.95039085669606,476.5,15.047835643830695,0.4898960287720367,1.9070589417511579,-0.0010532219312153757,23.573096752166748,11.785495042800903,3.1837993264198303,1.000459611415863,0.0064697265625,0.0006227673729881644,0.5945956707000732,0.3475049287080765,15.236055135726929,2.575430619850522,0.5649087252747377,0.22540847957134247,0.2195369303226471,0.23307402431964874,880.0486425215032,,,,,,,
189,387072,173.60040577138875,130.86806309624524,403.75,16.624879118935056,0.5598183667271475,2.010319404442957,-0.001737149024847895,8.251717329025269,4.1241215467453,3.1654038429260254,0.999655157327652,0.0244140625,0.0029237278940854594,0.7356877326965332,0.5281219705939293,8.120323181152344,2.570153013570234,0.5546611416684324,0.22539326548576355,0.2195296287536621,0.23321692645549774,883.4373256034296,,,,,,,
190,389120,180.5674298049224,134.4074678238043,487.0,18.466075201609286,0.58179401278872,2.1206017149017886,-0.002003264264203608,11.450184345245361,5.723088979721069,3.162089765071869,0.9989098310470581,0.0054931640625,0.002230146652436815,0.5843770503997803,0.48185114562511444,8.717756271362305,2.555298190389294,0.5686408506488986,0.2253764569759369,0.21942849457263947,0.2333371490240097,881.6929112461945,2.005955781460864,5.020567295065279,1.2613030874545519,0.5940119095261923,0.0,1.0,0.0
191,391168,158.197544110105,136.82633168994255,425.0,20.293828476622913,0.6047814815918138,2.221519598088946,-0.0031121179345063865,9.238622903823853,4.616199374198914,3.1595829129219055,0.9993927031755447,0.0321044921875,0.003662745759356767,0.6447468996047974,0.6577645987272263,7.208806157112122,2.564757838874357,0.5575929735831338,0.22534309327602386,0.21932412683963776,0.23332704603672028,883.0705699356596,,,,,,,
192,393216,158.24906612059164,139.24240753922177,434.25,16.63758787735888,0.5744416945478218,2.0050966240461228,-0.0012999099271837622,11.207596778869629,5.602498531341553,3.1583041548728943,1.0001274347305298,0.0208740234375,0.002202393239713274,0.6531519740819931,0.4094006419181824,6.527565121650696,2.5650378845311934,0.5560051780044795,0.22526946663856506,0.2192649394273758,0.23312579095363617,891.8779019350468,,,,,,,
193,395264,185.64702723981816,142.03698657980968,480.75,16.405237475319062,0.5746432284115142,1.9865206303446197,-0.0027541813324205577,6.874816179275513,3.434653878211975,3.181138813495636,0.9980439245700836,0.014404296875,0.0038212965591810644,0.7278276830911636,0.707194447517395,3.666883707046509,2.5550976644008188,0.5655707651010686,0.2251853048801422,0.2192404866218567,0.2328827977180481,832.9699356245814,,,,,,,
194,397312,164.07662921768676,144.00052988864135,415.0,20.693918530729796,0.5893189019070484,2.2419508968650543,0.00030259520281106234,5.102018356323242,2.5513117909431458,3.1545198559761047,0.9996524751186371,0.010009765625,0.001923237432492897,0.7624902129173279,0.5411497801542282,3.0276846885681152,2.5683479334256845,0.5623402455868148,0.22514699399471283,0.21922361850738525,0.2326844185590744,864.7440103151155,,,,,,,
195,399360,149.0398796986646,145.56897452594905,380.4,18.741606381484132,0.5479187881710396,2.124068408828918,-0.0020319181494414806,7.428279638290405,3.7121078968048096,3.15046364068985,0.999589204788208,0.020263671875,0.002339962840778753,0.698226198554039,0.4409986585378647,3.4718324542045593,2.602990052488167,0.5581752585594301,0.22509044408798218,0.21907970309257507,0.23257917165756226,887.7116633989905,,,,,,,
196,401408,145.95120396631907,146.4151981342886,379.2,19.52279980661787,0.5617560306572532,2.170100310994725,-0.0026018479838967323,7.528204083442688,3.7615001797676086,3.1270971298217773,1.0001121014356613,0.0450439453125,0.0034483030176488683,0.6719723492860794,0.5839151591062546,5.507769465446472,2.601371896947967,0.5562654207048867,0.2250179648399353,0.2189054936170578,0.2324720174074173,881.8777502562925,,,,,,,
197,403456,141.131187227236,146.87764851058012,350.0,19.50290612702841,0.5707904635202363,2.165710492846678,-0.0015693254536017776,4.604773640632629,2.300817549228668,3.1638853549957275,1.0020297467708588,0.0115966796875,-0.0003600131894927472,0.7174041867256165,0.4385371282696724,5.157630443572998,2.627039196260739,0.5592503025414856,0.2249579131603241,0.21887756884098053,0.23233774304389954,890.8016205273636,,,,,,,
198,405504,121.81063471485774,147.4141529789689,339.0,19.745218000892752,0.5897946854982227,2.1777186007320983,-0.0026640251162461936,8.824114561080933,4.4093931913375854,3.138153076171875,0.9974524080753326,0.028076171875,0.005174765581614338,0.4402233511209488,0.7058220058679581,10.043204545974731,2.601825248071691,0.5575309623579824,0.2249177098274231,0.21889381110668182,0.2322702705860138,883.0506771403968,,,,,,,
199,407552,127.53402445196423,148.21076477868556,334.5,21.418175190703355,0.5781456964786155,2.277042065092663,-0.0013023744686506689,3.314512252807617,1.6559537649154663,3.1429921984672546,1.0016946196556091,0.041015625,0.001766651708749123,0.7837478369474411,0.5426912680268288,3.807899534702301,2.6397707815631293,0.5581881529619324,0.22494658827781677,0.218842014670372,0.23235975205898285,808.3944264591917,,,,,,,
200,409600,139.65825952997943,149.7884443669232,365.4,21.74498802137731,0.5634578548186135,2.2954100380759748,-0.0008064602734521031,8.822219848632812,4.410303473472595,3.1511272192001343,0.9998698085546494,0.002685546875,0.0009076534188352525,0.6394968032836914,0.3356384411454201,3.8874268531799316,2.6158924382325495,0.5590811392971489,0.22493630647659302,0.21878215670585632,0.2324123978614807,888.1952300032297,2.5065043811516983,5.004662379568641,1.4380069651181355,0.9516500595011451,0.0,1.0,0.0
201,411648,120.75207654076684,148.7050319894702,320.1666666666667,22.881039718133067,0.5634052571589325,2.35616188671658,-0.0021765807177871466,11.748378992080688,5.872012972831726,3.1411020159721375,1.0000831633806229,0.007568359375,0.0011336606839904562,0.45884279906749725,0.4994126707315445,10.402692556381226,2.6013372679735767,0.5586544210646106,0.2249019742012024,0.2187374383211136,0.23247936367988586,871.8597061875821,,,,,,,
202,413696,117.53285521805158,148.02485994782725,306.8333333333333,21.538225557948714,0.5602341208247423,2.28399666589504,-0.0026170157943852246,12.1554856300354,6.075125813484192,3.149928867816925,0.9994312971830368,0.03076171875,0.003410773497307673,0.49405840039253235,0.7882085293531418,10.926092863082886,2.623153975000605,0.5635503400776454,0.2248883843421936,0.21873696148395538,0.23248837888240814,873.8790729033102,,,,,,,
203,415744,128.33435941189705,146.98160910055515,337.6666666666667,24.499221888402445,0.5843878135054803,2.438834980123497,-0.00045723753282800317,6.7245635986328125,3.361824631690979,3.1630199551582336,0.9994688034057617,0.033447265625,0.003493597949272953,0.603488564491272,0.4357992112636566,9.195110082626343,2.634449946199311,0.5620861321244184,0.2248673141002655,0.21877266466617584,0.2323867827653885,886.4628275012896,,,,,,,
204,417792,118.59722918714344,147.10901355176577,312.5,22.854272773081203,0.5663414958416129,2.352912898685608,-0.0019723961013369262,12.699004888534546,6.347530007362366,3.154349207878113,0.9998323172330856,0.0177001953125,0.002228318582638167,0.43369176983833313,0.4792131781578064,13.829392194747925,2.649754658996244,0.5614045981449857,0.22483831644058228,0.2187993973493576,0.23237751424312592,877.5473150372554,,,,,,,
205,419840,126.32265490193721,145.6703960337602,299.8333333333333,20.15785843572469,0.5365196298849308,2.202831856607773,-0.0008975857053883374,8.602582693099976,4.30039370059967,3.170901656150818,1.0001570582389832,0.001708984375,0.0007858549506636336,0.552287369966507,0.3682909980416298,10.129385471343994,2.649549394045607,0.552078924113721,0.2247883379459381,0.21875375509262085,0.2324540764093399,822.0167841995885,,,,,,,
206,421888,113.55157118078894,144.41462244443116,265.14285714285717,20.366606118496588,0.5249058118515324,2.212648905869242,-0.0005952221108600497,12.193328380584717,6.096068978309631,3.1442455053329468,1.0009941458702087,0.0135498046875,0.0007599316741107032,0.5187380015850067,0.34893155097961426,16.68333387374878,2.6270852574380115,0.5559124306175546,0.2246997058391571,0.21868355572223663,0.23239997029304504,869.6322878541466,,,,,,,
207,423936,107.36179058206041,137.1957213530227,257.7142857142857,21.431870749823677,0.5461715133735452,2.2704718298474202,-0.0022714490187354386,7.6424925327301025,3.818974792957306,3.1276469230651855,0.9974425137042999,0.0189208984375,0.004375370655907318,0.6121169924736023,0.5197504833340645,12.669023990631104,2.6646351811796194,0.5588024950605255,0.22466659545898438,0.21862103044986725,0.23239018023014069,885.1639717536004,,,,,,,
208,425984,110.9897221235082,133.0253623989598,258.42857142857144,20.030770922258057,0.5160397742120992,2.192102077771777,-0.0014893743209540844,8.571099758148193,4.284060478210449,3.138320207595825,0.9983565360307693,0.035888671875,0.0046283903502626345,0.5880402475595474,0.5472990050911903,12.412734746932983,2.624162983658607,0.5615172595721895,0.22469072043895721,0.21863985061645508,0.23245219886302948,887.4692350917551,,,,,,,
209,428032,112.90274776963888,129.18751143962365,275.42857142857144,20.059901613201287,0.5248293184201492,2.1956550534456034,-0.0006818293477408588,8.167229413986206,4.082932889461517,3.1397907733917236,0.9987730234861374,0.001708984375,0.0018299532675882801,0.5894644409418106,0.5440862625837326,9.32518219947815,2.5981722000433365,0.5593997650231634,0.22470389306545258,0.21866995096206665,0.232552170753479,886.3040324176675,,,,,,,
210,430080,121.25089710406439,125.72784142699732,300.3333333333333,23.852565016538172,0.5598034740344372,2.395966600744817,-0.001788539404515177,4.599676251411438,2.298049569129944,3.132671356201172,0.9995153099298477,0.0361328125,0.0035589516919571906,0.6706975698471069,0.4990083947777748,5.987226963043213,2.6006471555301687,0.5539323372337417,0.224685400724411,0.21869255602359772,0.2325739711523056,889.8277834910405,2.2376419136283965,5.022878362333246,1.8994046864312968,0.5365075614235164,0.0,1.0,0.0
211,432128,115.36134829532591,122.74877419505673,283.14285714285717,21.868171317198776,0.5424839466764224,2.29515444028466,-0.0023768742685206234,4.332788586616516,2.164017379283905,3.142783761024475,0.999395415186882,0.0269775390625,0.0032796308369142935,0.7014482021331787,0.5775027647614479,5.717076659202576,2.624090240598889,0.5600355214351829,0.22466054558753967,0.21872611343860626,0.23253695666790009,862.7837870143909,,,,,,,
212,434176,120.18385092052016,121.42837806843792,292.57142857142856,22.163100663388633,0.5550356657990033,2.3167035938809812,-0.001632601663004607,4.275740385055542,2.136237621307373,3.127885937690735,0.9972101897001266,0.0435791015625,0.006504408156615682,0.7023964822292328,0.46510253846645355,3.939764618873596,2.644083303093794,0.5570767892029593,0.2246207594871521,0.21880701184272766,0.232438862323761,833.2081130980694,,,,,,,
213,436224,125.86545968046062,119.87026397283982,291.85714285714283,21.559936012716705,0.5333256322783488,2.2842661228898713,-0.0008202589233405888,4.031273365020752,2.0148164331912994,3.1493694186210632,1.0005404949188232,0.0018310546875,0.00038807907549198717,0.7319529056549072,0.2977875992655754,3.560765027999878,2.636705728742527,0.5673655513017652,0.22456732392311096,0.21891231834888458,0.23234766721725464,894.9131357150119,,,,,,,
214,438272,116.44845991714057,119.6742839005317,287.6666666666667,21.099795537962585,0.5652787415438492,2.259837198294284,-0.0026961544062942266,3.273233652114868,1.633920669555664,3.130716323852539,0.9981706440448761,0.0260009765625,0.004404967068694532,0.7429648637771606,0.4895603694021702,2.8469467759132385,2.646651537361322,0.5594536374040556,0.22450962662696838,0.21888799965381622,0.2323174625635147,886.8075339023359,,,,,,,
215,440320,112.77004875605071,118.19265958722399,303.5,22.548895736168564,0.5773744603560668,2.3341071641577633,-0.0001090724254027009,2.3626829385757446,1.1812323927879333,3.116586148738861,1.0002128183841705,0.0009765625,0.0005563357699429616,0.8015332370996475,0.48843906819820404,1.7212091088294983,2.699550633347826,0.5540347357469498,0.22443115711212158,0.2186913639307022,0.23237751424312592,879.5747364371811,,,,,,,
216,442368,132.45919258699504,118.38864579371473,313.8333333333333,19.932025613634806,0.5250359672587779,2.1944071663625917,-0.0015303419786505401,3.5117105841636658,1.7543249428272247,3.109328031539917,0.9995593875646591,0.0074462890625,0.0017202601593453437,0.8180818259716034,0.7309806197881699,3.7159456610679626,2.7044330355274724,0.5498042542111818,0.22436091303825378,0.2185109555721283,0.23242194950580597,891.9151970247732,,,,,,,
217,444416,123.04192324645959,118.57182016343279,317.6666666666667,23.682291275231343,0.5540411744755915,2.3987449839976276,-0.0009814515360631049,4.302752137184143,2.150394558906555,3.128249764442444,1.0005003213882446,0.0347900390625,0.002625871464260854,0.7302299737930298,0.3576965630054474,2.2108293175697327,2.6958013599651167,0.5483303531794524,0.22433747351169586,0.21843338012695312,0.23258711397647858,887.7964295641797,,,,,,,
218,446464,129.3422613390637,119.16951007416037,315.8333333333333,23.409227211856326,0.5521688461605958,2.383669559851316,-0.0012528696097433567,3.809956192970276,1.9037252068519592,3.134913682937622,0.9997842311859131,0.0042724609375,0.0014985725574661046,0.7480278611183167,0.3930399939417839,2.4410053491592407,2.698500953047187,0.5628995866703912,0.22431029379367828,0.21830177307128906,0.23277883231639862,802.1081645951227,,,,,,,
219,448512,111.97224585105968,118.52816216404361,289.7142857142857,24.00599925473187,0.5737043987066119,2.4103064208505227,-0.0029003452509641647,2.9029822945594788,1.4485907852649689,3.1165384650230408,0.997469425201416,0.0518798828125,0.006823412768426351,0.7596544921398163,0.6899825930595398,4.140588939189911,2.6934167046129005,0.5650889756698496,0.22426113486289978,0.21812209486961365,0.23282290995121002,870.8854689651326,,,,,,,
220,450560,120.57375929376641,118.0221143301267,280.85714285714283,21.128975002104735,0.5192758100993651,2.2582338018255936,-0.0015020706341601908,4.548123121261597,2.2725594639778137,3.1281188130378723,0.9994879961013794,0.0264892578125,0.0029453911702148616,0.7115303575992584,0.5543928295373917,4.461130082607269,2.6719940582988784,0.5503113099153284,0.22423861920833588,0.21801073849201202,0.23289643228054047,882.6835682357928,2.4022295239017706,5.006227167846161,1.8731852655021664,0.621583624165748,0.0,1.0,0.0
221,452608,120.42483540639155,118.70946511876404,322.0,23.775148144548613,0.5700461366735718,2.3953997901504165,-0.0012049467768520117,3.327173590660095,1.6623818576335907,3.1279470324516296,1.000798612833023,0.033447265625,0.0020000670047011226,0.7633349001407623,0.4280470758676529,2.96580308675766,2.7123575118748704,0.5638690299194556,0.2242903709411621,0.2179192304611206,0.23310425877571106,889.5567406001337,,,,,,,
222,454656,120.10725265245338,119.25457145455864,339.5,32.232605180648385,0.6135980822168128,2.790478800216365,-0.0020471091265790164,2.5105693340301514,1.253237545490265,3.1283562779426575,1.0004878342151642,0.0238037109375,0.0018436744139762595,0.7886308580636978,0.5462704300880432,2.697415053844452,2.719709930024692,0.5529455848134793,0.224344864487648,0.21795569360256195,0.2332584410905838,876.27042814226,,,,,,,
223,456704,110.81629908255454,119.2353711243822,333.4,32.49842527435115,0.6425266207566086,2.802779535685741,-0.0026578749530017376,1.9508594870567322,0.9727718830108643,3.1300246715545654,0.9979990571737289,0.0626220703125,0.006836273925728165,0.8037999123334885,0.5994793921709061,1.5394150912761688,2.711859737042687,0.5592907394673137,0.22436684370040894,0.2180383950471878,0.2332722395658493,889.4293411320454,,,,,,,
224,458752,131.94514256738967,120.16892316976835,380.6,27.38363823725321,0.6097358556201224,2.5679489764916403,-0.0025277225067839026,2.53102445602417,1.2629845142364502,3.1111514568328857,1.000035971403122,0.0230712890625,0.002517899440135807,0.8155158907175064,0.42251234501600266,2.413600981235504,2.6831881120597245,0.5497138256291114,0.2243773490190506,0.2180955708026886,0.23330195248126984,824.8360413243867,,,,,,,
225,460800,131.83701334584933,121.30003297072872,391.0,29.632007826849154,0.6141114210474597,2.6650464058217946,-0.0027665364323183894,2.6184113025665283,1.3064391016960144,3.1207478046417236,0.9985401928424835,0.0474853515625,0.005540549886063673,0.831106498837471,0.6549805551767349,3.052069127559662,2.6871974681998836,0.5626671333864274,0.22438128292560577,0.21809646487236023,0.23328432440757751,886.193123255343,,,,,,,
226,462848,127.85704777318195,121.58978186655003,364.2,25.278679997420447,0.6047133156560105,2.4652164632085727,-0.0017736299778334796,2.9875407814979553,1.4919967353343964,3.1164388060569763,0.9994733035564423,0.0142822265625,0.002418897580355406,0.7896708101034164,0.507681742310524,2.9540711045265198,2.6680966269486817,0.5555680811039976,0.22440528869628906,0.2180151492357254,0.23326164484024048,883.8438777297118,,,,,,,
227,464896,132.76363029258295,122.59178644059871,367.0,19.864232990909038,0.5991222923673896,2.1865873700891454,-0.0022295243688859046,3.2367497086524963,1.6161453425884247,3.114125370979309,1.0001987218856812,0.0186767578125,0.0019825719646178186,0.7742198407649994,0.44108796864748,3.615662693977356,2.659512455953518,0.5688049128683955,0.22447757422924042,0.21800968050956726,0.23328806459903717,891.4194216352314,,,,,,,
228,466944,132.48850884704547,123.16269263190993,361.0,21.18233186573742,0.5821749515919212,2.2655061855656298,-0.0016299454728141427,3.8834835290908813,1.9401118457317352,3.1353719830513,1.0000761449337006,0.009521484375,0.001585231104400009,0.7530583739280701,0.33785516768693924,3.7035199999809265,2.6364820914750453,0.555582820294946,0.2245916873216629,0.218058243393898,0.23339281976222992,890.2539681551926,,,,,,,
229,468992,163.8436480667236,125.62915880248238,403.6,22.044538430666613,0.5614111796046564,2.3128127792176274,-0.0026118862442672253,6.733760833740234,3.3642685413360596,3.144459545612335,0.9987869560718536,0.0159912109375,0.0031245622813003138,0.7037030309438705,0.5225285068154335,6.1282477378845215,2.6132338260358665,0.5642759180867174,0.22472140192985535,0.21809135377407074,0.23345927894115448,895.3615515916297,,,,,,,
230,471040,147.6627547207708,126.40944733466898,358.8,22.306508316563665,0.5589985691600725,2.327933203083471,-0.0032193113584071398,5.7946155071258545,2.8940884470939636,3.151156187057495,0.9980640560388565,0.0556640625,0.006804194359574467,0.6694755703210831,0.6273504942655563,6.03453803062439,2.569910597841954,0.5639077600019371,0.22485274076461792,0.218144029378891,0.23347769677639008,868.6942496064519,2.1579334320322108,5.012407456273211,1.7226741873109788,0.4098816263419821,0.0,1.0,0.0
231,473088,127.85491080090489,126.57329018744684,280.42857142857144,18.800797056044523,0.49016235525296525,2.126364169589617,-0.0013939851196482778,10.289730310440063,5.1434712409973145,3.1247768998146057,0.9995320439338684,0.0313720703125,0.003476082783890888,0.5767511129379272,0.7272459864616394,13.511389017105103,2.441872674477054,0.5716521957899505,0.22493866086006165,0.2181912660598755,0.2334095984697342,870.362443815855,,,,,,,
232,475136,123.8756518563125,127.63348968431761,278.7142857142857,19.612967213361628,0.4981606903777642,2.1729974750978354,-0.004327134927734733,8.231688857078552,4.111517310142517,3.1101746559143066,0.9979581534862518,0.057861328125,0.006655666773440316,0.6078082323074341,0.8635953813791275,11.596800565719604,2.4843407536827726,0.5649279633720271,0.22503812611103058,0.21830950677394867,0.2333911955356598,891.6285720867089,,,,,,,
233,477184,136.33228270863518,128.39080293326245,287.85714285714283,18.899387519818934,0.484890637742899,2.1293910267604126,-0.002863573143258691,8.16775131225586,4.081012010574341,3.129011332988739,0.9984402507543564,0.04833984375,0.005324927406036295,0.6158999055624008,0.7249946147203445,11.083061218261719,2.4666117466113064,0.5695441044599007,0.22515884041786194,0.21847601234912872,0.23345047235488892,887.1824562004585,,,,,,,
234,479232,122.4663610929656,128.03907685117986,290.0,19.991980482534707,0.5193101422568303,2.200545478849426,-0.0022170302108861506,9.940106630325317,4.967836260795593,3.1472585797309875,0.9983859360218048,0.025634765625,0.004192406093352474,0.5884354263544083,0.6535073667764664,13.429704189300537,2.4458926751540275,0.5621213124091237,0.22524258494377136,0.21863210201263428,0.23346653580665588,886.5371252230815,,,,,,,
235,481280,121.68876886226009,127.68572341806461,296.5,22.059745692393733,0.5434917307192707,2.312856532713154,-0.0025746183237060905,6.836441516876221,3.4156461358070374,3.1505733132362366,1.0014034807682037,0.0206298828125,0.0007565882115159184,0.6613318622112274,0.504863552749157,13.13339877128601,2.439920087752398,0.5743359444949717,0.22531889379024506,0.2187732458114624,0.23341326415538788,892.6148025474074,,,,,,,
236,483328,112.56375861640113,127.65339031179238,291.0,25.32701756420625,0.5758603741655397,2.481840857394213,-0.0023410095018334687,4.130166828632355,2.0627424120903015,3.172940731048584,0.9977710694074631,0.0208740234375,0.004676673459471203,0.741865262389183,0.6137634143233299,7.906805992126465,2.4813018180429935,0.5660788039416231,0.22535765171051025,0.21882134675979614,0.2334013283252716,884.4772369701317,,,,,,,
237,485376,115.00721954552066,127.3096747696627,271.57142857142856,21.54247123516258,0.508976135904025,2.2819209338764854,-0.001155255944468081,4.968582630157471,2.4831360578536987,3.1487619876861572,0.9984156936407089,0.067138671875,0.0069187818735372275,0.7332878559827805,0.5371545106172562,7.6661635637283325,2.475836627621902,0.5633311285483111,0.22531551122665405,0.21870028972625732,0.2334233522415161,823.609692607971,,,,,,,
238,487424,101.7724044666376,125.65848887121871,245.0,21.863697827185618,0.5251215603928003,2.2927096736179853,-0.002095090225338936,2.346030831336975,1.1709203124046326,3.1239908933639526,1.0014300346374512,0.023681640625,0.0008604718459537253,0.8369489461183548,0.477969154715538,6.126895546913147,2.5003306589642307,0.565642800287182,0.22529476881027222,0.2187085896730423,0.2334616631269455,881.1632116476347,,,,,,,
239,489472,105.85505396159714,125.071891956061,244.0,20.349492307051968,0.5060718325878454,2.2076558896412166,-0.0017940406687557697,2.635886013507843,1.3161489963531494,3.1637941002845764,1.0008873641490936,0.046142578125,0.0029297383007360622,0.8274378925561905,0.49798016995191574,5.409529447555542,2.4751547019841382,0.5673671159257054,0.22527818381786346,0.2186841517686844,0.2336055338382721,890.4571013346732,,,,,,,
240,491520,98.85784004007812,122.89080004481984,231.5,21.66438258177311,0.5297030133635232,2.2754990640620525,-0.00192307896213606,1.4984384179115295,0.7472961395978928,3.169602692127228,1.0003664791584015,0.0198974609375,0.0019762020383495837,0.8714838325977325,0.4579338878393173,4.035824358463287,2.497158154248609,0.5754854272435813,0.22525537014007568,0.21855880320072174,0.23374012112617493,895.8074493249896,2.2447526513232985,5.020726469173654,2.109674606210447,1.1947033636637103,0.0,1.0,0.0
241,493568,112.92144528273163,121.51506820277926,246.75,19.834537951541808,0.48564431456719276,2.176234906166429,-0.0018280382500961423,2.178801953792572,1.0875729322433472,3.1534207463264465,1.0000539720058441,0.011474609375,0.001764663975336589,0.8612334579229355,0.43923720717430115,2.839389383792877,2.4843102582381107,0.5703679594098217,0.22523213922977448,0.2184400111436844,0.23379740118980408,884.9353644822455,,,,,,,
242,495616,107.33060922100955,119.55456653290206,237.625,19.17547910321078,0.48138086816760334,2.1376028832445355,-0.0027721242513507605,2.156516671180725,1.0754862129688263,3.150982439517975,1.0005219876766205,0.015625,0.0014951014600228518,0.8411343544721603,0.49801961332559586,3.690308094024658,2.472307382719009,0.566656135258157,0.22524338960647583,0.21835872530937195,0.2338961511850357,882.403341140714,,,,,,,
243,497664,102.35313823926249,115.45405247720159,229.125,19.867374672553133,0.5073864846332994,2.17293749370557,-0.0006898127030581236,1.727583110332489,0.8631017357110977,3.154368221759796,0.9984620064496994,0.007568359375,0.00332743204489816,0.8555837422609329,0.30015072226524353,3.4475936889648438,2.4465869941632263,0.5700010364095165,0.22529210150241852,0.21832211315631866,0.23407277464866638,795.7641319844366,,,,,,,
244,499712,103.16161744332271,113.07787760004534,234.625,19.698713746509796,0.5128666317822209,2.1667742353237593,-0.0033357153879478574,2.2375319600105286,1.1154302656650543,3.1620064973831177,0.9996730983257294,0.0220947265625,0.0026193395169684663,0.8134077191352844,0.6457715630531311,2.3144064247608185,2.4091552835016046,0.5634793606008468,0.22533942759037018,0.2183116376399994,0.2341800183057785,863.6715687399209,,,,,,,
245,501760,100.13600760789768,109.66144046325434,225.44444444444446,20.125959609615634,0.507347865834,2.1872390897844873,-0.0027608462842181325,2.143286168575287,1.0688822567462921,3.1458868980407715,0.9988446533679962,0.07568359375,0.00683194663724862,0.8278955370187759,0.6578171849250793,2.870275557041168,2.383812399508315,0.567305198613001,0.2253904938697815,0.21831375360488892,0.23427067697048187,881.3575653183017,,,,,,,
246,503808,112.19431997879272,108.5453667544789,237.625,17.66298364287096,0.4768111360704495,2.045373382989417,-0.00447725027333945,2.4972766637802124,1.2441610991954803,3.1503677368164062,1.001585066318512,0.048095703125,0.0022649452585028484,0.812641054391861,0.6561001613736153,2.441249579191208,2.3837189443293028,0.5730892378499103,0.2254457175731659,0.21830037236213684,0.23436853289604187,870.500113148129,,,,,,,
247,505856,118.64396984417388,108.18941058373377,251.25,18.524000681727493,0.479798620355994,2.100187800215227,-0.0026680423179641366,3.3344684839248657,1.6645662188529968,3.1336671710014343,0.9996231645345688,0.03125,0.0033733027667040005,0.7867652028799057,0.4776074066758156,4.735156536102295,2.3556394974293653,0.564784495380141,0.22547081112861633,0.2182650864124298,0.23451265692710876,879.6250300730209,,,,,,,
248,507904,101.99471938286771,106.77142233506228,225.66666666666666,19.04710989621328,0.49974366204531606,2.123827099063765,-0.0015350572066381574,2.1132373213768005,1.0550836026668549,3.1360581517219543,0.9989871978759766,0.0189208984375,0.003118188993539661,0.8217573165893555,0.3947233408689499,3.980623424053192,2.354184451731271,0.5694463791551981,0.2255226969718933,0.21822874248027802,0.23475457727909088,890.2161180489634,,,,,,,
249,509952,106.85727085201887,105.76480550202905,226.77777777777777,18.24616997408342,0.483167648199351,2.0734791854813452,0.00038959248922765255,2.65719872713089,1.328988939523697,3.144850969314575,0.9992661327123642,0.0001220703125,0.0011618820863077417,0.7950671315193176,0.4177713245153427,4.244054198265076,2.341759768722113,0.5662828401072577,0.22556021809577942,0.218189999461174,0.23496435582637787,826.3150755300861,,,,,,,
250,512000,111.97741967218965,106.99291005691724,232.375,16.665520547435193,0.4590369183049059,1.9818846597971258,-0.002619841252453625,3.1125792264938354,1.5536697506904602,3.1358180046081543,0.9996068626642227,0.0242919921875,0.002794598214677535,0.77686707675457,0.5573947131633759,3.933060944080353,2.3301175518718082,0.5584432261352831,0.2255876064300537,0.21822819113731384,0.2350156307220459,884.2345144299862,2.083613230762154,5.031153911690058,2.1564008382685573,0.47143332785912395,0.0,1.0,0.0
251,514048,101.53373327033295,106.10756939448494,229.375,19.61283210688334,0.5133653862944283,2.158114104698662,0.00018583517521619797,2.33647084236145,1.1684212684631348,3.147419273853302,0.9991210699081421,0.000244140625,0.0012605756637640297,0.7984479665756226,0.6213367879390717,2.291601300239563,2.3010348698007874,0.5566104796594961,0.22559383511543274,0.21829654276371002,0.2350008338689804,883.3065848797833,,,,,,,
252,516096,101.87325230952148,106.58681274985274,222.88888888888889,18.142656863405687,0.4885874771007793,2.067109220593779,-0.0010105118853971362,3.6360105872154236,1.8169947862625122,3.1579015851020813,1.0017334818840027,0.0357666015625,0.0012643990048673004,0.8526486158370972,0.7735956162214279,7.498139262199402,2.3494071836175863,0.563633943570013,0.22561673820018768,0.2184363752603531,0.2350432574748993,886.3770133842039,,,,,,,
253,518144,107.78201311955192,106.1756581767984,238.875,18.017545752455252,0.4849503282385387,2.0691422189089477,-0.0037471139803528786,3.7151902318000793,1.85384801030159,3.1491814851760864,0.999902680516243,0.0394287109375,0.003435306192841381,0.7092300206422806,0.7276277840137482,2.8910765647888184,2.3298289081576513,0.5594346669125513,0.22562015056610107,0.21855027973651886,0.2350078672170639,879.4651820380216,,,,,,,
254,520192,108.55121234433906,106.27330642666475,231.75,17.507253994129744,0.48473975345265186,2.0319441114175554,-0.001420266809873283,2.8385292887687683,1.4178443849086761,3.134006679058075,0.9979053437709808,0.02099609375,0.004473117020097561,0.7859966605901718,0.6630350649356842,1.8708134293556213,2.3452360095398035,0.5698252582189036,0.2256442904472351,0.21862204372882843,0.23498985171318054,871.5008410365882,,,,,,,
255,522240,104.61626863550416,106.57315349523684,227.55555555555554,18.427888435373557,0.4963152257228821,2.084841677774056,-0.0030080581200309098,2.2174086570739746,1.1056962609291077,3.1318333745002747,0.9984298199415207,0.053466796875,0.005971890306682326,0.8122069239616394,0.5663566663861275,1.7083402574062347,2.333770026336424,0.565392655157573,0.22568008303642273,0.21868367493152618,0.23495244979858398,866.7449532607162,,,,,,,
256,524288,99.08365814561303,106.31492450713114,214.77777777777777,17.50704559422377,0.4741436967835395,2.0260652805885613,-0.002909406670369208,1.636811912059784,0.8154965490102768,3.1272257566452026,0.9985940903425217,0.0623779296875,0.00631217856425792,0.8592568039894104,0.5916982814669609,1.5910310745239258,2.312963580727228,0.5617725504485072,0.2257087230682373,0.2187381386756897,0.23490314185619354,822.8089483308659,,,,,,,
257,526336,101.59422126638016,106.09626605651393,214.0,16.90047598451193,0.463867167668671,1.9847059268220193,-0.0022692195780109614,1.3863966464996338,0.6909290999174118,3.1423988938331604,0.9999646991491318,0.051513671875,0.004080272672581486,0.8756100088357925,0.4711134508252144,1.67522332072258,2.3040940378268715,0.5667240398659882,0.2256726622581482,0.2186974436044693,0.23486487567424774,881.7826754059141,,,,,,,
258,528384,93.97693620552597,104.09057576731183,204.7,18.060544985519027,0.49183000394808696,2.045902391076877,-0.0020925491116940975,2.355830132961273,1.1758224964141846,3.1025270223617554,0.9995085299015045,0.0537109375,0.004630087016266771,0.7651126235723495,0.748402550816536,2.7298020720481873,2.306543882150436,0.5622126278288013,0.22563999891281128,0.21861138939857483,0.2348698377609253,890.0345971267783,,,,,,,
259,530432,92.44291008870371,102.54063820308662,199.3,17.523994623465825,0.47443192021918784,2.011462628616638,-0.002487758523784578,2.2698447704315186,1.1324346363544464,3.132766366004944,1.0031686127185822,0.0291748046875,-0.0003400999412406236,0.7965165972709656,0.5629290640354156,4.712607741355896,2.3322771864914102,0.5699692578901129,0.22565524280071259,0.2184789627790451,0.23498089611530304,892.99664321673,,,,,,,
260,532480,99.5627567194102,101.71091022138299,206.33333333333334,16.05763724634829,0.45939819934956516,1.9175403007218237,-0.001238990284036845,2.8024115562438965,1.3999668061733246,3.1233524680137634,0.9999552071094513,0.009033203125,0.0016086178075056523,0.7967758625745773,0.3646736219525337,6.343273401260376,2.3170781631197315,0.5697739104882504,0.22567042708396912,0.21823066473007202,0.23509106040000916,888.5672568533889,1.999413138696835,5.031162950887308,2.542835733769408,0.7688762999145927,0.0,1.0,0.0
261,534528,92.65227554325622,100.08618968398876,196.1,17.01917269344878,0.4601285130876864,1.9780319512106117,-0.002193518856074661,1.0021722316741943,0.4988925978541374,3.153916835784912,0.9984915554523468,0.057861328125,0.006022335510351695,0.8991536647081375,0.5077895298600197,1.7230327129364014,2.3367834530217806,0.5668610267582352,0.22571536898612976,0.21813634037971497,0.23521412909030914,890.6471206265969,,,,,,,
262,536576,87.28692539204835,98.62464086439836,189.6,17.21059067463534,0.47789360999151315,1.9889216268202323,-0.0013272800715640187,0.9064252525568008,0.451885350048542,3.135010063648224,0.9996861666440964,0.0308837890625,0.002792112485622056,0.9067290723323822,0.5335582345724106,1.7515738904476166,2.3649168521369575,0.5668917112740945,0.22577404975891113,0.21812012791633606,0.23533932864665985,821.0577410081959,,,,,,,
263,538624,97.38048620432345,98.04585044302964,202.5,17.33970133898903,0.46499942697614355,1.9977416451952743,-0.001978738233447075,2.6218621730804443,1.3089523613452911,3.145883023738861,1.0003763139247894,0.033203125,0.0025948578550014645,0.7786819636821747,0.5157617479562759,3.645744025707245,2.3551513053680537,0.5746419101575232,0.22586791217327118,0.21817149221897125,0.23546573519706726,886.8699095232936,,,,,,,
264,540672,94.09953698909356,95.99555917830361,200.8,17.685252927705022,0.47375594452184633,2.0239078229492895,-0.002249413635581732,1.5010364949703217,0.7482688277959824,3.1569939255714417,1.0014448165893555,0.0042724609375,-0.000376118317944929,0.8577065169811249,0.5351335927844048,3.133252441883087,2.3848360816045897,0.5676868718930472,0.22594121098518372,0.21824191510677338,0.2355673760175705,851.9920032749258,,,,,,,
265,542720,97.31342816552402,95.77526228501046,204.4,17.57271047622247,0.47411422162201927,2.0132842300118536,-0.0008057239465415478,1.2287303805351257,0.6135594844818115,3.1468393802642822,0.9984756261110306,0.0263671875,0.0037811414658790454,0.8943451941013336,0.45812567323446274,1.7927267253398895,2.377975890500238,0.5720498201912539,0.22594234347343445,0.21829460561275482,0.2356128841638565,881.1768937311193,,,,,,,
266,544768,95.43672378595338,94.73605410357149,204.4,17.80746320714634,0.4832800475524652,2.0300601134858796,-0.0011156393447890878,1.6185193061828613,0.8081440180540085,3.14535790681839,1.0008447766304016,0.0185546875,0.0009440937137696892,0.8396773189306259,0.26644090563058853,1.9276881515979767,2.355352590486291,0.5720199564939231,0.2259276956319809,0.21839454770088196,0.23559506237506866,878.7493216089088,,,,,,,
267,546816,96.18828136808985,94.58934936867732,203.7,17.451269175836373,0.4763572578671575,2.0043429546841547,-0.0026269268710166216,1.098146229982376,0.5464461892843246,3.18495512008667,1.0007934868335724,0.0372314453125,0.0021975360286887735,0.9061933904886246,0.6949459686875343,1.9323655664920807,2.368465372142964,0.5760378435361498,0.22589975595474243,0.21850425004959106,0.23551686108112335,890.2736368870807,,,,,,,
268,548864,93.93324651792688,94.55192317762757,205.44444444444446,16.571099283782168,0.4769560698443321,1.9563071526561295,-0.002473533619195223,2.5949265360832214,1.2949897646903992,3.1391520500183105,0.9991675019264221,0.0740966796875,0.00628006347687915,0.7609743475914001,0.6854144632816315,2.817017436027527,2.3773791089770384,0.5729998623886023,0.22586005926132202,0.21863186359405518,0.2354288101196289,795.563372417503,,,,,,,
269,550912,111.54015992363037,96.07844885180327,220.77777777777777,16.122970266231924,0.4374480430888084,1.932830819797744,-0.0017719941679388285,3.090854227542877,1.543655127286911,3.1241778135299683,0.9987538456916809,0.0277099609375,0.004035537160234526,0.7965260297060013,0.43616512417793274,4.877005100250244,2.363462610723218,0.5697334995331631,0.22581268846988678,0.21867717802524567,0.23535461723804474,858.3359495019505,,,,,,,
270,552960,103.95869915472484,96.69952726438011,207.55555555555554,17.06388881103694,0.45559176516287603,1.9839316872836568,-0.0009364860597997904,1.1640019714832306,0.5810645073652267,3.135380268096924,0.9984675049781799,0.005859375,0.0028288100293138996,0.9046537280082703,0.3209865093231201,1.5495499074459076,2.3759045381011674,0.5719484972411618,0.22578440606594086,0.21864674985408783,0.23526430130004883,888.0667260433397,1.9886947764707776,5.031195274563424,2.364655599970483,0.7015369005940063,0.0,1.0,0.0
271,555008,107.08037585672349,98.11055892213619,225.77777777777777,17.386748094272342,0.47796430761577247,2.0141808267256267,-0.0027895153034478426,6.8888198137283325,3.441620409488678,3.1306110620498657,0.9996757358312607,0.04736328125,0.004528430465143174,0.5178415775299072,0.6491739153862,8.706083297729492,2.334832943728543,0.5730581895098787,0.2257850021123886,0.21855075657367706,0.23526278138160706,891.9082052718636,,,,,,,
272,557056,88.41859788518268,97.59319057088564,202.4,18.956457613625123,0.5083077617463008,2.106233801182542,-0.0017093505011871457,4.716944098472595,2.356762707233429,3.1328192353248596,0.9998413771390915,0.0074462890625,0.001501992970588617,0.5855144411325455,0.45317429304122925,8.89400315284729,2.3152538544818526,0.5651512089429219,0.22577565908432007,0.21836401522159576,0.23528322577476501,889.0871877459261,,,,,,,
273,559104,106.1907861643703,99.29355861849494,220.11111111111111,16.85767342980852,0.45813274665829473,1.9818648224274578,-0.0009463999303989112,5.108949899673462,2.5535285472869873,3.130975604057312,0.9991346299648285,0.0390625,0.00420200132066384,0.6566293984651566,0.5735594779253006,6.604410648345947,2.3102940512471832,0.577095855178718,0.22575528919696808,0.21819934248924255,0.23526456952095032,880.4582016253266,,,,,,,
274,561152,100.74483179292135,99.79382366208594,214.66666666666666,17.365025985587444,0.4779751693178339,2.014139880804162,0.00010149239096790552,3.6700755953788757,1.8351393043994904,3.1044570207595825,1.0002986192703247,0.0,0.00011239216837566346,0.7122247219085693,0.28343456983566284,7.11397910118103,2.2983571521763224,0.5821160800300192,0.22571250796318054,0.21805700659751892,0.23513516783714294,826.1285258123144,,,,,,,
275,563200,106.38084165312881,100.69890069209806,227.22222222222223,18.224529128106035,0.4871458227148018,2.0717619257472446,-0.0012941201566718519,5.504751801490784,2.7510817646980286,3.1176220178604126,0.9996994584798813,0.008056640625,0.0014257510047173128,0.6258017420768738,0.4089674651622772,8.831923961639404,2.2509957313595805,0.56615723731742,0.2256917953491211,0.21801894903182983,0.23498085141181946,883.3391633742481,,,,,,,
276,565248,112.73973384937896,101.71619640798946,229.375,17.02986667924616,0.46572608819089256,1.9992805579034498,-0.0025905712973326445,2.0488261580467224,1.0218225121498108,3.1274792551994324,1.0011587142944336,0.0123291015625,0.0005968819314148277,0.8584647178649902,0.43351732194423676,2.6376646161079407,2.3167086713656317,0.5701159160838013,0.2257412075996399,0.2180759757757187,0.23496539890766144,885.2204202061539,,,,,,,
277,567296,107.96691711756185,102.55272544203685,238.625,16.942029274502033,0.4845038797940348,1.9988875258038126,-0.0028857559664174914,7.704809308052063,3.849518895149231,3.165464401245117,0.9987984001636505,0.04248046875,0.0048468303139088675,0.5422964245080948,0.6096765100955963,5.67887544631958,2.3328147777356207,0.5758523232967225,0.22582827508449554,0.2181655466556549,0.23499318957328796,882.2118915451824,,,,,,,
278,569344,110.99852739164066,103.67399231193615,232.0,16.99449119641139,0.4707662845119043,2.0009676306990203,-0.0027197079034522176,6.588443756103516,3.2915021777153015,3.1363099217414856,0.9997747540473938,0.0406494140625,0.0037665892887162045,0.5100491344928741,0.538454569876194,4.029353499412537,2.353981459105853,0.56521604554869,0.22593122720718384,0.21832062304019928,0.23505659401416779,880.9909939044823,,,,,,,
279,571392,94.96822532764594,104.09343027439029,208.22222222222223,17.603001809480688,0.4841097745825096,2.0267642178551157,-0.0027767886640504003,5.590880632400513,2.7926635146141052,3.165273666381836,0.9976548850536346,0.018310546875,0.004424872182426043,0.45819804072380066,0.571294829249382,5.567554235458374,2.4250935568416025,0.5803186270732271,0.2259916216135025,0.2184561789035797,0.23505203425884247,886.1291300957756,,,,,,,
280,573440,121.73658199477018,105.25473254656998,248.75,17.33075274735146,0.45818815818747916,2.0265883023620814,-0.002103077247738838,7.218528628349304,3.607161223888397,3.1341532468795776,0.9987873136997223,0.03857421875,0.004626692621968687,0.5528622567653656,0.6419350504875183,4.426172375679016,2.3859605945035582,0.5722980072359136,0.2260352373123169,0.21852850914001465,0.23505941033363342,880.1362751434494,2.0757344644711537,5.028354481833681,2.1676422271979567,0.6445093946358872,0.0,1.0,0.0
281,575488,105.56181000813265,104.90217608159983,226.0,18.29382818282997,0.48572768732361393,2.076400205568385,-0.0022837291471660137,5.774494051933289,2.88496333360672,3.160681188106537,0.9994462132453918,0.0091552734375,0.0016519771015737206,0.5336356461048126,0.6034661307930946,4.483307957649231,2.4401985236472683,0.5761509003388312,0.22610683739185333,0.21860726177692413,0.2351887822151184,814.6239807803632,,,,,,,
282,577536,106.50379321214655,105.02016516481137,235.375,17.637200373253236,0.4893897183619247,2.0421195985318277,-0.002825869480147958,5.410130858421326,2.7022395730018616,3.1320595741271973,1.0019069910049438,0.039794921875,0.001460785191738978,0.5713006407022476,0.6169398128986359,7.604526996612549,2.4540066656918498,0.5799950799423964,0.22619402408599854,0.21871481835842133,0.23536095023155212,882.8603749154721,,,,,,,
283,579584,109.65978848562966,106.31090066799734,231.125,17.0265479617025,0.46667152744069473,2.003013284700762,-0.00021547777578234673,2.6890384554862976,1.3443037569522858,3.199568271636963,0.9998496174812317,0.001220703125,0.0006340847176034003,0.8003999292850494,0.4161560386419296,2.9098206162452698,2.4601620162138715,0.5736469554282579,0.2262503206729889,0.21880286931991577,0.23539376258850098,881.4129819270182,,,,,,,
284,581632,99.2604473673097,106.27616427153978,210.55555555555554,17.249430487572603,0.47385236338894465,2.006617198448177,-0.00027774879708886147,1.1747808456420898,0.5871126800775528,3.1709314584732056,0.9994845986366272,0.0029296875,0.0012442415609257296,0.9046213775873184,0.23831748217344284,1.8205530941486359,2.4911391846544575,0.5714369641380203,0.2262859344482422,0.21890059113502502,0.23530738055706024,884.9716762241638,,,,,,,
285,583680,107.45093439897714,106.91201648213962,223.55555555555554,17.655819514345893,0.4673375171251154,2.0362356338924146,-0.0020349359838292003,1.9383399784564972,0.9671350568532944,3.1433699131011963,0.9999877065420151,0.0069580078125,0.0010459108161740005,0.8659226596355438,0.45938774943351746,2.3113874197006226,2.4862503729964374,0.5834294666785077,0.22633448243141174,0.21903465688228607,0.23532958328723907,885.3473040818288,,,,,,,
286,585728,103.83282583174176,107.24075282195628,232.5,17.767256961773583,0.4878108409234451,2.052164524289457,-0.0020688711665570736,4.715549349784851,2.3557057976722717,3.1879655718803406,0.9997650682926178,0.0133056640625,0.0019875198049703613,0.6875094622373581,0.403122141957283,5.415541768074036,2.441879082180094,0.5716988321024039,0.22638380527496338,0.21914628148078918,0.2354286164045334,884.5726022884919,,,,,,,
287,587776,115.63914956154912,107.77791293473938,241.875,17.278888984759334,0.46861837630640435,2.0204771391839755,6.329244934022427e-05,3.5475716590881348,1.7738490998744965,3.1621912121772766,0.9990130066871643,0.001953125,0.0018391739286016673,0.7449073195457458,0.5885729193687439,3.67841899394989,2.4535144955443684,0.5808400216776289,0.22638219594955444,0.21925613284111023,0.23536619544029236,827.1517328584481,,,,,,,
288,589824,106.59043644902488,107.28596914271105,241.75,19.0580447749554,0.4953587369112288,2.1310884981660894,-0.0015080335433594882,6.5974791049957275,3.2972314953804016,3.1355912685394287,1.0007588863372803,0.021484375,0.0013644112623296678,0.5361338257789612,0.4946667328476906,8.287289381027222,2.435222191576031,0.5799052531215864,0.226348415017128,0.2193121463060379,0.23534616827964783,892.2733646386135,,,,,,,
289,591872,93.00252161305815,105.97950769993689,213.11111111111111,18.999960358417134,0.5044309407224998,2.1179167774280523,-0.000312926946207881,3.9203982949256897,1.9598861932754517,3.1639716625213623,1.000284343957901,0.0306396484375,0.0026243515021633357,0.6357310116291046,0.39824221283197403,5.191283941268921,2.469455293234205,0.5754576301495492,0.2263323962688446,0.21925072371959686,0.23549257218837738,882.3082285791612,,,,,,,
290,593920,94.78532077569997,104.57146916799417,202.33333333333334,17.133175485673846,0.4774928470468257,1.9952794949714026,-0.0015428398037329316,2.7060242891311646,1.3514692783355713,3.1646810173988342,1.000216782093048,0.0008544921875,0.00047526096750516444,0.8607137203216553,0.46764713525772095,2.901544511318207,2.5174205225193873,0.5776364647998692,0.2263178825378418,0.21908943355083466,0.2356371134519577,891.7699922102979,2.084695597265116,5.042882938148241,2.3220942900658708,0.7388922564447975,0.0,1.0,0.0
291,595968,108.99685957237826,105.85711262326771,224.11111111111111,17.488930626106868,0.462947180034299,2.023921623758436,-0.003095863212365657,3.0390929579734802,1.5164506137371063,3.176063597202301,1.0003219544887543,0.029296875,0.0025486126105533913,0.7779304385185242,0.5709235519170761,3.1309056878089905,2.501538872922538,0.5797599933173717,0.22628507018089294,0.21893100440502167,0.235737144947052,889.0918561359098,,,,,,,
292,598016,88.4307422925609,102.8748662680265,197.1,18.311953739781025,0.4861172742487694,2.0640283422198107,6.004853639751673e-05,0.8029846996068954,0.40155240148305893,3.137877881526947,0.9998276829719543,0.0108642578125,0.0018655515887076035,0.9171480387449265,0.39910904318094254,1.1990480422973633,2.533274656132562,0.5845880422374274,0.22620657086372375,0.21882779896259308,0.23570628464221954,884.2076907426097,,,,,,,
293,600064,93.71413900187,101.5974738496486,204.1,18.60932932719158,0.49032732132349555,2.082882492296932,-0.0016761510050855577,2.1929978132247925,1.0948227643966675,3.1757628321647644,0.9986157715320587,0.0010986328125,0.0020770933042513207,0.8005594909191132,0.5529951304197311,3.0852330327033997,2.528248529517441,0.5751677285068991,0.22613243758678436,0.21877549588680267,0.23570622503757477,796.679961984001,,,,,,,
294,602112,98.56405932040465,101.0500954685655,208.44444444444446,17.092316919901574,0.47171613926909906,1.9921891447978857,-0.00030420953407883644,1.311923623085022,0.6556576043367386,3.173597812652588,0.9985183626413345,0.0091552734375,0.0030696123285451904,0.8879916667938232,0.27597761154174805,1.4909014999866486,2.5254488747305004,0.5776902970266885,0.22599643468856812,0.21865355968475342,0.2356317788362503,865.8818602975017,,,,,,,
295,604160,94.19171742381268,99.71250627618979,211.0,18.37822564153356,0.49559806554513597,2.076990227650688,-0.0012512297835201025,1.2319006323814392,0.6146990954875946,3.147194981575012,0.998911052942276,0.0032958984375,0.001966178315342404,0.8732221275568008,0.6634965986013412,2.087851256132126,2.5062239240505733,0.5747601649674908,0.22584818303585052,0.21853290498256683,0.23547640442848206,888.8574644609799,,,,,,,
296,606208,97.36791532848825,98.97859580521175,202.2,17.648754769886274,0.4637916242641824,2.020504672341021,-0.0013469182304106653,0.9199290722608566,0.4586176201701164,3.1466320753097534,0.9981228113174438,0.0343017578125,0.004960653124726377,0.9383052289485931,0.49765491485595703,1.973330557346344,2.5302418799547013,0.5757241152491224,0.22570204734802246,0.21849732100963593,0.23524431884288788,890.1432970587944,,,,,,,
297,608256,95.6950907036171,98.4008477899452,205.0,17.964831346866852,0.48089053020953515,2.040682789314805,-0.001766157103702426,1.064062774181366,0.5302652269601822,3.1612269282341003,0.9985153824090958,0.037841796875,0.004729693348053843,0.8966637849807739,0.44365619122982025,1.2275913655757904,2.552370477205841,0.5750272301048441,0.2255355417728424,0.21843630075454712,0.23504282534122467,890.7810512786033,,,,,,,
298,610304,93.13219953929112,96.1863648903251,193.7,16.750709974380005,0.45512709675741125,1.9574460553332083,-0.000805758754722774,0.5980525016784668,0.2982204928994179,3.1426194310188293,1.001626342535019,0.031005859375,0.0009541623730910942,0.9402250945568085,0.44194261729717255,1.0179433375597,2.605175612756284,0.5741758917061849,0.2253573089838028,0.2183072715997696,0.23486098647117615,878.399757262087,,,,,,,
299,612352,81.04745601654169,94.31670188078255,177.63636363636363,17.698705303247714,0.4703536364023654,2.005762065892021,-0.0012441100552678108,0.3634094074368477,0.1804605945944786,3.134142279624939,1.0002405941486359,0.0042724609375,0.0010266191384289414,0.9632786214351654,0.2864948809146881,0.9064467698335648,2.639440527782426,0.5690854643467111,0.2252267301082611,0.2182275354862213,0.2346656173467636,852.224139115226,,,,,,,
300,614400,83.30018585920033,92.8507939631703,182.1818181818182,17.99620327228347,0.4784196951463681,2.028517165613718,-0.002339435974135995,0.28892507404088974,0.14212309569120407,3.1272032260894775,0.9977134019136429,0.019775390625,0.004547067452222109,0.9655988365411758,0.5272146090865135,0.5706294998526573,2.636745347583201,0.5651808916682405,0.2251204550266266,0.21817390620708466,0.23446343839168549,863.5297377592601,1.9989569514376773,5.01214962330309,2.6783712218046594,0.8682259741030032,0.0,1.0,0.0
301,616448,85.27525277742276,90.96214604103687,186.9,17.108137267927468,0.47580022136920674,1.9788732739202062,-0.0016011061379685998,0.6524892449378967,0.3246435150504112,3.134071946144104,0.9986086934804916,0.0633544921875,0.006429667497286573,0.935603141784668,0.39846618846058846,1.9624903202056885,2.664860528529971,0.5770225058926169,0.22506782412528992,0.218196302652359,0.23425491154193878,890.1811177610197,,,,,,,
302,618496,91.9233972108872,91.21301394416436,188.9,16.8246830533464,0.46016735907044415,1.9543243445051104,-0.0017553584184497595,0.34932828694581985,0.17290878295898438,3.120609760284424,0.9997035413980484,0.010009765625,0.0021453826047945768,0.9640204757452011,0.3256075941026211,0.7610016167163849,2.693625526604592,0.5723532530619854,0.2250385880470276,0.21816454827785492,0.23412972688674927,889.6383690569014,,,,,,,
303,620544,82.51431856814581,89.88527020474169,183.0,18.171857461996737,0.4868444129205144,2.041736858540649,-0.004736989620141685,0.44394151121377945,0.21723376587033272,3.1093912720680237,1.0000590682029724,0.042724609375,0.003651635503047146,0.9534041881561279,0.7130654975771904,1.9563985168933868,2.712559967287234,0.5726594992486909,0.22499386966228485,0.21811988949775696,0.23405121266841888,885.1435285204585,,,,,,,
304,622592,83.98854008207583,88.385763341974,177.9090909090909,17.089891272163328,0.45588395334261167,1.9663557775663931,-0.0017126878374256194,0.566040426492691,0.28130752593278885,3.091727912425995,0.9978201240301132,0.054931640625,0.006683215935481712,0.9402427673339844,0.4855397716164589,0.7979022413492203,2.7448729369061766,0.574571008009793,0.22491931915283203,0.21807624399662018,0.23396413028240204,890.7779528788419,,,,,,,
305,624640,78.96058200023496,86.17052163501656,170.58333333333334,18.005846644445967,0.4782942168524781,2.0097871497415345,-0.002218348905444145,0.21933211758732796,0.10744770988821983,3.092126488685608,1.0012376010417938,0.0211181640625,0.0011226468632230535,0.9755256623029709,0.36117689311504364,1.0657889693975449,2.7947557129809866,0.5783085104044057,0.2248327136039734,0.21804359555244446,0.23390012979507446,877.8486124787539,,,,,,,
306,626688,70.25561539159831,83.3841911213267,162.5,18.19623175416553,0.48889493414020113,2.0222896304552025,-0.0017903365660458803,0.18816250190138817,0.09229091368615627,3.07275652885437,1.0014960169792175,0.00634765625,-0.00020833393500652164,0.9696482121944427,0.3918318375945091,0.8186530917882919,2.797662101846072,0.5746711106450623,0.22477395832538605,0.2180611789226532,0.23391613364219666,800.1327023207126,,,,,,,
307,628736,79.8025046997599,81.60714297598392,172.0909090909091,17.7407328706204,0.47857539573946056,1.9979353444558288,-0.0025684102438390255,0.17503904178738594,0.08495111018419266,3.078294813632965,1.0009876787662506,0.013671875,0.000953027411014773,0.9764066934585571,0.4659629389643669,0.3509109616279602,2.7790985979372635,0.5816582911584067,0.22473683953285217,0.21809980273246765,0.2340039312839508,883.1429462295692,,,,,,,
308,630784,75.57255600530415,80.95112581949748,165.75,17.838850560234782,0.4713928096406434,1.9984544759319116,-0.0027301167137920856,0.18996550515294075,0.09225263632833958,3.0957385301589966,0.9984403997659683,0.0218505859375,0.003957669832743704,0.973110020160675,0.573129266500473,0.29594387114048004,2.7806932387466077,0.5815064147482821,0.22468271851539612,0.21813587844371796,0.23405034840106964,879.2434081977926,,,,,,,
309,632832,78.22915811649257,80.36950201680307,169.16666666666666,17.818792314486302,0.4747275558345473,1.9997299188961355,-0.0008630576776340604,0.17011632025241852,0.08419510163366795,3.09993177652359,0.9996260553598404,0.00439453125,0.0016470285336254165,0.9814552515745163,0.611154243350029,1.0751105397939682,2.749081843299791,0.5809020068101595,0.22460317611694336,0.2181747704744339,0.23395675420761108,892.5844531224404,,,,,,,
310,634880,82.87026155907914,79.91743730815439,175.1818181818182,17.188029977662907,0.4677725389215815,1.9670786857782345,-0.001945213065482676,0.20600491762161255,0.10105724446475506,3.1128357648849487,0.9987817704677582,0.0072021484375,0.0028010813548462465,0.9752360284328461,0.8148089051246643,0.82799032330513,2.7310385916061932,0.580191043982532,0.22454556822776794,0.21825890243053436,0.23380377888679504,887.8722939959588,1.979352278702372,5.053673610430005,2.897589773818659,1.2406728251898482,0.0,1.0,0.0
311,636928,84.24355752742915,79.22593927477946,176.0909090909091,16.47866780335343,0.44715888320143404,1.9211859876932873,-0.0021400332916527987,0.3334972634911537,0.16460859775543213,3.084513485431671,1.000807762145996,0.0140380859375,0.0009935091220540926,0.9639259278774261,0.5881021171808243,0.9726674109697342,2.7304915010754485,0.5863739744586927,0.22448468208312988,0.21828369796276093,0.23367777466773987,888.2450430822166,,,,,,,
312,638976,85.88499210756069,79.4152077484834,179.63636363636363,16.8184083716134,0.452976659989933,1.946903988790405,-0.0033179661259055138,0.26994842290878296,0.1316562481224537,3.1000049114227295,0.999552994966507,0.0213623046875,0.002802562899887562,0.9696459919214249,0.5458597764372826,0.9101247191429138,2.7126267396233743,0.5944929643487381,0.22445034980773926,0.21822340786457062,0.23360389471054077,829.8495996601624,,,,,,,
313,641024,87.5988738199465,80.24611636891545,184.0,17.128208931984673,0.4646540735888707,1.9695905812373893,-0.0022700531408190727,0.2516311854124069,0.12354553863406181,3.0865337252616882,0.9997814744710922,0.0174560546875,0.0023615662357769907,0.9726661741733551,0.41114941984415054,0.669524148106575,2.7008061297092354,0.5854023867699445,0.2244185209274292,0.2181062251329422,0.23360328376293182,890.197468737631,,,,,,,
314,643072,89.82559328917498,81.50975995801666,190.1,16.970005319763263,0.4710684125685174,1.9691436645375548,-0.003127629403024912,0.2469063326716423,0.12032553739845753,3.107427716255188,1.00083589553833,0.01025390625,0.0007681678544031456,0.973365068435669,0.5461571589112282,0.5044901296496391,2.6797341833880637,0.5762302595345536,0.2243809998035431,0.2180321216583252,0.23359018564224243,885.3808282830097,,,,,,,
315,645120,97.21653484367489,84.03690349979551,200.9,16.876097924088214,0.4581310800760362,1.9680104724817138,-0.001060350565239787,0.6055721193552017,0.30172570794820786,3.1005795001983643,0.9962866306304932,0.0301513671875,0.006642671141889878,0.9484324306249619,0.3890000507235527,0.8736980557441711,2.6704367743077455,0.5783250474589533,0.22440344095230103,0.21797116100788116,0.23354177176952362,882.1340382311722,,,,,,,
316,647168,92.38913008344423,85.45017970969627,196.8,17.046327383504206,0.4662542162991573,1.9806415587069641,0.00014344265218824148,0.49095775932073593,0.24562231823801994,3.0960371494293213,0.9994016736745834,0.00146484375,0.0014035316708032042,0.9521563649177551,0.4306620582938194,0.75361368060112,2.6674163115094416,0.5728718517340441,0.22447139024734497,0.2179046869277954,0.23368078470230103,887.367831046047,,,,,,,
317,649216,95.98444555897404,87.79938201163921,203.4,17.517725525472322,0.47593940141083263,2.0115646524277353,-0.000993335503153503,0.7355396896600723,0.3667765036225319,3.1220120787620544,1.0008524656295776,0.0001220703125,-0.0004521844530245289,0.9334607273340225,0.3494071513414383,0.9199047088623047,2.645356031382107,0.587950443093653,0.2245229184627533,0.21777746081352234,0.23386095464229584,892.3072750708134,,,,,,,
318,651264,98.11335134434974,89.52221924826377,200.1,16.664326074719817,0.4511578764879758,1.9541824189894292,-0.001604152494110167,0.43403836339712143,0.21541503071784973,3.113589823246002,0.9993548691272736,0.0045166015625,0.001640365953790024,0.9634298980236053,0.5378847420215607,0.8511790782213211,2.6622480826772517,0.5856299367430389,0.2245776504278183,0.21767935156822205,0.23396171629428864,816.2817834815708,,,,,,,
319,653312,87.54622235197382,90.20627700706486,193.4,17.28646657063606,0.4775594713488107,1.9954767617758764,-0.0008920975960791111,0.3949473574757576,0.19658157974481583,3.127587676048279,1.0002681612968445,0.0108642578125,0.0013040064659435302,0.9546919614076614,0.58890300989151,0.9114378094673157,2.66376535037125,0.577134991324019,0.22457480430603027,0.21758541464805603,0.23397670686244965,830.2970580094903,,,,,,,
320,655360,87.56013147396145,90.60767337811622,195.0,17.431802069503014,0.4805076899101375,2.0023959484574014,-0.0008889464661478996,0.9696432799100876,0.4839326962828636,3.0894280076026917,0.9999932646751404,0.0213623046875,0.0024316455965163186,0.9017439037561417,0.35067664831876755,2.1448676586151123,2.660342562274309,0.5900855736062631,0.22452706098556519,0.21754568815231323,0.23392517864704132,890.7300894554897,1.9845200480626126,5.044690328035685,2.6222048000513047,1.0957621860716351,0.0,1.0,0.0
321,657408,94.41084028764247,91.56665728222444,198.2,17.09361531479126,0.45986289005239017,1.9828787974693607,-0.0019317778060212731,0.5147498920559883,0.25544316694140434,3.122589588165283,1.0000687837600708,0.0032958984375,0.00105101075314451,0.9541593939065933,0.5369201600551605,0.6493644714355469,2.6547043600439792,0.5895038697123361,0.22448518872261047,0.21754854917526245,0.23386813700199127,889.9336296406068,,,,,,,
322,659456,101.89346553718161,93.11091294186002,213.33333333333334,16.60106191672844,0.46609748043878063,1.9603579498679518,-0.0020046457066200674,1.1667837798595428,0.5813872367143631,3.1236014366149902,0.9987137913703918,0.0399169921875,0.004667988469009288,0.9006068259477615,0.44042565673589706,1.310882031917572,2.644743593860767,0.5841961704210398,0.22439946234226227,0.21749326586723328,0.23380416631698608,882.8859453993466,,,,,,,
323,661504,94.79910680904676,93.80975851365623,200.3,17.294916289638874,0.467606437740246,1.9978591156989813,-0.0005361768417060375,0.42859402298927307,0.2137608341872692,3.1012852787971497,1.0006245076656342,0.0008544921875,2.9155591619201005e-05,0.9695754796266556,0.37302204221487045,1.8284357190132141,2.663808526151115,0.5852518603472064,0.22432488203048706,0.21747872233390808,0.23366151750087738,883.08181797759,,,,,,,
324,663552,99.70000839691896,94.51687903202668,206.11111111111111,15.89063685399098,0.4455635914843322,1.9147685702386483,-0.001115733990445733,0.9504798650741577,0.4741242006421089,3.115503489971161,0.9981379061937332,0.0057373046875,0.0027745054976549,0.9431793540716171,0.4285072535276413,2.4292426705360413,2.651964783697622,0.5765673064790166,0.22429056465625763,0.2174072414636612,0.23359110951423645,868.5587542842165,,,,,,,
325,665600,95.7975241478771,94.48998768088198,201.1,17.132586556250406,0.46599022264128565,1.9869742575126543,-0.0015582997584715486,0.4312684237957001,0.21407591179013252,3.087206184864044,1.0011469721794128,0.0115966796875,0.0007264090818352997,0.964037612080574,0.3594046086072922,1.270067423582077,2.6665320866159163,0.581805363490711,0.2243126630783081,0.2172808200120926,0.2337237149477005,842.0065247341112,,,,,,,
326,667648,100.26354502421387,95.54165829373373,204.22222222222223,15.507682521044137,0.44736583205590164,1.884991554801369,-0.0010642260313034058,0.5947112590074539,0.29629140347242355,3.089813470840454,0.9998825341463089,0.002685546875,0.001076863132766448,0.9590747803449631,0.49083472788333893,1.7853568494319916,2.6710763062583283,0.591000290209183,0.224335178732872,0.2171923965215683,0.23379772901535034,883.1839708456133,,,,,,,
327,669696,105.25479114908165,95.92063216549113,217.55555555555554,16.470356252477842,0.45176132045962675,1.9562358349702078,-0.002396927331574261,0.6505051404237747,0.322855643928051,3.1207581162452698,0.9987379312515259,0.03271484375,0.0043041701428592205,0.9521632343530655,0.43975575268268585,1.1650552153587341,2.66012868686812,0.5808372156380913,0.22436711192131042,0.2171175181865692,0.23381738364696503,892.3850159542235,,,,,,,
328,671744,93.51374485411382,95.50144781662053,202.1,17.651844839072997,0.48190983924956704,2.0194446441678764,-0.0016778656281530857,0.45310840755701065,0.22487634047865868,3.0935124158859253,0.9984992444515228,0.0135498046875,0.003381786518730223,0.962719663977623,0.5209721177816391,1.9318443834781647,2.672646450504544,0.5819336599768343,0.22440634667873383,0.21702921390533447,0.23381876945495605,890.8773340586738,,,,,,,
329,673792,111.10573936484688,97.42611048321798,240.25,17.02031196611656,0.4703865083528018,2.004678518085274,-0.0028961538337171078,5.6161439418792725,2.8051758408546448,3.136723041534424,1.0004681050777435,0.0169677734375,0.0016190139867831022,0.6662134379148483,0.5280101448297501,7.875020146369934,2.625930073481868,0.5911175718183576,0.22448767721652985,0.216994971036911,0.2338646799325943,896.0443094453013,,,,,,,
330,675840,99.79283903435284,98.42935768421498,213.22222222222223,17.220808029204967,0.47119782393975584,2.0053649391753687,0.00016853958368301392,2.8409589529037476,1.4206480085849762,3.0954588651657104,1.0004574060440063,0.004150390625,0.0005459453241201118,0.7649688720703125,0.46619313210248947,4.260292172431946,2.6473507061746204,0.5887902604033669,0.22457179427146912,0.2170528769493103,0.23390145599842072,889.4851976026066,2.0489130225061407,5.024667550052957,2.2843226818323146,0.7065836222189616,0.0,1.0,0.0
331,677888,106.23011597446627,100.04567768455328,223.22222222222223,17.44677105189598,0.4712383151671946,2.021047669092435,-0.001369106350466609,0.8505797535181046,0.42392076551914215,3.107254385948181,0.9990707784891129,0.0126953125,0.0024899180134525523,0.9365499317646027,0.4763246774673462,1.1565116047859192,2.6595822806557408,0.5854880495120985,0.22459369897842407,0.2170325070619583,0.23388096690177917,827.5860927472457,,,,,,,
332,679936,99.67046833606635,100.67914823122224,218.33333333333334,17.884689929608378,0.4799970338801775,2.0490536158621384,-0.0023023985559120774,0.4683061018586159,0.23185065016150475,3.1130841970443726,1.0000892579555511,0.0299072265625,0.002843032925738953,0.9565033465623856,0.44905994087457657,0.9201193749904633,2.6738647654274246,0.5857558878254984,0.22456656396389008,0.21698495745658875,0.23375821113586426,867.5846125592584,,,,,,,
333,681984,96.889962102416,99.92033518681973,216.55555555555554,18.32969898415795,0.48722003752557774,2.075472167180786,-0.001123739406466484,0.742284432053566,0.37001847475767136,3.118735671043396,0.9986033290624619,0.006591796875,0.0026716908178059384,0.9343181997537613,0.3972586318850517,1.0691670775413513,2.690891511083464,0.5836476792740452,0.22449880838394165,0.21693550050258636,0.23354165256023407,890.8057036462195,,,,,,,
334,684032,108.19214346226374,101.24039643051537,224.5,16.74856842573884,0.4738349976395023,1.9789685530096013,-0.0004567989381030202,0.9482508897781372,0.4736686423420906,3.1187320351600647,1.000584989786148,0.0006103515625,0.0001236449897987768,0.9398874938488007,0.2817435711622238,1.817774087190628,2.659685779333813,0.5929430867388022,0.22445325553417206,0.2169308215379715,0.23340803384780884,886.5101647227788,,,,,,,
335,686080,107.89547304045676,101.81742844539981,224.66666666666666,17.598557905889464,0.46989061997202153,2.0298389592727686,-0.0008761186618357897,0.593004584312439,0.2956261783838272,3.058748960494995,0.9998133182525635,0.00537109375,0.001333974301815033,0.9670556336641312,0.2788398712873459,2.241541087627411,2.6627197977068136,0.5942373758344583,0.22443728148937225,0.2169276475906372,0.2334129959344864,883.5140206079301,,,,,,,
336,688128,91.5010237435213,101.13876283674634,203.0,18.302248846082797,0.4959836823191167,2.062059564859323,-0.0017951598856598139,0.3869897201657295,0.19169970229268074,3.101778268814087,1.000188797712326,0.0130615234375,0.001554616101202555,0.9667144864797592,0.37051598727703094,1.213935673236847,2.6794572830112884,0.5890880503177854,0.22439226508140564,0.21681776642799377,0.23346959054470062,872.7570375847708,,,,,,,
337,690176,99.63368219105587,101.26691821156984,213.77777777777777,16.770640812799208,0.4643055712540898,1.9739289056598441,-0.002717516152188182,0.6285172700881958,0.3115411251783371,3.093047320842743,0.998921200633049,0.0338134765625,0.004206727986456826,0.9573549926280975,0.516341544687748,1.2488975822925568,2.660409680378507,0.5985631649693325,0.2243404984474182,0.2167009562253952,0.23358604311943054,828.4456365570921,,,,,,,
338,692224,109.73628330699391,102.11521089487412,219.66666666666666,15.907259908609923,0.44174811093206146,1.9152858025207216,-0.00033874192740768194,0.589809462428093,0.29456599056720734,3.1003860235214233,0.9985341429710388,0.0257568359375,0.00414056729641743,0.9583296477794647,0.41260138899087906,1.0385395884513855,2.6537652846600395,0.5909334218902057,0.2243451327085495,0.21661971509456635,0.23367998003959656,885.6867978288686,,,,,,,
339,694272,96.16094245711122,102.22194144402496,201.0,17.006575414863356,0.46484349044275486,1.9745128282070115,-0.0012273350730538368,0.5018476769328117,0.2496965005993843,3.0971767902374268,0.9974406957626343,0.0128173828125,0.004146223189309239,0.9602065980434418,0.5118114873766899,0.87375707924366,2.6711080162785947,0.5927739819569208,0.22434258460998535,0.21649327874183655,0.23376217484474182,891.0791428584732,,,,,,,
340,696320,97.7231101153222,101.17368988362257,199.9,16.222829613387056,0.45156326657987317,1.9222986944987461,-0.00030941935256123543,0.29535920172929764,0.14737018197774887,3.082836091518402,1.0005656778812408,0.0057373046875,0.0007949168066261336,0.9764043986797333,0.3587520271539688,1.0471907556056976,2.6930774935899535,0.5973170667377367,0.22434329986572266,0.21626165509223938,0.23394113779067993,895.9816593662747,1.93595442343875,5.021184144141264,2.5087819186064313,1.434457567248106,0.0,1.0,0.0
341,698368,102.29782108064632,101.0926130724682,208.0,15.842928259265875,0.4587024644197615,1.9058361449380876,-0.0012196272145956755,0.18989335373044014,0.09372705034911633,3.109207570552826,0.9997529685497284,0.0028076171875,0.0011698541638907045,0.9843534082174301,0.40492530167102814,0.49380409717559814,2.692531639841036,0.6030151123761811,0.22433458268642426,0.21606892347335815,0.23398490250110626,895.2679563470714,,,,,,,
342,700416,87.68103203833195,99.23790863669929,186.9,16.76911456207108,0.4726477365325338,1.9495347060193091,-0.001574368157889694,0.27416737377643585,0.13550931960344315,3.076358675956726,0.9992564767599106,0.0076904296875,0.002244936636998318,0.9728956371545792,0.3262726403772831,0.999904990196228,2.7208200548629975,0.5975018189151432,0.2243032455444336,0.21579775214195251,0.2339831292629242,877.733818927414,,,,,,,
343,702464,96.32876345840262,98.70275418570989,209.55555555555554,16.563499821952586,0.4592053165057465,1.9576071950415288,-0.0013180191745050251,0.9276875853538513,0.46252577751874924,3.0709670782089233,1.0002586841583252,0.0057373046875,0.0011526465532369912,0.9345789551734924,0.4028640687465668,0.9277767837047577,2.670853366944357,0.5964666455429859,0.22422820329666138,0.21551688015460968,0.2339623123407364,874.8447232825388,,,,,,,
344,704512,106.44615141359638,99.94671190254083,220.0,16.323911982742793,0.45718165462243304,1.9436728191429882,-0.002601089421659708,0.4805636405944824,0.23768072947859764,3.0803473591804504,1.000173270702362,0.0155029296875,0.0018509850924601778,0.9679634422063828,0.45908023416996,1.1105918884277344,2.6841087057837285,0.59897917807759,0.22415786981582642,0.21520286798477173,0.2340184599161148,789.9973485880887,,,,,,,
345,706560,106.74115151198501,99.8923041871699,236.75,16.96348450942763,0.4918306071969978,1.9916860217386996,-0.003398922737687826,1.1856987476348877,0.5894504487514496,3.0807539224624634,0.9982814192771912,0.0260009765625,0.004460721378563903,0.9239737838506699,0.4744567424058914,1.5507832467556,2.658697389968438,0.594088608707808,0.22408846020698547,0.21496661007404327,0.23405276238918304,875.0632510919054,,,,,,,
346,708608,127.15018096804334,100.76520095364639,301.1666666666667,19.01953072218415,0.5323558056548066,2.1354483293178013,-0.0026597913820296526,6.436953902244568,3.215817153453827,3.107981264591217,0.999167189002037,0.0301513671875,0.0037517674354603514,0.6796177476644516,0.7098271548748016,6.641285300254822,2.5750915459211683,0.5870517038007841,0.22402021288871765,0.21473896503448486,0.23415111005306244,898.176437512132,,,,,,,
347,710656,125.70020764859679,103.47998727730737,255.71428571428572,14.578461319055602,0.44593134912218624,1.8476802353836999,-0.0011088782921433449,5.184757828712463,2.5912700295448303,3.10105037689209,1.0002436637878418,0.006103515625,0.0011725314107025042,0.8401250094175339,0.2697676718235016,6.180947184562683,2.616309673496289,0.5892872675090696,0.22399994730949402,0.21466119587421417,0.23427236080169678,887.2831340147914,,,,,,,
348,712704,123.02903474102206,104.92604109976932,276.85714285714283,17.437396803358233,0.5006359540466641,2.0391035982796613,-0.001798895071260631,2.726644515991211,1.3615233600139618,3.1080698370933533,0.9983119964599609,0.0206298828125,0.004003236652351916,0.8125850707292557,0.4279279559850693,3.8447370529174805,2.589502278875443,0.5941915521967757,0.22401069104671478,0.21479952335357666,0.2343280017375946,890.5714175601225,,,,,,,
349,714752,127.29874729116308,106.92767586110332,282.57142857142856,16.612463552303915,0.498608339646726,1.9873840790793151,-0.0008847779827192426,6.521323323249817,3.2597768902778625,3.1264116168022156,1.0014769434928894,0.000732421875,-0.0008264606003649533,0.6641769558191299,0.42890171706676483,9.736180305480957,2.556708469594014,0.5921679255804256,0.2240513265132904,0.21494467556476593,0.2344205677509308,893.9299675529709,,,,,,,
350,716800,149.18468765012855,109.08858581354389,319.5,16.73552250998784,0.4789677462314259,2.0032275993309825,-0.0012952827382832766,8.485343217849731,4.241376280784607,3.0958616733551025,0.9998231530189514,0.0130615234375,0.0018355927168158814,0.7039072066545486,0.4184199273586273,5.924555540084839,2.5523097294499166,0.593551976100653,0.22410589456558228,0.21497678756713867,0.23455551266670227,819.0694023321553,1.9979088086659074,5.0372298173210766,1.732824198430996,1.0897943429459829,0.0,1.0,0.0
351,718848,134.64105546926257,111.25948838705597,286.85714285714283,16.656343631461567,0.48736946059822883,1.990015508870262,-0.002364838612265885,5.323467969894409,2.659369170665741,3.1051531434059143,0.9979528933763504,0.008056640625,0.0034052767005050555,0.7404114156961441,0.6613698750734329,7.732884764671326,2.55207043903647,0.5960810761544321,0.2241634726524353,0.21499615907669067,0.23467399179935455,890.2379335849008,,,,,,,
352,720896,103.12956041378197,112.13587781552569,234.0,17.41443089103946,0.5149515956860798,2.0244032464946806,-0.0014590583741664886,3.0897827744483948,1.5434323251247406,3.1309401392936707,1.0004833340644836,0.026123046875,0.0018393256614217535,0.790038213133812,0.4639602452516556,5.301506161689758,2.6044420083781006,0.5921015142516498,0.22422508895397186,0.21515992283821106,0.23481638729572296,859.7213679398328,,,,,,,
353,722944,119.06852345283308,113.67602831292437,255.0,15.702079789990284,0.4738724903561088,1.9275909050552131,-0.0008414573967456818,3.419058620929718,1.7086878418922424,3.0782387256622314,1.0011176764965057,0.0023193359375,-0.000596265701460652,0.8699808120727539,0.3339901939034462,4.78326940536499,2.621287110072444,0.5889798096916109,0.22427554428577423,0.21537746489048004,0.23492732644081116,881.700763335989,,,,,,,
354,724992,121.27644737844241,115.3375237670756,264.14285714285717,16.926684629531056,0.4947345124407818,2.0073637418813717,-0.0017505642026662827,1.1236560344696045,0.5600774437189102,3.0972217321395874,0.9991984963417053,0.0093994140625,0.0024096224224194884,0.9285556524991989,0.45417071878910065,1.5076432526111603,2.616390855080681,0.5864892410538155,0.22432821989059448,0.21552295982837677,0.23512877523899078,868.5372030120028,,,,,,,
355,727040,129.52585632090924,118.30418316361822,274.14285714285717,16.045792793160373,0.47365343175688135,1.9505323868047637,-0.001811641501262784,1.3079768121242523,0.6521767675876617,3.0815587639808655,1.000960350036621,0.0362548828125,0.0023212334635900334,0.9264273643493652,0.47854312509298325,2.1051947474479675,2.6115758683881722,0.5846681473629467,0.2243206650018692,0.2155238687992096,0.23530243337154388,881.7839757399399,,,,,,,
356,729088,113.67987286346286,119.23778395381933,264.0,17.43206036447082,0.513902487790134,2.0353132923713972,-0.0015419814735651016,2.195443570613861,1.0961798131465912,3.106299042701721,0.9985179454088211,0.0064697265625,0.0026569251931505278,0.8641313910484314,0.4915800839662552,4.240730285644531,2.6167919096624246,0.5856015309124535,0.2242751121520996,0.2155318558216095,0.23536425828933716,813.2834307067183,,,,,,,
357,731136,145.94375218612777,122.44528697136737,322.8333333333333,16.485139179298383,0.4911193077158461,1.9893963099552285,-0.0018595471046864986,7.289997935295105,3.64313942193985,3.1013317108154297,1.000238835811615,0.0018310546875,0.00048193921975325793,0.7277397811412811,0.9290448129177094,5.3386839628219604,2.585833628778346,0.5859170841014509,0.2242501825094223,0.21559090912342072,0.23539890348911285,860.2186372840737,,,,,,,
358,733184,142.47226151115981,124.63546508716719,303.8333333333333,16.19105991339348,0.49357280811562004,1.96966298380464,-0.0004495811299420893,2.19826740026474,1.0986841320991516,3.104070007801056,0.9986736625432968,0.0057373046875,0.0023148368927650154,0.9067549109458923,0.3106885626912117,3.608604907989502,2.5974284132244065,0.5807669972664141,0.22424954175949097,0.21569187939167023,0.2354019731283188,877.7878187544784,,,,,,,
359,735232,128.57192282460917,125.99850778579504,290.42857142857144,16.997874071582906,0.5193436177796232,2.0103358026688247,-0.0005518805701285601,5.102194428443909,2.550545334815979,3.1064046025276184,1.0002757608890533,0.0025634765625,0.00045680039329454303,0.7674105167388916,0.3064291924238205,3.9522277116775513,2.5703818587207934,0.5848851069744476,0.22421644628047943,0.21581237018108368,0.23524346947669983,883.3332369554299,,,,,,,
360,737280,134.61414789166307,127.8573028006562,297.6666666666667,15.163568495822048,0.4792974095602909,1.9036464561827862,-0.000901484047062695,4.770425796508789,2.3843114376068115,3.1209186911582947,0.9998900443315506,0.002685546875,0.0009020557772601023,0.8099610060453415,0.4240316227078438,4.10389244556427,2.5696606935962336,0.5804587101355245,0.2242027223110199,0.21595516800880432,0.23507817089557648,887.297434674451,2.1040757321082277,5.0205231654801405,1.4090898574475683,0.7519968645878357,0.0,1.0,0.0
361,739328,134.82272308962732,128.1722969317953,287.8333333333333,15.326095360352747,0.4741147650785813,1.913526130746719,-0.0020450636511668563,6.1993937492370605,3.097651779651642,3.1320013999938965,0.9984215795993805,0.0089111328125,0.0030104138859314844,0.7545036673545837,0.5460725203156471,6.392505645751953,2.5393542472593253,0.5841908340397983,0.22422806918621063,0.21603569388389587,0.23504987359046936,876.6722071270956,,,,,,,
362,741376,145.8589468744821,129.2205582092132,312.5,16.249334805547196,0.46541378847892617,1.975172761974926,-0.0013594496995210648,8.236053466796875,4.1166672706604,3.1199280619621277,0.9996589720249176,0.01513671875,0.0022928952530492097,0.7788889557123184,0.5919342488050461,6.468231439590454,2.575264969826094,0.5878061685062086,0.2243131697177887,0.21619056165218353,0.23509599268436432,826.4761148829094,,,,,,,
363,743424,136.82202888254594,130.18606779911985,289.85714285714283,16.284686785872484,0.48948848274403234,1.967712355558584,-0.0012877876870334148,2.4010103940963745,1.1992174088954926,3.1169735193252563,1.001753568649292,0.0059814453125,-0.0004912634321954101,0.8931727707386017,0.3442268371582031,2.364350736141205,2.59847150099813,0.5946806144096084,0.22435078024864197,0.21630381047725677,0.23511920869350433,886.2510142900028,,,,,,,
364,745472,144.63107120565098,130.95770276544394,284.0,14.425309555287559,0.45726128617953554,1.8503589942251035,-0.0011303408537060022,2.1753231287002563,1.0865312218666077,3.101886570453644,1.0002972483634949,0.002197265625,0.0004805134958587587,0.9150281846523285,0.2855699583888054,3.4795969128608704,2.594092061117408,0.5970169866422428,0.2243429720401764,0.21635770797729492,0.23505569994449615,887.2958623911895,,,,,,,
365,747520,134.018634379477,130.38324290863318,272.85714285714283,14.866358888090941,0.4439661742947175,1.8733899405906997,-0.0018362171249464154,2.6820958256721497,1.3392116725444794,3.117585837841034,0.998443067073822,0.0166015625,0.003342539304867387,0.8816744238138199,0.4817577973008156,2.635188341140747,2.6079700375703396,0.5922751408974666,0.22425317764282227,0.21632128953933716,0.23483611643314362,876.8306262047455,,,,,,,
366,749568,116.90370632962178,129.14162846885836,260.57142857142856,17.300426301273028,0.5059968061113399,2.0262539067811867,-0.0029524301644414663,1.6789772808551788,0.8365361988544464,3.102865695953369,1.0015911161899567,0.0416259765625,0.0020303983037592843,0.9038813561201096,0.44307465106248856,3.008664131164551,2.598073478191509,0.5981659123115036,0.22413653135299683,0.2162100076675415,0.2346959263086319,889.5159961228125,,,,,,,
367,751616,141.36737715041096,131.079904242248,326.8333333333333,17.529944071997956,0.5177341144678371,2.0545242733630817,-0.00020685349591076374,2.727775752544403,1.363681048154831,3.1238585710525513,0.9992399364709854,0.0103759765625,0.0021678853081539273,0.8612906783819199,0.39467424899339676,5.564849376678467,2.535234431110439,0.5943009689220381,0.22408252954483032,0.2161177098751068,0.2345648556947708,884.346873365816,,,,,,,
368,753664,138.72992148308916,132.97684600087155,289.2857142857143,16.42331954292309,0.4810459805455604,1.9779156594559313,-0.0020537683740258217,1.8245077729225159,0.9102001190185547,3.1165177822113037,0.9989172220230103,0.0137939453125,0.0026369445549789816,0.9096276015043259,0.41437195986509323,2.3406646251678467,2.5774484710709658,0.6033095029900216,0.22406767308712006,0.2159968614578247,0.23446235060691833,881.9368118217712,,,,,,,
369,755712,165.81073056132126,135.13680679055508,374.4,15.413986686386938,0.5135254734359379,1.926096936139165,-0.003697851672768593,10.247455835342407,5.120030045509338,3.1147007942199707,0.9968812018632889,0.0452880859375,0.007009281776845455,0.6748278737068176,0.5070776045322418,6.451708912849426,2.4906049829733092,0.5900494531668271,0.22405937314033508,0.21588940918445587,0.23432748019695282,794.3615232329832,,,,,,,
370,757760,186.29549226414593,138.54160315335906,380.8,15.47971404660034,0.4712835711152537,1.932246766998832,-0.0007384053315035999,23.011345863342285,11.504934310913086,3.112164616584778,0.9995637089014053,0.0008544921875,0.0009752295445650816,0.659788191318512,0.2801014259457588,16.26209306716919,2.56067299679853,0.580896139010305,0.2240772545337677,0.2157362401485443,0.23429347574710846,885.6896946787638,2.022297675622436,5.01110206896157,1.500783086854972,0.8280435586784038,0.0,1.0,0.0
371,759808,168.80327636363077,140.1720864223552,376.2,16.82726456012294,0.5073197101927052,2.017822743121384,-0.0019216302316635847,6.726596474647522,3.361376643180847,3.105566620826721,0.9998278468847275,0.0069580078125,0.00102516746846959,0.7849388867616653,0.5058095529675484,5.442578077316284,2.53455578435387,0.5942433651283353,0.22410857677459717,0.21566498279571533,0.2342580109834671,892.5974075792136,,,,,,,
372,761856,147.3982299274993,142.35531085690963,337.1666666666667,17.386597815315582,0.5275076646299829,2.0453559065171345,-0.0017128209583461285,5.071455240249634,2.5340147614479065,3.1200377345085144,1.0001580119132996,0.0068359375,0.0009301151731051505,0.8000844269990921,0.49849260598421097,3.4701374769210815,2.5597012802463723,0.5818379612417459,0.22412742674350739,0.21556471288204193,0.2342134714126587,888.7504760305691,,,,,,,
373,763904,162.60883142601588,143.3242790100124,353.8,14.1444991707626,0.4762692248074429,1.8433159901609537,-0.0019459514878690243,20.03942632675171,10.017767190933228,3.1198397874832153,0.9985360354185104,0.0322265625,0.004385275256936438,0.6236286759376526,0.5216760411858559,11.522554159164429,2.545629898435436,0.5941809874371041,0.22411400079727173,0.2154780626296997,0.2341674566268921,881.3666047108592,,,,,,,
374,765952,151.69311637154203,144.21003035768706,300.5,14.259948021548109,0.45301567963742395,1.8379585948660422,-0.0009140877518802881,4.286714673042297,2.142443299293518,3.1301640272140503,0.9992089569568634,0.0025634765625,0.0017187258781632408,0.8499753475189209,0.49774283170700073,4.075279474258423,2.5835263933840906,0.5846010288216119,0.22407764196395874,0.21541401743888855,0.23404841125011444,884.0339627586048,,,,,,,
375,768000,136.82925853982945,144.28799883408576,292.57142857142856,16.699742108555007,0.49814218272519234,1.9944776322851046,-0.0019181633833795786,5.54292368888855,2.769543707370758,3.086236000061035,1.0017874836921692,0.0186767578125,0.0004684746963903308,0.798691913485527,0.4254928007721901,3.4096673130989075,2.5751485768996645,0.6104236995744899,0.22402049601078033,0.21536791324615479,0.23388329148292542,831.0735683506422,,,,,,,
376,770048,197.18396602604335,148.10170476182847,393.2,13.678945897614456,0.45632872518308354,1.8103173100642125,-0.0027782663237303495,20.429494857788086,10.211969137191772,3.127822756767273,1.0015231370925903,0.01953125,0.0007051652064546943,0.5951016396284103,0.5524750426411629,8.260929822921753,2.5400507027225103,0.607033205699559,0.22397381067276,0.21532529592514038,0.23373982310295105,886.5367928842081,,,,,,,
377,772096,192.26637201735215,150.6272711554307,384.8,13.42688362166273,0.4502501205542977,1.7919617027874937,-0.001596940914168954,12.608880043029785,6.30284309387207,3.10634046792984,0.9965510368347168,0.021484375,0.005860036602825858,0.6808730512857437,0.3868243843317032,5.443508267402649,2.5073834597569657,0.5922880354912717,0.22404733300209045,0.21543146669864655,0.23373930156230927,887.9376952673377,,,,,,,
378,774144,154.17276001363157,151.33036751968066,318.0,14.519631233352733,0.4652777525480555,1.8571551620256102,-0.0036458796821534634,7.391613245010376,3.692160665988922,3.0855201482772827,0.9977377504110336,0.018310546875,0.004499925402342342,0.764817014336586,0.6437144055962563,6.22703218460083,2.5836799966346007,0.5945477075397246,0.22412699460983276,0.21561627089977264,0.23380807042121887,886.5538023720499,,,,,,,
379,776192,172.5014328342738,153.06050682778266,351.2,14.152394090785803,0.4849492033760441,1.8393654627651008,-0.0036668420652858913,6.052748680114746,3.022707521915436,3.099643349647522,0.9966621845960617,0.0592041015625,0.007914328278275207,0.7888885289430618,0.6623389273881912,5.386927485466003,2.568966093909694,0.5860839240231341,0.22420820593833923,0.21579691767692566,0.23394151031970978,889.9786047286985,,,,,,,
380,778240,143.03631109262156,153.34860682273617,337.6666666666667,17.10092197890235,0.541267631719516,2.0249094281774127,-0.004610276431776583,4.165588140487671,2.078183799982071,3.1114848852157593,0.9969478994607925,0.0623779296875,0.00781645548704546,0.8339966982603073,0.6498450338840485,8.215456008911133,2.5722871363250306,0.5933371476829962,0.22426825761795044,0.2158864289522171,0.23403868079185486,882.9295261596931,2.1000892839312773,5.02496326559179,1.4243189504084754,1.0818582381150443,0.0,1.0,0.0
381,780288,161.05050950349,154.1795427711464,383.8,20.456011441837667,0.5306483959548927,2.230079524539594,-0.0015438221744261682,18.951876163482666,9.474394083023071,3.121289551258087,1.001244843006134,0.04150390625,0.0022524450323544443,0.5925533324480057,0.5899266004562378,28.997891902923584,2.482748804046423,0.5970240723169632,0.2243189811706543,0.21590210497379303,0.23412811756134033,799.1136496710798,,,,,,,
382,782336,143.57017317239507,154.14468242531814,335.1666666666667,18.915834270095996,0.5333131904525791,2.135811255933226,-0.0031538032926619053,11.703674077987671,5.8486833572387695,3.1235864758491516,0.9980871677398682,0.02978515625,0.004703813916421495,0.7164767384529114,0.6699556410312653,19.251397132873535,2.484975658080657,0.5951682969089622,0.22433799505233765,0.21589048206806183,0.23419120907783508,884.6892639609778,,,,,,,
383,784384,188.60356675491244,157.2804486975675,447.75,18.58306053565535,0.5342292232578816,2.125166072539772,-0.0025331107317470014,12.491329908370972,6.243131875991821,3.116916835308075,0.9988911598920822,0.0458984375,0.005117755878018215,0.627638041973114,0.7361080497503281,9.878215551376343,2.5064449734054506,0.5929772395120517,0.22432303428649902,0.21590635180473328,0.23414574563503265,863.0560379064538,,,,,,,
384,786432,125.14010530441523,157.5420002035654,316.1666666666667,19.776454377304695,0.542466458783984,2.186655566624533,-0.004293898004107177,10.51697039604187,5.254191279411316,3.111334502696991,0.9990765750408173,0.046142578125,0.0048010746540967375,0.5624860227108002,0.7192370146512985,9.9538094997406,2.5437250730901724,0.5956635343586626,0.2243046760559082,0.215913325548172,0.23404787480831146,852.5412780836559,,,,,,,
385,788480,150.10491557362542,157.89966878861392,350.8,17.74397049260714,0.5264070302013735,2.06758317640475,-0.001289484789595008,6.940573215484619,3.4689971208572388,3.1091540455818176,0.9999833106994629,0.03466796875,0.0030610141839133576,0.7291133999824524,0.6547586172819138,11.298136711120605,2.539425658964319,0.5897435241385861,0.22432945668697357,0.21600355207920074,0.23396354913711548,867.2039075324554,,,,,,,
386,790528,139.34183807992918,157.71765644314303,324.6666666666667,18.530579081628733,0.516154198339412,2.112625910348085,-0.003138397354632616,6.3199485540390015,3.1568358540534973,3.114033341407776,1.0004256665706635,0.0062255859375,0.0007699061388848349,0.7406011074781418,0.6380858719348907,11.502655982971191,2.5310784928733483,0.5948419372090918,0.2243564873933792,0.21613730490207672,0.2338571846485138,851.9416373271555,,,,,,,
387,792576,159.0418174186478,159.62288683229346,378.8,17.875164027311907,0.5223215247878318,2.0786900144964537,-0.0016680281842127442,9.665261268615723,4.830962657928467,3.1276296973228455,1.0018969178199768,0.0225830078125,0.0004630407493095845,0.7021743506193161,0.5279385596513748,7.644546985626221,2.5385576281987596,0.5934747469654841,0.22437693178653717,0.2162044197320938,0.23379652202129364,762.5621861132234,,,,,,,
388,794624,150.51938280925182,156.90973494683726,364.2,18.058542970085256,0.52616736576817,2.08550492507141,-0.0017925077117979527,4.271632194519043,2.134023606777191,3.1098392605781555,0.9989210069179535,0.013427734375,0.002896741745644249,0.8118746727705002,0.3911589980125427,4.424118757247925,2.548697759368224,0.5906322475831752,0.22439594566822052,0.2163155972957611,0.23372770845890045,887.973239327318,,,,,,,
389,796672,136.77837885806196,155.19090155524339,334.1666666666667,20.106180740677246,0.5504867675711731,2.2016207810589643,-0.0013451799750328064,1.490257441997528,0.7437835335731506,3.0818800926208496,0.9984439015388489,0.0142822265625,0.003252586509916,0.9171384423971176,0.4997105374932289,2.392659306526184,2.568024489301024,0.583823887606074,0.22441838681697845,0.21650981903076172,0.23359620571136475,885.1367653275373,,,,,,,
390,798720,135.40682125793214,153.3788783053999,348.2,20.08640051506665,0.5521031196696536,2.207136022642193,-0.0026347478851675987,6.885379076004028,3.440054774284363,3.1183409690856934,1.0006773471832275,0.029541015625,0.0019291516073280945,0.7103914320468903,0.6159616261720657,11.349082469940186,2.5466551760036964,0.5847210371782843,0.2244858294725418,0.21671360731124878,0.23353451490402222,892.9916409259441,2.1093812508932874,5.02463227930548,1.5865392646386693,1.0177517252215884,0.0,1.0,0.0
391,800768,142.4591665807055,152.82921332242415,319.3333333333333,17.621968955210882,0.5047583736934764,2.0575132196599033,-0.0018290476873517036,2.8586978912353516,1.4275198876857758,3.101476311683655,0.9984920620918274,0.01904296875,0.003673604383948259,0.8969614952802658,0.413421206176281,3.1498087644577026,2.5944832931418205,0.6042121233314827,0.2245160937309265,0.2167493999004364,0.2334912121295929,889.8629106623815,,,,,,,
392,802816,125.27167518069255,151.05738039858846,301.8333333333333,18.092805380923746,0.5321917776432614,2.0858310715123802,-0.0026208326453343034,1.8223289549350739,0.9085436463356018,3.0919742584228516,0.9973894655704498,0.01904296875,0.004522073271800764,0.8952900320291519,0.5437818914651871,3.5877673625946045,2.5911736956622917,0.5946966987235827,0.22454553842544556,0.2168302685022354,0.23342598974704742,881.5625538528682,,,,,,,
393,804864,129.00502842561903,150.59400318613618,309.0,18.88105677408011,0.525414347051276,2.1326557038220177,-0.0029631793731823564,2.210326910018921,1.1022002696990967,3.1030901670455933,0.9984772652387619,0.052734375,0.005885345221031457,0.8839765340089798,0.608083613216877,5.345550894737244,2.610960810765391,0.6020067187734173,0.22458243370056152,0.21695604920387268,0.23337963223457336,801.624221248766,,,,,,,
394,806912,139.79061929143566,149.53925517333238,321.6666666666667,18.665087592081544,0.5073315052151566,2.121581644410129,-0.0033293329179286957,2.9960108399391174,1.4946760535240173,3.124758243560791,0.9996356964111328,0.079833984375,0.006473375789937563,0.8523516803979874,0.6374632492661476,3.281119644641876,2.626178852748126,0.593208858076296,0.22461149096488953,0.2170722931623459,0.23333720862865448,872.7880100939701,,,,,,,
395,808960,122.25322821733711,144.32202153957792,277.85714285714283,18.20034925768071,0.5107609606137629,2.0855979023641873,-0.0029308353550732136,1.0609689354896545,0.5275536403059959,3.122010588645935,0.9992843121290207,0.0509033203125,0.004720501019619405,0.9425154477357864,0.5556655675172806,3.441185474395752,2.6282086642313516,0.5891396980744155,0.22461473941802979,0.2171640247106552,0.23328588902950287,894.6773413945592,,,,,,,
396,811008,145.8262839161956,142.79645493899687,299.0,16.039219399661256,0.4731281333453879,1.9529969869025587,-0.001471092225983739,2.2451716661453247,1.1211147606372833,3.118710935115814,0.9995235204696655,0.0435791015625,0.003942763010854833,0.9118463695049286,0.44558127224445343,2.6682633757591248,2.6246488834149204,0.5953939440588673,0.22461088001728058,0.21721696853637695,0.2333100587129593,889.264234430495,,,,,,,
397,813056,132.16818187423175,141.0206434335359,297.3333333333333,16.946157495836644,0.5117816833212155,2.0103362927061745,-0.002318292041309178,2.4037068486213684,1.1995351314544678,3.0786664485931396,0.9986113756895065,0.03369140625,0.0044027571129845455,0.8620434254407883,0.5683683976531029,3.2825403809547424,2.6303566205169773,0.6023590566825564,0.2246294915676117,0.21731354296207428,0.2333579957485199,883.4492407608996,,,,,,,
398,815104,136.3921674858737,139.93942650876258,286.0,17.128311938111608,0.47842400757036463,2.0194927307161596,-0.001616174355149269,1.6324883699417114,0.814628005027771,3.100728690624237,1.0008698105812073,0.0107421875,0.0008119141857605428,0.9210593402385712,0.41947363317012787,3.43960964679718,2.6188478692492936,0.5877701386538112,0.2246118187904358,0.21748872101306915,0.2332775741815567,895.6740344935761,,,,,,,
399,817152,129.0321436006258,138.7254537209513,274.2857142857143,16.569373343054494,0.4687512668325514,1.9834777435820872,-0.0006678333738818765,2.1445176005363464,1.0715909898281097,3.127501428127289,0.999284952878952,0.02783203125,0.0032516795181436464,0.8985501974821091,0.3339836373925209,4.480122327804565,2.6176401174016064,0.5916197270394818,0.2246313989162445,0.21778443455696106,0.23317976295948029,866.2855512175832,,,,,,,
400,819200,146.43770064438698,136.94750234523843,290.57142857142856,16.495429393003988,0.4589179934501027,1.9774288395304889,-0.0026525462744757533,1.8977120220661163,0.9462034702301025,3.1124619841575623,0.9989058524370193,0.0113525390625,0.002710935616050847,0.9206922501325607,0.5255411267280579,2.9318913221359253,2.601181796155288,0.5918596136850816,0.224676251411438,0.21808214485645294,0.2331702560186386,846.7657976940097,1.9697512708560685,5.029255034819194,1.881404913276528,1.3933513591470135,0.0,1.0,0.0
401,821248,122.05006288348507,136.3579665993102,258.85714285714283,16.837643466728647,0.48790032826967217,1.9934070187642237,-0.0007411012193188071,1.9987991750240326,0.9986585080623627,3.100377857685089,1.0001397132873535,0.0145263671875,0.0016735895333113149,0.889990821480751,0.4201754182577133,3.012424647808075,2.6005654414911987,0.598784289634643,0.22464203834533691,0.21817688643932343,0.23308366537094116,890.5992484113198,,,,,,,
402,823296,138.30594260758298,136.55340717811873,279.85714285714283,15.49864455562799,0.4537889866355692,1.9105859095534647,-0.001798570854589343,1.9898989796638489,0.993150919675827,3.147114872932434,0.9988891929388046,0.0191650390625,0.0030894857045495883,0.9180667251348495,0.49263831228017807,2.8909814953804016,2.591306056943722,0.6119363238508126,0.22457388043403625,0.21811342239379883,0.23299181461334229,891.4381737893879,,,,,,,
403,825344,115.13415007691034,133.58331826448403,246.375,16.977202224499365,0.4761059751760224,1.9976796816199731,-0.0016100569628179073,1.3865474164485931,0.6916636526584625,3.0932006239891052,1.000465750694275,0.0054931640625,0.0005780995852546766,0.9407960176467896,0.32759130746126175,3.908665955066681,2.614824327043607,0.6010645487397172,0.22449634969234467,0.21800321340560913,0.23295480012893677,897.8217815116574,,,,,,,
404,827392,120.68636464947743,132.02911830544255,250.85714285714286,15.899438766533098,0.46442603077601735,1.9298469519544916,-0.00012702657841145992,1.5179248452186584,0.7588353902101517,3.09745991230011,0.9998733401298523,0.0020751953125,0.0008396012126468122,0.920796126127243,0.31833330541849136,1.3963808715343475,2.6181479765073163,0.6099724730676213,0.2244209349155426,0.218021959066391,0.23290959000587463,892.2246539252147,,,,,,,
405,829440,133.53422298320285,131.49041763732367,264.7142857142857,15.3053617671792,0.4583414026000865,1.894401305160082,-0.0019130050204694271,1.9477132260799408,0.9719436168670654,3.11854749917984,0.9999419003725052,0.0008544921875,0.000664007369778119,0.9019735008478165,0.5159368142485619,1.3354924321174622,2.6113841496116947,0.6048716657677685,0.22441568970680237,0.21812120079994202,0.2329404652118683,897.7399218602503,,,,,,,
406,831488,132.0049627201284,130.63858252321123,260.85714285714283,15.168558268149528,0.4495282035150494,1.8846216402818443,-0.0031665466958656907,0.8983854353427887,0.44602616876363754,3.0864152908325195,0.9988412111997604,0.0521240234375,0.005234098804066889,0.9522292762994766,0.5182476788759232,0.9981250017881393,2.6172490093886154,0.6010197638890807,0.22443342208862305,0.2182496190071106,0.2330177128314972,822.5522775878497,,,,,,,
407,833536,124.57759364001973,130.51970495051486,249.125,16.188311300939635,0.4485555911843966,1.9471176336527691,-0.0015261436346918344,1.4482065439224243,0.7225771397352219,3.0685969591140747,1.0005170404911041,0.015869140625,0.0014860670926282182,0.9307126551866531,0.34925589710474014,2.948932707309723,2.617963281518314,0.5993299487647648,0.22438664734363556,0.21833637356758118,0.2330465167760849,895.5830675729745,,,,,,,
408,835584,113.14482149953787,128.76598233294624,245.875,16.8712517224338,0.48225807351769734,1.9920145891115817,-0.00029002223163843155,2.088332951068878,1.0438764542341232,3.0904151797294617,1.000633329153061,0.001953125,0.00028495049627963454,0.9003814458847046,0.29289306700229645,5.412883520126343,2.622979732157546,0.5939300727807766,0.22427378594875336,0.21828719973564148,0.23307733237743378,894.0259698738578,,,,,,,
409,837632,117.05855849672707,128.36392757471467,240.5,15.99598220308729,0.4566039712722212,1.9339402145858715,-0.0015751690370962024,1.0651944875717163,0.5310220718383789,3.0900519490242004,0.9995620995759964,0.0010986328125,0.0012864854070357978,0.9372887164354324,0.37747884541749954,2.4932550191879272,2.627846831412171,0.6008164076849468,0.224136084318161,0.21813003718852997,0.2330654114484787,897.2252882569009,,,,,,,
410,839680,135.3917745621772,127.99635209462576,274.7142857142857,15.376896012726048,0.4479432445148449,1.898900435784773,-0.0011470041936263442,2.8163881301879883,1.407047063112259,3.089060127735138,0.998295396566391,0.009765625,0.003273884445661679,0.8787170052528381,0.4567892774939537,4.80709969997406,2.6127098034048686,0.6083972281056481,0.22406822443008423,0.21795779466629028,0.2331315129995346,897.9170665729138,1.9278834608924842,5.0298772922123245,1.9849463476000992,1.213260678993769,0.0,1.0,0.0
411,841728,120.548389475452,126.90376244712938,250.5,16.461431033131543,0.46941382059661596,1.965933135260261,1.695309765636921e-05,1.0768585205078125,0.5384462177753448,3.096642315387726,0.9993651956319809,0.0028076171875,0.0015005832392489538,0.938752755522728,0.3897755742073059,1.939024269580841,2.6003136215294944,0.6076093509171109,0.2240157276391983,0.21781936287879944,0.23330505192279816,882.963045663996,,,,,,,
412,843776,123.29480592638049,126.01538552265082,249.875,16.251066344493772,0.45619527034565954,1.95180828026238,-0.0014742049388587475,0.9223654121160507,0.4597085043787956,3.0627744793891907,1.0002316236495972,0.0023193359375,0.0007924794481368735,0.948706716299057,0.4421479180455208,1.723094254732132,2.6001203921769047,0.6091499085589609,0.22395198047161102,0.2176363319158554,0.23351307213306427,835.4230048111942,,,,,,,
413,845824,133.90485241609005,124.97463752660089,262.85714285714283,14.461547424902255,0.4284249114435904,1.8401421929577972,-0.0016253176145255566,1.5236361026763916,0.7601927518844604,3.0871607661247253,1.0000224560499191,0.0093994140625,0.0016402389883296564,0.9270606189966202,0.5650358647108078,1.7022270858287811,2.5799549307121197,0.6022958043128519,0.22391760349273682,0.2174523025751114,0.23371346294879913,891.1936301087443,,,,,,,
414,847872,125.56376672775518,125.60343636139238,266.2857142857143,16.149674883284348,0.48815248309904524,1.9491057390856472,-0.0009424011805094779,2.047232747077942,1.0226739794015884,3.089590549468994,0.9979619085788727,0.00927734375,0.003861779798171483,0.8816520124673843,0.3207998499274254,3.110917568206787,2.575593492030748,0.5974756997152757,0.22387456893920898,0.21717038750648499,0.2338375747203827,893.9844820902781,,,,,,,
415,849920,139.34761402116715,125.89883175207984,282.0,15.208940103980193,0.4564845070690347,1.8877480257010477,-0.0020744187058880925,2.1409658789634705,1.0684085339307785,3.0942957401275635,1.0000568330287933,0.0029296875,0.0009594267758075148,0.9073375761508942,0.47670305520296097,4.769410848617554,2.547541977794026,0.6104618858235409,0.22381506860256195,0.21688392758369446,0.23387044668197632,903.7146557248878,,,,,,,
416,851968,132.134558071262,126.12563898482207,265.2857142857143,14.727940911619093,0.4411832659222462,1.8590817625219704,-0.002278129803016782,1.8922865390777588,0.9438651353120804,3.0828187465667725,0.998179093003273,0.010009765625,0.0035642890725284815,0.9115076065063477,0.42010173201560974,2.3416179418563843,2.5459144491760526,0.5996073596444077,0.2238471806049347,0.21667203307151794,0.23399144411087036,889.7706960581484,,,,,,,
417,854016,125.90059619277086,126.35389248748325,254.71428571428572,15.184665897998784,0.4497451977199941,1.885796559811472,-0.002676907693967223,1.2172559797763824,0.6059510707855225,3.0999709963798523,1.0003159642219543,0.031005859375,0.0026400099450256675,0.9401835054159164,0.4666670486330986,1.684992492198944,2.551517508152756,0.6075062794445967,0.22393691539764404,0.2165161669254303,0.2342730015516281,898.9144734275975,,,,,,,
418,856064,127.3830832879167,126.51138885413903,252.0,14.722170581837396,0.4346833151342985,1.854055879727824,-0.00163525459356606,1.209652602672577,0.6031910479068756,3.109282970428467,0.9998824149370193,0.0228271484375,0.002623066015075892,0.9444673955440521,0.38188880681991577,1.6425357162952423,2.546387196998694,0.6015608883788236,0.2239336520433426,0.2163410633802414,0.23440521955490112,863.3794176595927,,,,,,,
419,858112,128.92971285920592,125.96296285678525,258.14285714285717,16.109219765951753,0.46511021511880307,1.9418762673462482,-0.0011695744469761848,0.7090967893600464,0.3533788174390793,3.1043118834495544,0.9993562549352646,0.01220703125,0.0024059697607299313,0.9606504440307617,0.42733095586299896,1.7565666735172272,2.550215467446833,0.6106487085272945,0.22385713458061218,0.2161838561296463,0.23433853685855865,810.3163261152332,,,,,,,
420,860160,110.44434932756059,125.54001158692263,232.25,15.590338407792046,0.4584433987008961,1.906777318093716,-0.0012652329169213772,0.9837730824947357,0.49062131345272064,3.0945016741752625,0.9995289295911789,0.017578125,0.002714622867642902,0.9409393072128296,0.33768171817064285,2.507070243358612,2.5495598827983486,0.5956315697178011,0.2237645387649536,0.21612566709518433,0.23415735363960266,890.1801237480363,1.945487642003095,5.048603507042734,2.232735685031078,1.1786424774764512,0.0,1.0,0.0
421,862208,110.31456117523564,124.84744191724842,228.375,15.450646271197792,0.45770482258320183,1.8950497399282413,-0.001141423941589892,0.634318470954895,0.3160178139805794,3.093739330768585,0.9998085051774979,0.00048828125,0.0007832228002371266,0.9602689296007156,0.503236748278141,1.249776378273964,2.5419251999264816,0.6089127896971911,0.2237357199192047,0.21605776250362396,0.23399974405765533,898.1940450904532,,,,,,,
422,864256,103.62739574678446,123.67665121712815,220.11111111111111,16.68230176900171,0.47044414208992635,1.9680380768980357,-0.0011901023681275547,0.6867546886205673,0.3421872481703758,3.080737829208374,0.9990754872560501,0.0201416015625,0.0030433105712290853,0.9444038271903992,0.39982249587774277,1.2455028891563416,2.553411151297041,0.607210234453044,0.22367645800113678,0.21586252748966217,0.23394504189491272,898.5055658819169,,,,,,,
423,866304,131.10894290575416,123.75060266678418,251.125,15.137003165000962,0.43110970200802035,1.877130192337837,-0.0008379326900467277,0.8281747549772263,0.4132494479417801,3.1014528274536133,1.000164270401001,0.0074462890625,0.0012537814327515662,0.9554134756326675,0.3775455802679062,1.0836071521043777,2.507471836186596,0.6070070480955454,0.22362475097179413,0.21571104228496552,0.23396751284599304,895.6138793618849,,,,,,,
424,868352,118.55777530403799,122.9907497872772,241.25,15.498929478770417,0.4527729730654636,1.902238367426082,-0.0018288542050868273,0.3844417929649353,0.19039203971624374,3.0775762796401978,0.9988611489534378,0.0052490234375,0.0025474197464063764,0.9745617061853409,0.36098983883857727,0.7217618003487587,2.518540232835221,0.6001768720366754,0.22359603643417358,0.21552659571170807,0.23414456844329834,891.704284554539,,,,,,,
425,870400,107.68783221459441,121.83270568328219,226.77777777777777,17.309386052085408,0.47950197760812696,2.010853111660862,-0.0028704675496555865,0.4746014326810837,0.2344302497804165,3.0648955702781677,1.000393569469452,0.0372314453125,0.002895254161558114,0.9638268351554871,0.4653964787721634,0.9716499298810959,2.523034714657115,0.607249017164368,0.22355957329273224,0.21530131995677948,0.23431070148944855,842.7381581285467,,,,,,,
426,872448,133.9283424601286,121.9148413915469,254.625,15.43025539758261,0.4327444288065745,1.8975620264300457,-0.0016388079384341836,0.9475272297859192,0.4721248149871826,3.107914984226227,1.0006542801856995,0.031005859375,0.0023665165790589526,0.9560414254665375,0.2866039201617241,2.4945425987243652,2.5070497549895663,0.6092291400662035,0.22352007031440735,0.21510547399520874,0.23442450165748596,897.0088555994603,,,,,,,
427,874496,114.76451172658992,121.07622099687707,238.375,15.993446615822211,0.4590369860933777,1.9318108141985886,-0.0013519946951419115,0.502074345946312,0.24968517571687698,3.1108699440956116,1.0007918179035187,0.0078125,0.00044138396333437413,0.9633499830961227,0.40480054169893265,0.8487281203269958,2.520046341844136,0.6091780509783858,0.2234843373298645,0.21501225233078003,0.2345222383737564,895.5336255659612,,,,,,,
428,876544,129.23242578152198,120.1691450485781,262.0,14.936336422847642,0.45636789797896427,1.8713422010689251,-0.0024889434571377933,1.2350634336471558,0.6150427609682083,3.0651620030403137,1.0004964172840118,0.01513671875,0.001249617969733663,0.9370076060295105,0.3649025410413742,2.7556017637252808,2.4913157939881785,0.6094088583571471,0.22340261936187744,0.2149445116519928,0.23446491360664368,888.2741283981619,,,,,,,
429,878592,138.7958533351348,120.37488973104415,279.42857142857144,14.94546506836392,0.45039176747560505,1.8720975303644096,-0.001717693405225873,1.3541723489761353,0.6753684729337692,3.077460289001465,0.9988849759101868,0.0067138671875,0.002632247022120282,0.9325708150863647,0.43395381420850754,2.9646524786949158,2.4864294267608784,0.6141987796327483,0.22332662343978882,0.21484914422035217,0.23436643183231354,879.004034521473,,,,,,,
430,880640,121.53760013949415,120.50738178040221,253.0,16.616344199185388,0.47489942954823716,1.9761995743910028,-0.0021950684022158384,0.5376059114933014,0.2666078880429268,3.0762036442756653,0.9995780438184738,0.01513671875,0.0024238273908849806,0.9661860913038254,0.5166492313146591,1.2022760063409805,2.472873242906644,0.6094999386866651,0.2232482135295868,0.21463418006896973,0.23430772125720978,895.8206072210776,1.9604323953005864,5.021029316181981,2.043147172389915,1.0297615051931206,0.0,1.0,0.0
431,882688,123.94219056541543,119.88465009957729,265.42857142857144,15.893520336826938,0.48217450660970573,1.9360707185780037,-0.00048130634240806103,1.3371053040027618,0.6680713444948196,3.0640246868133545,1.0004902184009552,0.012939453125,0.0012990270188311115,0.9249329566955566,0.3664788529276848,2.67440664768219,2.4457152613904327,0.5967354495105448,0.22315099835395813,0.21442249417304993,0.23416809737682343,832.6404305396937,,,,,,,
432,884736,158.74846058672105,122.31630438910288,313.1666666666667,13.994193549929477,0.4368072003370427,1.818091228815519,-0.001950842037331313,2.2200291752815247,1.1080637574195862,3.1018607020378113,1.0001568794250488,0.02880859375,0.002578904604888521,0.9103065878152847,0.46832097321748734,3.9962247014045715,2.418448038806673,0.594976317100826,0.22304336726665497,0.21431079506874084,0.23386751115322113,868.7784085498499,,,,,,,
433,886784,115.64480044161635,122.62002005838269,247.875,16.67995301111079,0.4790964089491901,1.9773635623800632,-0.0019936596509069204,0.8029999732971191,0.3995063304901123,3.0825083255767822,0.9993116110563278,0.0091552734375,0.0024038656119955704,0.9543258398771286,0.3991497755050659,1.9829541742801666,2.469529835638241,0.5899877759462123,0.2229524850845337,0.21442991495132446,0.23355735838413239,888.9714166116686,,,,,,,
434,888832,147.27900307107578,124.61363214372648,293.0,14.097060628451644,0.46086040435448505,1.8191769732009053,6.826536264270544e-05,1.752089411020279,0.8761129677295685,3.112878203392029,1.0010061264038086,0.0029296875,6.522116018459201e-05,0.9191734790802002,0.2840501219034195,2.342570126056671,2.4435100120463176,0.5991248657094079,0.2229366898536682,0.21454398334026337,0.23343372344970703,892.166474633128,,,,,,,
435,890880,127.4656766169852,126.55380978127428,255.5,16.328248627019843,0.4611999622767785,1.9561573944596988,-0.0010647531598806381,1.0863541662693024,0.5421123206615448,3.0722468495368958,1.0006760358810425,0.0,-0.00029152087518014014,0.962614431977272,0.31788840889930725,3.693396508693695,2.4637914718769025,0.6041529725238289,0.22291915118694305,0.2145933210849762,0.23340946435928345,883.0752713084811,,,,,,,
436,892928,121.69970303201168,126.15717150008032,255.0,17.040134187614406,0.48179354350378223,2.007286735851378,-0.002509584417566657,0.9032741338014603,0.4491274878382683,3.1123238801956177,1.0008995234966278,0.0050048828125,0.0003319759271107614,0.9501174539327621,0.5249013751745224,1.913207471370697,2.445919064208283,0.5983069920247956,0.22288993000984192,0.21469222009181976,0.23336435854434967,889.5262325048358,,,,,,,
437,894976,148.87008883833315,128.14048123221443,284.0,14.566835021368366,0.4293642225450911,1.8501093286726498,-0.0017608904745429754,2.192520022392273,1.0944990813732147,3.07206392288208,0.9978446364402771,0.02587890625,0.0049182151997229084,0.9223033636808395,0.361385315656662,3.158283531665802,2.452779774888768,0.601410271157025,0.22292770445346832,0.21480107307434082,0.23342053592205048,867.0929616601408,,,,,,,
438,897024,136.66654229276517,130.33380284049076,279.2857142857143,15.447385159651287,0.45528563060728044,1.9102928985819223,-0.0028820409206673503,1.5596433281898499,0.7769396156072617,3.088397979736328,0.9976395517587662,0.036376953125,0.005562528545851819,0.9208110719919205,0.4904518648982048,1.4677989780902863,2.4450729865784524,0.5990130621389547,0.22300425171852112,0.2149486243724823,0.2334950864315033,863.119973072296,,,,,,,
439,899072,139.3762623694325,131.33101651997129,298.8333333333333,15.417487155710578,0.4792838882375509,1.920948205912072,-0.0006660232320427895,1.5332641899585724,0.7659660577774048,3.077485203742981,1.0002164542675018,0.000732421875,0.0006469836953328922,0.9302125871181488,0.3262621760368347,3.414900779724121,2.3948076799570117,0.5998366248010567,0.22307543456554413,0.21510477364063263,0.23350025713443756,895.2380394592356,,,,,,,
440,901120,148.48113442901433,132.57985150284884,305.1666666666667,16.499046703337047,0.48393434634064497,1.9830344098504475,-0.003191340481862426,2.2046345472335815,1.0991259217262268,3.1054551005363464,0.9963987469673157,0.0369873046875,0.00666115440253634,0.9063570499420166,0.531304843723774,2.5472331643104553,2.408386082184734,0.6008023673917126,0.2231353521347046,0.21523267030715942,0.23351892828941345,888.0293520205519,1.9437776201489672,5.031485906020521,1.7252817626454182,0.8139340177873273,0.0,1.0,0.0
441,903168,165.61848369720747,135.29650241559185,336.6666666666667,15.212625654077694,0.4729049105469135,1.904886006148734,-0.0007615453796461225,2.7834197282791138,1.3909482955932617,3.0684831738471985,0.9994102120399475,0.0238037109375,0.002841115157934837,0.8939184546470642,0.3422107994556427,2.8746098279953003,2.4286551344266627,0.598753076939146,0.22315184772014618,0.21534110605716705,0.23353365063667297,886.7054640464546,,,,,,,
442,905216,150.7527926524052,137.35509514026188,305.0,14.511890179608649,0.4551598184278786,1.857231814733529,-0.002094459254294634,1.6132062375545502,0.8045086562633514,3.0940431356430054,1.000993549823761,0.00390625,-8.540009730495512e-06,0.9366973042488098,0.44621169567108154,2.4520941376686096,2.454584629580495,0.5998057108481181,0.22312577068805695,0.21540799736976624,0.2335430234670639,890.6524518723651,,,,,,,
443,907264,201.07077594355147,140.65433272689904,374.0,13.247338036169998,0.42182239868246524,1.7802889343318193,-0.0019291768549010158,8.11694073677063,4.05654114484787,3.080519199371338,0.9997087866067886,0.0211181640625,0.0026027653366327286,0.8415942341089249,0.4037962406873703,9.109740495681763,2.4269196222594474,0.6042114496897917,0.2231137454509735,0.2155405730009079,0.23359636962413788,886.7534184671914,,,,,,,
444,909312,167.41602827554465,142.1841947475044,358.6,13.68443780800758,0.4603119323772342,1.8074163055051307,-0.002043504733592272,4.800701141357422,2.3983070850372314,3.0704861283302307,0.9989100843667984,0.0098876953125,0.00269536190899089,0.8349036425352097,0.37804972380399704,3.6004438996315002,2.448178866368835,0.6013178818242099,0.22310379147529602,0.21578222513198853,0.23359709978103638,813.380718727282,,,,,,,
445,911360,181.94256858526649,144.10342381800473,380.25,14.393411373891812,0.5140000921756345,1.8561220968309602,-0.002629681956022978,6.66886579990387,3.331803262233734,3.0885555744171143,0.9993965327739716,0.0118408203125,0.002424696722300723,0.8000525832176208,0.523221842944622,5.909384608268738,2.4585230630327715,0.5936047320289431,0.2230534553527832,0.21597491204738617,0.2335045486688614,882.625227484581,,,,,,,
446,913408,172.23783634031483,146.77763490573759,334.0,13.067352115527797,0.4546481054146625,1.765821720073517,-0.0013847233494743705,5.222594976425171,2.6099127531051636,3.094473361968994,0.9999750852584839,0.00830078125,0.001544757789815776,0.8252517282962799,0.2973349690437317,4.318897604942322,2.47271355461271,0.6013347751773602,0.22298075258731842,0.21609976887702942,0.23341986536979675,898.3591544173543,,,,,,,
447,915456,165.6477364228737,149.09235976919604,325.6666666666667,14.669117372631483,0.44347413528846086,1.8725299685145806,-0.001935555599629879,3.5591487884521484,1.7776388227939606,3.1048901081085205,0.9986816942691803,0.0194091796875,0.003436567887547426,0.9254577457904816,0.4575803726911545,6.5348060131073,2.484048806683859,0.599155792309776,0.22294065356254578,0.21617478132247925,0.23333537578582764,895.5355745246651,,,,,,,
448,917504,202.44573002232724,151.86493639785283,366.8,12.306315216848212,0.4118829379606685,1.710868744689171,-0.0017906230641528964,5.781872391700745,2.889145612716675,3.0775996446609497,0.9977783113718033,0.0269775390625,0.004983987659215927,0.884218841791153,0.35407981276512146,7.391218066215515,2.4880309302097885,0.5990495226739766,0.2229074239730835,0.2161349207162857,0.23334455490112305,894.096310700361,,,,,,,
449,919552,157.5024286065174,152.92782699312858,329.0,14.87757921093413,0.5086662124291697,1.888839494660948,-0.002841246547177434,4.125585556030273,2.0599515438079834,3.059904932975769,0.9997815787792206,0.0302734375,0.003038423921680078,0.865786224603653,0.46390704065561295,3.222220480442047,2.5005696201551473,0.5972645307732855,0.22290682792663574,0.21616336703300476,0.2334183305501938,886.8753988108,,,,,,,
450,921600,230.42675279498846,157.46754182086408,423.25,13.502150610047805,0.44626589965589303,1.80361733959085,-0.0007767567876726389,22.66490602493286,11.331676244735718,3.0831639766693115,1.000919133424759,0.0084228515625,0.0005777578917331994,0.6443690806627274,0.6815164685249329,9.90728497505188,2.4993163400358753,0.5991334707788796,0.22289195656776428,0.2162877917289734,0.23340412974357605,819.1333789006012,1.7627102649743525,5.023562929707337,1.3487891085856076,0.8368787697495755,0.0,1.0,0.0
451,923648,197.4600567552903,160.31735839299068,388.6,13.23921262091647,0.4477898367524361,1.7774709754641858,-0.0010097755293827504,8.124876499176025,4.061428427696228,3.091828405857086,1.000204622745514,0.0068359375,0.001161774096544832,0.7867922633886337,0.2849404141306877,4.324576735496521,2.520661318252678,0.6049721797011763,0.22289183735847473,0.2163742631673813,0.23347197473049164,895.8866925070016,,,,,,,
452,925696,179.9997837600364,162.3784467897968,427.0,19.603741982279207,0.5189006056257274,2.180140669153155,-0.0021081672748550773,7.1943678855896,3.595075786113739,3.069404423236847,0.9990082085132599,0.0087890625,0.002541629335610196,0.7947341799736023,0.45687203854322433,5.415009021759033,2.523247021192219,0.6056150601266272,0.22290408611297607,0.2164335399866104,0.23362232744693756,879.6539382311936,,,,,,,
453,927744,196.44625077366135,165.64869105671923,431.25,14.135332309285927,0.4823230754087541,1.847011857415798,-0.000951333437114954,15.782546758651733,7.8903220891952515,3.071267008781433,0.9999722242355347,0.009033203125,0.0014328686229418963,0.6698670536279678,0.3645040765404701,9.66976523399353,2.5118129104957916,0.6046966082846156,0.22288250923156738,0.2164849191904068,0.23370003700256348,897.3192366127251,,,,,,,
454,929792,212.79907415829194,169.88860520959273,390.4,13.03075096840712,0.41153951644095177,1.7657470197652143,-0.0012828349135816097,6.828172206878662,3.4128032326698303,3.094031512737274,0.9994919896125793,0.004150390625,0.001453094373573549,0.8430275321006775,0.45013461261987686,4.794735789299011,2.5178771904174937,0.5988654619621677,0.2228032350540161,0.2165168821811676,0.23366636037826538,893.1419899544135,,,,,,,
455,931840,163.9557539666778,171.47714719341676,391.2,18.64591705234111,0.5331506396250072,2.1285643201027558,-0.0016292609507218003,9.31882119178772,4.657781362533569,3.0867615342140198,0.9981284141540527,0.05908203125,0.006736206079949625,0.7501564919948578,0.5101913958787918,15.10447096824646,2.5395037176058395,0.5933861754429263,0.22274644672870636,0.21638979017734528,0.2336129993200302,889.2437260834427,,,,,,,
456,933888,166.6651569257033,172.05614925130536,374.0,15.572936201701525,0.49912613147945073,1.9374631999845249,-0.0016372010577470064,4.538513660430908,2.2676196694374084,3.090610086917877,1.0005531907081604,0.007568359375,0.0008783371013123542,0.8309986442327499,0.5150955244898796,5.326976180076599,2.52431656535191,0.604281012588871,0.22275574505329132,0.21635942161083221,0.23365360498428345,829.1244699996056,,,,,,,
457,935936,163.17651564081004,173.95883126292807,388.0,19.15270201573842,0.5307784766692039,2.1562144947063553,-0.0014366491814143956,4.866989374160767,2.432058036327362,3.069441080093384,1.0016106367111206,0.054443359375,0.0029540311079472303,0.8242833912372589,0.5017526373267174,7.341678500175476,2.5319797424745047,0.6094380002502957,0.22276706993579865,0.21638619899749756,0.23364800214767456,872.0639390272091,,,,,,,
458,937984,167.36036384335756,175.04889372369237,385.8,17.402664194336985,0.512017116418936,2.054691482519663,-0.001717282459139824,6.903419733047485,3.449992597103119,3.058658540248871,0.9994009435176849,0.0133056640625,0.0023463742836611345,0.7942240983247757,0.43245651572942734,10.48875641822815,2.5199740847892826,0.6065154324024367,0.2227197140455246,0.21645431220531464,0.23349787294864655,876.2996021567137,,,,,,,
459,940032,184.24002918828947,176.34153378374555,440.75,17.612131159809316,0.4988574383493735,2.072654913468188,-0.00235637032892555,14.570980072021484,7.283133625984192,3.1023032665252686,0.9986719936132431,0.0311279296875,0.0042521347786532715,0.7050000727176666,0.5949580520391464,9.476976871490479,2.536914509939379,0.6027422967757006,0.22264908254146576,0.21646316349506378,0.23329198360443115,885.6102494306181,,,,,,,
460,942080,164.5678081669371,177.65099506322483,380.6,16.494445899972913,0.5159926655806094,1.9976058955088045,-0.0013043752405792475,3.430507481098175,1.7139493525028229,3.078503966331482,0.9985345304012299,0.0125732421875,0.0032584003638476133,0.871143713593483,0.35150764137506485,3.327245771884918,2.530337256452185,0.6027732350270574,0.2225341498851776,0.21637815237045288,0.23318594694137573,893.4630797662583,2.043821142234479,5.014847373789289,1.3596281667338614,0.9063312180420885,0.0,1.0,0.0
461,944128,170.91402636458642,178.09229726658353,367.4,15.30322547425603,0.4648759306765868,1.9216423536582161,-0.0017226767959073186,6.522973299026489,3.2597639560699463,3.079525053501129,0.9987482726573944,0.0050048828125,0.0023941155814100057,0.8068511784076691,0.6102004498243332,3.691288650035858,2.5205130492831813,0.6013781868274956,0.22248244285583496,0.21636883914470673,0.2331792563199997,892.7811372029922,,,,,,,
462,946176,147.173886882925,177.4359909106339,345.4,16.382944879533355,0.49128051876745754,1.9903536864322313,-0.002095530740916729,6.251607656478882,3.1237083077430725,3.0605822801589966,1.0003166794776917,0.029052734375,0.002645536689669825,0.839604914188385,0.4793417602777481,4.7116512060165405,2.5365420644084224,0.603476170414702,0.22243241965770721,0.21641016006469727,0.23313282430171967,831.2649687836328,,,,,,,
463,948224,178.18496073367174,178.72575011345074,424.5,19.02204200672342,0.5418483503206049,2.1556847298472905,-0.000707158469595015,4.653363943099976,2.3259748220443726,3.079914689064026,1.0002508163452148,0.0135498046875,0.0012882233713753521,0.8327597677707672,0.3807396814227104,8.121881365776062,2.5578683398780413,0.593679134894676,0.222291499376297,0.21635104715824127,0.232977494597435,897.1036785674713,,,,,,,
464,950272,177.09173214949888,177.5267979237481,403.0,17.53410265525074,0.5279895878221837,2.0628723379737437,-0.0024751111632212996,6.199581623077393,3.0973156690597534,3.0833698511123657,1.0000514686107635,0.019287109375,0.001955974250449799,0.7916895300149918,0.352202583104372,5.729378819465637,2.5432429236680036,0.5882338604528401,0.2221568077802658,0.2162528783082962,0.2327747941017151,896.2473915574386,,,,,,,
465,952320,177.07351928292405,178.00967247411708,404.0,18.396409739339447,0.5304453985782791,2.1152062586026017,-0.0020687871146947145,4.082542419433594,2.0392024517059326,3.0846092104911804,0.9987275898456573,0.025146484375,0.003790600210777484,0.8492114841938019,0.47585438936948776,2.474889099597931,2.5321712808217853,0.5946910830019452,0.22213372588157654,0.21632879972457886,0.2326434850692749,895.5917071266093,,,,,,,
466,954368,160.56042324972344,177.12202870163674,364.2,16.12114019894299,0.5088084480084062,1.9764500077456293,-0.002590798423625529,2.5339494943618774,1.2643839716911316,3.0521114468574524,0.9987935423851013,0.0269775390625,0.003759389801416546,0.900141641497612,0.5489026978611946,3.513911485671997,2.512062512061675,0.5923032552407368,0.2221582531929016,0.21643730998039246,0.23267249763011932,898.077013072897,,,,,,,
467,956416,179.44650179776076,177.25607732259542,395.6,17.09464272196436,0.5053882410311761,2.0384821268782756,-0.0013231807388365269,4.88882851600647,2.443091034889221,3.060522735118866,0.999108076095581,0.048828125,0.004910547591862269,0.8322635442018509,0.37513402104377747,2.6166765093803406,2.5129116698517464,0.5962297865628632,0.2221662849187851,0.21651938557624817,0.23277194797992706,896.778686273173,,,,,,,
468,958464,180.01845797988483,178.29763978988964,421.25,19.022938521079446,0.5492039314594476,2.1559076481297765,-0.0005824139807373285,4.945722222328186,2.472278654575348,3.0441335439682007,0.9998975545167923,0.0010986328125,0.0007892013527452946,0.8389518409967422,0.5705588161945343,8.274109363555908,2.5438618651241995,0.591323692723102,0.22219941020011902,0.2166408896446228,0.2328815460205078,897.1471352777642,,,,,,,
469,960512,205.59922216930164,178.71329894040767,499.75,21.34207935953819,0.5557738588479176,2.289709720698494,-0.002640221966430545,4.788316249847412,2.39151793718338,3.063646376132965,0.9988191723823547,0.037841796875,0.004505989927565679,0.8601824194192886,0.42925266921520233,3.7695791721343994,2.5505731151642976,0.5929151323625135,0.22227972745895386,0.21677787601947784,0.23299753665924072,828.1563934677348,,,,,,,
470,962560,190.20250925060185,178.289590965557,444.25,19.12271470268636,0.5535835850453168,2.1625010021630806,-0.0017588326591067016,4.112592339515686,2.054537385702133,3.086107313632965,0.9987897127866745,0.05029296875,0.0052978607709519565,0.8547079414129257,0.4569949209690094,5.093203783035278,2.5575182275351835,0.5848001329213521,0.22230756282806396,0.21682415902614594,0.2331053912639618,886.535376413389,2.190105288250673,5.015574167037952,1.1113524908509107,0.404137713763316,0.0,1.0,0.0
471,964608,162.8301804017947,179.63837741613952,392.6,20.37113760039904,0.5424366984734716,2.2318299318996253,-0.001201852224767208,3.358973801136017,1.6782850623130798,3.0814844965934753,0.9991113841533661,0.019775390625,0.002833770282450132,0.8700110912322998,0.47734298557043076,5.580613017082214,2.5615090383653296,0.5932464403854697,0.22226522862911224,0.21675334870815277,0.23309041559696198,892.5775878034349,,,,,,,
472,966656,158.84390237471598,174.52153462728714,387.5,17.877185767526118,0.5292111085948229,2.090045728126104,-0.0016082129441201687,7.103329062461853,3.5500563383102417,3.044640362262726,0.9993423074483871,0.005126953125,0.001653535829973407,0.8113293349742889,0.5902536511421204,5.146982789039612,2.5394204543408705,0.5868333967897456,0.22216075658798218,0.2166542410850525,0.23298706114292145,892.0345849711579,,,,,,,
473,968704,162.1007409677726,174.68042821024142,400.75,18.324424992646748,0.5526862551445486,2.11630733684128,-0.0031729283509775996,3.549864947795868,1.7717595398426056,3.082676351070404,1.0021213591098785,0.02294921875,0.00010401851614005864,0.8737744688987732,0.6235278397798538,3.177658975124359,2.5522486874542665,0.5937773843738707,0.2221028357744217,0.21663519740104675,0.23291395604610443,891.4782524772701,,,,,,,
474,970752,179.77673161443772,174.5529287306454,438.25,19.99354919331672,0.5710086254050323,2.2121839904853955,-0.0032513363985344768,3.4861905574798584,1.7398439943790436,3.067050576210022,1.000110000371933,0.04443359375,0.0034288864117115736,0.8737481087446213,0.5083460956811905,3.9214560985565186,2.507032093810267,0.5922479832152167,0.2220679074525833,0.21659961342811584,0.2328030914068222,871.0338591783617,,,,,,,
475,972800,199.89399666604265,173.67674439800652,476.25,17.750017271377807,0.5244474387278935,2.0844287449469703,-0.002633963362313807,7.367086887359619,3.6809094548225403,3.076211392879486,0.9979110211133957,0.0382080078125,0.005449186981422827,0.8327304124832153,0.567311517894268,8.407138586044312,2.5231511370802764,0.5872608871491655,0.22205162048339844,0.21656353771686554,0.2327050268650055,809.08865979185,,,,,,,
476,974848,204.04597779557992,173.8348129728236,516.3333333333334,20.07933398224889,0.5753745903044677,2.22150040401294,-0.001533315284177661,6.167846918106079,3.0823901295661926,3.0723191499710083,0.9985174685716629,0.033935546875,0.004692011163569987,0.8267949223518372,0.3877103477716446,6.559335350990295,2.52499751803407,0.5876444692768871,0.2220073938369751,0.21649688482284546,0.23264160752296448,890.3977567728995,,,,,,,
477,976896,238.83355350365332,176.55455148870405,510.0,17.55609453413904,0.5183917231107932,2.0721540110511105,-0.0019245147705078125,13.35018277168274,6.673166871070862,3.0787739753723145,1.0011292695999146,0.03662109375,0.0020575794187607244,0.7704698443412781,0.43576834350824356,7.424786448478699,2.553385645020171,0.5936660606880689,0.22193267941474915,0.21644598245620728,0.23245100677013397,887.5892875130008,,,,,,,
478,978944,175.99389378289274,176.08172088090893,452.75,19.84924721104889,0.5439178779009743,2.205858067534897,-0.001734604244120419,6.46977424621582,3.2331525087356567,3.0824211835861206,1.0011245906352997,0.022705078125,0.0011457253713160753,0.838959276676178,0.39573193341493607,6.038853168487549,2.5193814082886092,0.6094644317008928,0.22182945907115936,0.21637268364429474,0.23212915658950806,895.3195961090194,,,,,,,
479,980992,239.56658326643324,178.26910459197063,562.3333333333334,15.045516438060512,0.5176068896574453,1.9183741655069253,-0.0011533715296536684,15.538269281387329,7.767981290817261,3.050551116466522,0.9997224360704422,0.0009765625,0.0010239831026410684,0.7141731530427933,0.34610025584697723,9.710731029510498,2.5271977814409183,0.5873455597578079,0.22177594900131226,0.21634885668754578,0.23192231357097626,896.2754731777752,,,,,,,
480,983040,240.52985369987522,180.78727920554502,506.75,21.017675476515635,0.5011871734486713,2.269695953678559,-0.000942194601520896,14.295466661453247,7.146791100502014,3.067267060279846,1.0017372369766235,0.0157470703125,2.6341265765950084e-05,0.7743376344442368,0.4248651936650276,7.435073971748352,2.5304168488364667,0.5968391837227744,0.22173498570919037,0.21637332439422607,0.23177467286586761,890.15087749975,2.2310485160106697,5.010761234018908,0.9728769209189523,0.4353765750889851,0.0,1.0,0.0
481,985088,268.2018945989058,184.32958412200733,550.0,15.08696532488202,0.4361904104643067,1.9198057193153517,-0.0027311869780533016,34.704946517944336,17.34974241256714,3.0720921754837036,0.998529240489006,0.020751953125,0.0036645457876147702,0.6211460679769516,0.5014771223068237,15.855624914169312,2.4799862762592966,0.5972029343229039,0.22169587016105652,0.21641121804714203,0.2317017912864685,829.4564469486505,,,,,,,
482,987136,296.62247154044593,188.2428053707819,569.3333333333334,15.844261956463384,0.46336517957402656,1.9683596773105492,-0.001435105805285275,22.008530616760254,11.002830028533936,3.0594366788864136,0.9993007630109787,0.0496826171875,0.004834489882341586,0.6732113808393478,0.5437833815813065,10.741100549697876,2.493331238423707,0.5924999697655606,0.2216685712337494,0.2164202481508255,0.23168668150901794,873.0306117993463,,,,,,,
483,989184,223.79568540912098,190.65570714554136,535.6666666666666,19.28379285493211,0.5027673959004801,2.1762275332006125,-0.000996026094071567,24.429027557373047,12.213517904281616,3.072737753391266,0.9991142600774765,0.0125732421875,0.0026061511744046584,0.6580994725227356,0.3514615297317505,11.447254180908203,2.507123001749278,0.5938661765266844,0.2216733694076538,0.2163747400045395,0.23170246183872223,894.5834346791958,,,,,,,
484,991232,310.5754343727021,193.45891978234783,626.0,14.44244409040446,0.4555950731616382,1.8782330187334255,-0.001952154270838946,44.18053436279297,22.0883150100708,3.065161347389221,1.0008197724819183,0.031005859375,0.00199433954549022,0.4828595519065857,0.5747290998697281,15.41419506072998,2.4649489556759363,0.6023549912043134,0.2216911017894745,0.21628306806087494,0.23175251483917236,893.6816395218634,,,,,,,
485,993280,344.47050771112214,197.03128385209882,808.5,18.9288662361082,0.5091858184123279,2.1600121237405756,-0.0004810262471437454,57.19717788696289,28.59810781478882,3.077999532222748,0.9996835291385651,0.0001220703125,0.0005948040634393692,0.5721914321184158,0.5991663783788681,23.557244777679443,2.4528312113543507,0.6012966304136513,0.221690833568573,0.21623991429805756,0.23170393705368042,874.7375234327944,,,,,,,
486,995328,408.9932605506142,202.11880765586852,809.0,14.368076688308891,0.5009309482165887,1.8763160664779386,-0.0012982581392861903,46.844841957092285,23.421122550964355,3.0943008065223694,0.998936653137207,0.0086669921875,0.00209641782566905,0.577789381146431,0.4332159534096718,16.268133640289307,2.4787848124396987,0.5885149240085168,0.22163857519626617,0.21620361506938934,0.23166346549987793,895.1464908589355,,,,,,,
487,997376,318.10933050375263,204.68128448611213,773.0,21.607513641936876,0.5126074200948753,2.3064458565409587,-0.0031761586433276534,34.27113723754883,17.13239288330078,3.049353539943695,0.9953527450561523,0.0599365234375,0.009556644887197763,0.5724362432956696,0.6830314248800278,11.002719640731812,2.470409058732912,0.5919010662073478,0.22157371044158936,0.2161698341369629,0.23167598247528076,843.8664947669419,,,,,,,
488,999424,263.5591969165444,206.7365356583437,580.0,20.792329625528698,0.6044432887005987,2.263465245423219,-0.003387743898201734,19.522164821624756,9.757694482803345,3.063131034374237,0.9989352971315384,0.032958984375,0.0043693148327292874,0.546506330370903,0.5991917625069618,18.4944429397583,2.4526093119202415,0.5958710659695993,0.2215222716331482,0.21617946028709412,0.23156747221946716,878.356782245147,,,,,,,
489,1001472,250.85752772258692,209.662232962534,571.0,17.5945194819949,0.511027605657379,2.0786225817629975,-0.0022528133704327047,34.72332286834717,17.359408855438232,3.042797565460205,0.9958848357200623,0.051513671875,0.008485073092742823,0.5370775908231735,0.67165407538414,14.16317868232727,2.462073305854574,0.5949541984308501,0.22150969505310059,0.2162046581506729,0.23151913285255432,881.2934691572966,,,,,,,
490,1003520,266.37316264867025,211.93759804554008,820.0,23.917705167132684,0.5930546886602325,2.4302338496960467,-0.0028612777241505682,54.61061382293701,27.30244541168213,3.048263669013977,0.9998435378074646,0.0303955078125,0.0029546660516643897,0.28868043422698975,0.6198625862598419,14.138578414916992,2.4499318520829547,0.598161552736439,0.22148282825946808,0.21614287793636322,0.23154526948928833,883.8874642315676,2.0613138216151166,5.007893395874381,0.8929028242326869,0.6068911168084739,0.0,1.0,0.0
491,1005568,314.87741013671933,216.7112117721323,631.3333333333334,15.282471548204605,0.4583938275992531,1.9346320622382647,-0.0012032684171572328,64.02886581420898,32.01322937011719,3.061874508857727,0.9996201395988464,0.0111083984375,0.0019467584061203524,0.3160751312971115,0.7555001974105835,38.705299377441406,2.427854079462122,0.5887012316313174,0.22146525979042053,0.21611757576465607,0.23159460723400116,895.7089670270134,,,,,,,
492,1007616,256.86896052844475,218.892154974585,582.6666666666666,15.817743444230928,0.47791378958439545,1.969574344906854,0.0009550491231493652,88.2859992980957,44.14395523071289,3.0422425866127014,0.9995670914649963,0.066162109375,0.00581330772547517,0.1577817052602768,0.8785846680402756,52.72592544555664,2.407899609010201,0.5821356334557496,0.2214621901512146,0.21612060070037842,0.2316102683544159,896.6682856404889,,,,,,,
493,1009664,233.1394440480627,220.32119771663452,579.0,18.812785670304365,0.5746961919197655,2.1496094409574096,-0.004548152268398553,68.79662704467773,34.39376640319824,3.0273284912109375,0.9978263825178146,0.0250244140625,0.004412508991663344,0.14105559885501862,0.8956820219755173,51.72355937957764,2.3958822587737814,0.5933885822916567,0.22146470844745636,0.2161152958869934,0.23159770667552948,835.6143302672376,,,,,,,
494,1011712,253.9612519205271,222.5010590514438,693.0,18.584942537815962,0.5935665618694765,2.137671589585613,-0.00017807813128456473,67.31307411193848,33.65635967254639,3.0657161474227905,0.9978812485933304,0.090087890625,0.009268716632504947,0.10783456265926361,1.0462274700403214,39.57295036315918,2.4132705330412136,0.5992090099893072,0.22150802612304688,0.21607451140880585,0.2316455990076065,864.3304028011497,,,,,,,
495,1013760,231.980976779109,223.38927159076658,701.5,17.767304278897136,0.6029327628740953,2.08962310505847,-0.002949865534901619,57.2396821975708,28.616891384124756,3.059212327003479,0.9991016387939453,0.0120849609375,0.002286736329551786,0.19435308873653412,0.9051767215132713,23.751793384552002,2.4344913347740658,0.5930136668764914,0.22156213223934174,0.21602763235569,0.23174619674682617,891.6791223742435,,,,,,,
496,1015808,391.193545769284,227.55460055635712,913.0,16.987611312763647,0.519914757453983,2.0461536700526515,-0.0022463762434199452,48.30457019805908,24.150038719177246,3.0483028888702393,1.0001493990421295,0.0621337890625,0.004672745199059136,0.4364592581987381,0.6081260070204735,26.193228721618652,2.4499053669860587,0.5961520056503737,0.22165566682815552,0.21605490148067474,0.23184925317764282,892.2646389310768,,,,,,,
497,1017856,354.1129339945542,231.27020869766864,888.5,14.358019498568847,0.5269049784196081,1.8768700996663008,-0.0033010729239322245,60.192959785461426,30.09317922592163,3.0583800077438354,0.9979528337717056,0.0487060546875,0.005991448007989675,0.2494562715291977,0.6919125467538834,30.672775268554688,2.435947596488404,0.5983668479602001,0.22175920009613037,0.21609431505203247,0.23196491599082947,893.816572197756,,,,,,,
498,1019904,381.949338640992,236.08831331497512,1001.0,11.877762199324259,0.5963564918680868,1.7083030200477922,-0.0030014212243258953,62.307743072509766,31.150870323181152,3.038895905017853,0.9979666322469711,0.0419921875,0.005661976974806748,0.2686977833509445,0.6109745278954506,42.066134452819824,2.4476369567855727,0.5963577442536285,0.22186993062496185,0.2160949409008026,0.23213636875152588,888.405916883424,,,,,,,
499,1021952,270.3318860111189,237.8740045824188,974.5,19.68861754206871,0.6817102907282474,2.204524901045846,-0.0019812751561403275,20.752955436706543,10.374496459960938,3.0755765438079834,0.998888224363327,0.0072021484375,0.00236900728486944,0.4275960773229599,0.40614061802625656,23.27678632736206,2.4455930674885167,0.5908537398256873,0.22193072736263275,0.2160443514585495,0.23220345377922058,889.2539534944834,,,,,,,
500,1024000,347.61032639536984,240.98259310573903,1001.0,15.270583993183402,0.6307701283767271,1.939816971984812,-0.0033105044858530164,28.199592113494873,14.096485614776611,3.0687947273254395,1.000187247991562,0.013671875,0.0016589945007581264,0.5482797473669052,0.5380421653389931,19.45534086227417,2.453768797160592,0.5994452763677582,0.2219613790512085,0.21597877144813538,0.23219923675060272,798.6901008131177,1.387818404454032,1.8179319996208154,0.4253105549936984,0.55112845818466,0.0,0.0,1.0
501,1026048,267.61696387361707,242.98668328229593,849.0,20.790998679368897,0.5771942989563196,2.266406253049551,-0.0025249612517654896,27.304036617279053,13.649493217468262,3.089534878730774,1.001111626625061,0.031494140625,0.0018729040020843968,0.599146381020546,0.4511624425649643,19.099889755249023,2.4518146050832,0.5999353499719703,0.22200635075569153,0.2158789336681366,0.23212040960788727,890.6999889172328,,,,,,,
502,1028096,534.6746184986469,250.3547221402258,1001.0,4.562873866906313,0.44806507658859407,1.0475414624478094,-0.00034575234167277813,191.54830932617188,95.7738094329834,3.0696125626564026,0.9997889697551727,0.00244140625,0.001211074966704473,0.12548616528511047,0.35652007907629013,78.02746391296387,2.451755435555242,0.5910871535828501,0.2220485806465149,0.21591885387897491,0.23188430070877075,891.3322437320365,,,,,,,
503,1030144,361.4957627922968,253.7093525889194,958.0,15.124070144580744,0.5765923352100326,1.930609148893517,-0.0028770066564902663,101.15147399902344,50.57285976409912,3.0804659128189087,0.9978942722082138,0.02587890625,0.004775998153490946,0.38385209441185,0.5896855667233467,42.164873123168945,2.4415839225548552,0.5896839438350733,0.22208526730537415,0.21605585515499115,0.23164872825145721,887.087561340325,,,,,,,
504,1032192,554.0573029824511,260.2286290075812,1001.0,8.351357564576531,0.42898224611340774,1.4260478811664836,-0.001742278691381216,310.92737579345703,155.46194458007812,3.0771135687828064,1.0012376606464386,0.0224609375,0.0008855154883349314,0.22705000638961792,0.5785288438200951,84.72504615783691,2.460598660822143,0.6128525221963296,0.22207333147525787,0.2161484956741333,0.23138222098350525,892.4806240931164,,,,,,,
505,1034240,736.5571248893777,271.2976722595839,1001.0,1.8231974324901477,0.2509925756520821,0.6421682198781747,-0.0013865577057003975,538.6834259033203,269.34032440185547,3.0532529950141907,1.0007289350032806,0.00048828125,-7.209760951809585e-05,0.10436327755451202,0.394257515668869,152.17554473876953,2.4567476895899745,0.6048884944323568,0.22203558683395386,0.21619294583797455,0.23112013936042786,876.4089078244668,,,,,,,
506,1036288,300.9709772786682,273.8647182470594,1001.0,11.859371811557688,0.6760368636110772,1.7068358993259547,-0.0021544802002608776,31.179314136505127,15.587502717971802,3.067630648612976,0.9969812482595444,0.040283203125,0.006503308060928248,0.2254088968038559,0.538689449429512,33.7046537399292,2.4527324803202646,0.5899110113870468,0.2220202088356018,0.2162291407585144,0.2310040295124054,847.271598229657,,,,,,,
507,1038336,495.2256632462399,279.613504700058,1001.0,8.951744881869079,0.4855342291163829,1.4802051853922433,-0.0023913191398605704,88.7121753692627,44.3536958694458,3.0849363803863525,1.00062295794487,0.0333251953125,0.002412974790786393,0.5236617028713226,0.526531882584095,44.52706718444824,2.4694367838674225,0.6000784972184864,0.2220175862312317,0.21627582609653473,0.2309228479862213,888.7209179366497,,,,,,,
508,1040384,486.990423283167,285.9134808497633,1001.0,9.981638373256054,0.49363012883042956,1.5635898180241978,-0.0018797859083861113,84.06561088562012,42.03092575073242,3.0775186419487,0.9986902177333832,0.026611328125,0.0038212726794881746,0.538931131362915,0.6106191426515579,42.11731433868408,2.4770870270149317,0.5986347917206173,0.22203093767166138,0.21628998219966888,0.23091694712638855,877.973183198336,,,,,,,
509,1042432,499.80446670664594,293.3852176377995,1001.0,11.354882082625764,0.4821287257952249,1.669519073536054,-0.0016160706290975213,103.37979316711426,51.68828010559082,3.071158289909363,1.001206398010254,0.0206298828125,0.0009448617493035272,0.45706598460674286,0.3853539451956749,39.9521427154541,2.469416130843456,0.6012480081019199,0.22202441096305847,0.2163245677947998,0.2308700531721115,894.7418844770365,,,,,,,
510,1044480,421.61408251939895,298.41952791810564,1001.0,17.726978081118467,0.55742710073338,2.0915197974026647,-0.0010268120095133781,39.11477088928223,19.556358814239502,3.074192464351654,1.000449776649475,0.0079345703125,0.00108228278986644,0.621685341000557,0.38441505283117294,19.039812088012695,2.46981070653419,0.5984293239530568,0.22197198867797852,0.21623539924621582,0.23078645765781403,895.7315955962277,2.2370476085251756,4.397248953929822,0.5121066671757133,0.48359445889794367,0.0,0.0,1.0
511,1046528,339.2273849309121,301.4750133358619,955.0,21.58564428895471,0.5971666022373923,2.3105838637847484,-0.0016386285424232483,27.071174144744873,13.533948421478271,3.086715877056122,0.9982883036136627,0.0440673828125,0.005484267792780884,0.6629334539175034,0.4948848858475685,15.585606336593628,2.4763607025524834,0.5898696549095958,0.22193679213523865,0.2161308228969574,0.2307334691286087,833.9241049047002,,,,,,,
512,1048576,375.6155851831226,305.88905641917495,1001.0,17.139771336450075,0.6029756247067668,2.056167171013697,-0.002074435818940401,27.127511024475098,13.561681032180786,3.0836032032966614,0.9998982101678848,0.0087890625,0.001597363909240812,0.6123136579990387,0.5559327900409698,11.996692180633545,2.4651147797267186,0.5958019450243422,0.2219037413597107,0.21601760387420654,0.23067893087863922,887.8632549994207,,,,,,,
513,1050624,335.24375759282896,309.7591372971713,1001.0,24.598347267754832,0.6424039134647861,2.468160110214863,-0.0019374983385205269,13.324995517730713,6.660560250282288,3.0456374287605286,0.9961758702993393,0.08349609375,0.010327201598556712,0.7292733192443848,0.6952651143074036,6.909127235412598,2.4687075760302832,0.5925191890552639,0.2218596637248993,0.21585474908351898,0.23065443336963654,880.594276719171,,,,,,,
514,1052672,259.62121574507114,310.46760075545706,865.0,27.6827003528337,0.605418059720036,2.618324967419257,-0.0012493900721892715,24.904103755950928,12.450802564620972,3.0800453424453735,0.9994565397500992,0.0401611328125,0.0038465631514554843,0.6866706758737564,0.46538838744163513,25.7660174369812,2.474011835816782,0.5911212973702957,0.22183078527450562,0.2157154083251953,0.2306520789861679,895.6686876200752,,,,,,,
515,1054720,278.2652769560276,312.7450802674898,788.5,22.60582080097377,0.616252520889063,2.363763520684801,-0.0033581819152459502,18.62713623046875,9.31020975112915,3.074122190475464,0.9984302520751953,0.03857421875,0.0048386000853497535,0.7165157645940781,0.6998536884784698,22.876956939697266,2.484963933835388,0.5899747927670401,0.22181695699691772,0.2156129777431488,0.23062825202941895,899.1271004983417,,,,,,,
516,1056768,235.01165827873382,313.65377962529016,809.0,25.341862098036533,0.6610646677734866,2.5047042955376093,-0.0019552443409338593,15.819864273071289,7.907976984977722,3.0608308911323547,0.9993699043989182,0.0928955078125,0.00806310428015422,0.7471485584974289,0.746165469288826,27.395741939544678,2.486610066436697,0.5829059233048529,0.22182580828666687,0.21555404365062714,0.2306600958108902,883.2240310248275,,,,,,,
517,1058816,233.0659002366352,314.82587454006375,738.5,23.40575614057163,0.6375850755166835,2.405611704418451,-0.0018879323033615947,13.654582977294922,6.825403451919556,3.0739131569862366,0.9971784502267838,0.033447265625,0.0057834244798868895,0.7887721210718155,0.5233312174677849,26.858070850372314,2.488986238677171,0.602990696954569,0.22184902429580688,0.21547666192054749,0.23076152801513672,886.485579158597,,,,,,,
518,1060864,252.92694388270837,315.37120825646963,829.5,25.298938730342286,0.6164225661974536,2.501069054506129,-0.0035117429215461016,22.855642795562744,11.424309730529785,3.07099187374115,0.9972679913043976,0.0516357421875,0.007135714840842411,0.6581157147884369,0.5398578867316246,18.453821182250977,2.4838205652777106,0.5973383982411077,0.22189052402973175,0.2153628170490265,0.2309211790561676,807.9352015419903,,,,,,,
519,1062912,272.1333389685474,317.11640216685805,1001.0,34.07273955482582,0.7032916723231147,2.906624663965267,-0.0012689803843386471,9.861593961715698,4.929527997970581,3.091119349002838,1.0019846856594086,0.040771484375,0.0015055598050821573,0.6670221090316772,0.7435718178749084,10.137417554855347,2.476128749884083,0.5931242047598804,0.22195696830749512,0.2153134047985077,0.23101083934307098,881.6286497896756,,,,,,,
520,1064960,265.5779002839097,318.61514491042345,982.0,35.938513836285814,0.6922148178453671,2.9857052891702356,-0.0005273518618196249,6.932998061180115,3.4659717082977295,3.083856701850891,0.9982131272554398,0.0133056640625,0.003612544751376845,0.7971052378416061,0.5040679201483727,6.491023778915405,2.4714345484098885,0.6038760582531781,0.2220073938369751,0.2152813822031021,0.23117683827877045,887.301953197926,3.1771735995616353,5.002005630131502,0.7612246930885074,0.757346206833221,0.0,1.0,0.0
521,1067008,212.08495476966493,317.4638124019971,874.0,36.93513320007875,0.6880564529684472,3.0271038123237854,-0.001926970377098769,12.152668952941895,6.074407458305359,3.0731614232063293,0.9979795068502426,0.0615234375,0.006605920963920653,0.7636441439390182,0.5585887506604195,11.225413799285889,2.4728493731236085,0.5850278609973787,0.22202935814857483,0.21518024802207947,0.23133419454097748,892.8911720307394,,,,,,,
522,1069056,202.62318326041165,318.5435924093166,625.0,29.857520407878376,0.6176721563041724,2.7177074861329467,-0.0013631413457915187,13.429949045181274,6.713611364364624,3.080554246902466,0.9998999387025833,0.0069580078125,0.0013569834409281611,0.7928454577922821,0.4719485118985176,24.98339080810547,2.494338566524675,0.5888699219289678,0.22203443944454193,0.2150552123785019,0.23143813014030457,890.3463119934967,,,,,,,
523,1071104,219.4842975373372,317.9411238374438,658.3333333333334,28.699087229571518,0.629717413517884,2.6642967481962483,-0.0010977176716551185,20.344313144683838,10.171058893203735,3.0676309466362,0.9984203577041626,0.0687255859375,0.0067915285035269335,0.6992222517728806,0.5811238288879395,31.732372760772705,2.491727755696047,0.595221140648032,0.22202083468437195,0.21497564017772675,0.23146778345108032,861.3876067884796,,,,,,,
524,1073152,256.2055452951884,316.9194937452679,723.5,26.074235677404072,0.630029864229984,2.538476379518787,-0.001434100151527673,22.478280544281006,11.237706184387207,3.0965747237205505,0.9973725378513336,0.03564453125,0.00556038724607788,0.6045193076133728,0.41206613183021545,27.449450492858887,2.4844867627107305,0.5965459070601604,0.2219940721988678,0.21494810283184052,0.23141199350357056,847.8541879830508,,,,,,,
525,1075200,259.4483529571937,318.63300765449634,684.0,24.16618508408806,0.6081158179275099,2.443439854974407,-0.0018621448834892362,20.389981269836426,10.19312834739685,3.051000654697418,0.9991888999938965,0.0040283203125,0.0018010025087278336,0.6387092769145966,0.4339766278862953,24.588546752929688,2.4791883638099534,0.5899527118688542,0.22198955714702606,0.2150150090456009,0.23137424886226654,881.4078847593134,,,,,,,
526,1077248,238.46682551337747,317.74095558193056,668.0,27.316101064017012,0.6159441259809905,2.5989631585211663,-0.0025762455770745873,16.221900939941406,8.108374238014221,3.077703058719635,0.9984183460474014,0.0479736328125,0.005372355284634978,0.7684306651353836,0.6145123094320297,30.484782218933105,2.4762097131169867,0.5934003441208626,0.2220134139060974,0.21507678925991058,0.2313842922449112,893.8722374776646,,,,,,,
527,1079296,223.27085507869012,315.54040708807787,660.0,25.844388912176708,0.6277765033103428,2.5268561606584132,-0.0015491641825065017,18.102426528930664,9.04966425895691,3.0793558955192566,0.9991669803857803,0.0201416015625,0.0030749026191188022,0.6792297065258026,0.46004296094179153,23.94667148590088,2.4881647968431935,0.5932586448292163,0.2220466285943985,0.21504394710063934,0.2314022183418274,886.5947936910385,,,,,,,
528,1081344,221.60271213454746,315.4746178898406,676.3333333333334,27.506721761144107,0.6519644522061192,2.6084992916760132,-0.003154024016112089,13.090727090835571,6.542209506034851,3.0667921900749207,1.0008374750614166,0.021728515625,0.0015000441781012341,0.7328651547431946,0.5495964288711548,23.21501874923706,2.4756498885544715,0.586252708902959,0.22210000455379486,0.214988112449646,0.2315148562192917,879.6297114553374,,,,,,,
529,1083392,215.0216852702797,312.608005416768,620.3333333333334,27.06945536660588,0.6118526959914945,2.5868287315585317,-0.000781162700150162,4.769412994384766,2.3839253187179565,3.0805880427360535,0.9999022632837296,0.0218505859375,0.0023297870939131826,0.8693166673183441,0.4643019288778305,9.631249904632568,2.4746112777938833,0.6010048416273973,0.22212621569633484,0.21488790214061737,0.2315506786108017,890.3891412594456,,,,,,,
530,1085440,181.84884044346632,306.2878725890603,587.6666666666666,29.205220326657873,0.649964088520199,2.6872373915355587,-0.002239255467429757,2.1662763953208923,1.080898940563202,3.068966507911682,0.9960438162088394,0.0303955078125,0.006887587398523465,0.9042410850524902,0.5259356051683426,2.0883048474788666,2.4806671734695556,0.5894867922302053,0.22213318943977356,0.21484903991222382,0.23154208064079285,783.8693533405425,2.81676569385444,5.0017745340544,0.7602784023987326,0.7061764584867679,0.0,1.0,0.0
531,1087488,200.88979679276974,302.6587025585453,662.0,29.97642436027347,0.6620679697087659,2.724270357193846,-0.004442278761416674,4.927407622337341,2.4592615365982056,3.047159790992737,1.0020112991333008,0.047607421875,0.0018419995758449659,0.8532307595014572,0.6980232000350952,14.123275518417358,2.4707329369994113,0.5946051421220045,0.22212237119674683,0.21483096480369568,0.23148711025714874,890.1111857848834,,,,,,,
532,1089536,186.5038063305307,301.1238307458215,630.6666666666666,28.465376047440834,0.648345085548067,2.6540713517646912,-0.0011453296756371856,13.650826692581177,6.824268102645874,3.0797024369239807,0.9984020590782166,0.0120849609375,0.0033216264710063115,0.7394746392965317,0.5456107705831528,26.419986724853516,2.4692493441107217,0.5997054531876583,0.2221062332391739,0.21479423344135284,0.23138633370399475,897.0409737786063,,,,,,,
533,1091584,171.83506023424124,297.8198492456202,548.3333333333334,25.21702523831396,0.637175463864146,2.4954983934366606,-0.0017702222103253007,13.072905778884888,6.534682750701904,3.0846153497695923,0.9992107450962067,0.0802001953125,0.006669974303804338,0.6967343240976334,0.5631655231118202,25.535889148712158,2.456971478270134,0.6009700099886088,0.22211188077926636,0.21487794816493988,0.23126927018165588,882.2976521104882,,,,,,,
534,1093632,186.61022490731762,293.7505053961502,532.6666666666666,22.736916448269362,0.6261215452932868,2.366801949786508,-0.0020165928872302175,20.68950891494751,10.342737913131714,3.0907217860221863,1.0014241337776184,0.0147705078125,0.00040131517744157463,0.6049090772867203,0.4441586509346962,31.799192905426025,2.4535901232156903,0.5964418756512351,0.22211861610412598,0.2150183618068695,0.23114070296287537,891.1270531102449,,,,,,,
535,1095680,160.30954152632376,290.142792820824,474.0,24.57046364310935,0.6054916753999005,2.4601062537981164,-0.002155475551262498,35.526488304138184,17.761088848114014,3.076536238193512,1.0004140138626099,0.057373046875,0.004146685620071366,0.5396671742200851,0.6251527890563011,51.73795509338379,2.451370784358005,0.6001593132199593,0.2221207171678543,0.2151138037443161,0.23108603060245514,895.7699961065857,,,,,,,
536,1097728,185.38844313504913,288.0141018829883,473.0,23.040725574059497,0.5534146970946197,2.3809284298140057,-0.001920945942401886,17.196166038513184,8.596161961555481,3.071478247642517,0.9990403205156326,0.0321044921875,0.003804132909863256,0.7378958314657211,0.5731660947203636,38.34593677520752,2.440327931763022,0.6022948930276877,0.2221505045890808,0.21522128582000732,0.23105230927467346,834.3051735933701,,,,,,,
537,1099776,143.47675035793478,280.1952692533025,409.6,26.89584113178205,0.6253009024464483,2.5723325814711737,-0.000587793649174273,21.71074342727661,10.854783773422241,3.094536304473877,1.000407725572586,0.01953125,0.0018860735435737297,0.5967530310153961,0.4382755607366562,46.505499839782715,2.4245413601893233,0.6010651061279944,0.22216179966926575,0.2152644395828247,0.23096036911010742,894.5756929783586,,,,,,,
538,1101824,161.69841557016863,271.94196042339826,457.0,24.184833007181645,0.5787893902520898,2.439670456649327,-0.002482168492861092,26.600421905517578,13.297728776931763,3.0719158053398132,0.9990044832229614,0.0330810546875,0.0038681340811308473,0.5521619915962219,0.6354555934667587,42.74428939819336,2.4271158837218536,0.6005782602106435,0.22212126851081848,0.21530388295650482,0.23080748319625854,888.7273152546102,,,,,,,
539,1103872,160.70542916333753,266.01133334180207,457.25,25.48685152515177,0.600289617352505,2.505338430215171,-0.0017443575197830796,28.35424280166626,14.175376892089844,3.063543736934662,0.9989250153303146,0.0516357421875,0.005297700772644021,0.4824351668357849,0.7590507417917252,48.58961868286133,2.420370158710284,0.6006436903348651,0.22213084995746613,0.21537011861801147,0.23082147538661957,887.2412445437022,,,,,,,
540,1105920,169.079891750858,256.7286973643911,503.0,28.690980449619474,0.6332142354887907,2.6606622884011495,-0.0024011192144826055,26.189988613128662,13.0925931930542,3.077464282512665,1.0004309713840485,0.02197265625,0.0018155918223783374,0.533120259642601,0.7578964978456497,48.389485359191895,2.4240065350895748,0.6013111331489005,0.22217750549316406,0.21545861661434174,0.23095420002937317,891.3564059897163,2.8034924430465393,5.004626200826543,1.0024403035738538,0.8270017325177839,0.0,1.0,0.0
541,1107968,171.37134601714365,246.64797936380555,533.0,30.79467745929159,0.6558522119119748,2.7585975721118743,-0.0014428232097998261,10.731764078140259,5.364439249038696,3.062932252883911,0.9999593198299408,0.042236328125,0.003563760343240574,0.6852420717477798,0.662998378276825,26.02655839920044,2.4329879707220243,0.5990318795460481,0.2221655547618866,0.21549838781356812,0.23102807998657227,891.0671249067866,,,,,,,
542,1110016,164.1230188562008,233.7513244973089,597.3333333333334,31.89705082123347,0.670720662863747,2.8095402052598804,-0.0016536398325115442,10.488333225250244,5.242512941360474,3.0754010677337646,0.9988626688718796,0.0167236328125,0.0029973226482979953,0.6850516498088837,0.4475638419389725,28.36854648590088,2.4476038363645785,0.5832321424298927,0.2221115678548813,0.21545954048633575,0.231039896607399,813.9420861691068,,,,,,,
543,1112064,202.86074740703745,231.78911989987628,769.5,33.36047130445329,0.7039872801276192,2.87618988872112,-0.0019397054566070437,3.9506582021713257,1.9733893871307373,3.0732537508010864,0.9998607933521271,0.0206298828125,0.002576787053840235,0.8047735691070557,0.5536929219961166,8.555620431900024,2.4560388009413145,0.5853747843863857,0.22204400599002838,0.2154666781425476,0.23107214272022247,890.9323830650587,,,,,,,
544,1114112,189.38341009858863,225.67227483692324,704.0,31.031620752728017,0.6931138885877974,2.772354755900892,-0.001917620887979865,10.78139066696167,5.388777732849121,3.0777820348739624,0.9980387091636658,0.035888671875,0.005156606319360435,0.6394189298152924,0.5059623867273331,19.913043975830078,2.4520812911650864,0.6019928263279651,0.2219754457473755,0.21542219817638397,0.23119008541107178,882.9045351237286,,,,,,,
545,1116160,208.7579395346261,218.0512007839672,665.6666666666666,31.693492507835636,0.6554647816832702,2.801338386665041,-0.0027480603894218802,10.464855909347534,5.229679822921753,3.0641000270843506,0.9984064102172852,0.0419921875,0.00511462842405308,0.7313663810491562,0.6968603432178497,25.916640758514404,2.445686772975023,0.5874063892798759,0.2219271957874298,0.21541258692741394,0.2312830686569214,890.0160026058098,,,,,,,
546,1118208,170.5954697868107,208.88469766638215,583.3333333333334,27.505196585451127,0.6452035455688756,2.6068280203143797,-0.0010673177894204855,15.274664402008057,7.63626492023468,3.073583662509918,1.0003073811531067,0.0062255859375,0.0006836480606580153,0.6729636788368225,0.4094719812273979,31.41160535812378,2.440446855049231,0.597780525920954,0.2219220995903015,0.21550923585891724,0.23134417831897736,896.9766077251438,,,,,,,
547,1120256,152.00110968511487,200.66788265150603,473.75,28.147637763547888,0.636539517877192,2.635014255356259,-0.0014532689237967134,8.998799324035645,4.497946500778198,3.0728541016578674,1.0020184814929962,0.0277099609375,0.00043977488530799747,0.5979365110397339,0.47691626846790314,20.360201835632324,2.424512226076331,0.5908447901500891,0.22192949056625366,0.21564406156539917,0.23136639595031738,897.4007855838302,,,,,,,
548,1122304,180.52236012331332,197.1138617516127,535.3333333333334,26.95321532725554,0.6391879904490324,2.579564036327633,-0.0028171001467853785,8.888860702514648,4.44161331653595,3.0729470252990723,1.0001344978809357,0.049560546875,0.0038986469444353133,0.7046847641468048,0.6045850440859795,18.92652988433838,2.4335153305291897,0.5979051409839541,0.22191587090492249,0.2156764715909958,0.23139174282550812,836.5321299446622,,,,,,,
549,1124352,178.15391326982288,193.35798847125076,495.25,26.19451524838198,0.6009436743013872,2.5414191120052783,-0.0016605615383014083,7.019507050514221,3.508092999458313,3.066172242164612,0.9993462264537811,0.0367431640625,0.00383236919878982,0.7908935695886612,0.4247419387102127,16.053516626358032,2.43348010306363,0.5962620343497598,0.22193363308906555,0.21569277346134186,0.23142264783382416,887.008821719558,,,,,,,
550,1126400,134.87103152615117,188.07056650846584,394.8,27.77026455353913,0.6114694545279732,2.613450789582976,-0.002565793809480965,1.7523330748081207,0.8736007362604141,3.0526182055473328,0.9990282356739044,0.0555419921875,0.0052638476772699505,0.891941636800766,0.5433544963598251,2.802949607372284,2.411736736408784,0.6061441788271408,0.2219809889793396,0.21572846174240112,0.23151791095733643,885.5143405543153,2.5137101498950782,5.012579595599983,1.273466547066545,0.7346247769923283,0.0,1.0,0.0
551,1128448,142.2563188795507,181.81189399144165,394.2,24.716453075296027,0.5930965005524137,2.4632471836958434,-0.0005570524372160435,5.485484004020691,2.7421849370002747,3.05126953125,1.0015903413295746,0.0128173828125,-1.6586709534749389e-06,0.7256586253643036,0.28515394032001495,8.873761653900146,2.4158890202234033,0.6018824852010938,0.22201842069625854,0.2157720923423767,0.23160555958747864,893.8531206134872,,,,,,,
552,1130496,140.58880303977546,178.81052938832997,394.2,25.519407237585035,0.5967249881337329,2.5036504600469476,-0.001470902469009161,3.8900408148765564,1.9435495138168335,3.0604631900787354,1.0008954107761383,0.012939453125,0.0006195870228111744,0.7815567404031754,0.4522400349378586,6.302449345588684,2.413944956570049,0.6069221128047656,0.2220516800880432,0.21580974757671356,0.23175841569900513,886.2489993020131,,,,,,,
553,1132544,136.03244177277597,173.6448849889287,379.2,24.89574283122256,0.5801540501267253,2.472070618754981,-0.0013993603643029928,3.1679921746253967,1.5825967490673065,3.059903919696808,0.9977481663227081,0.02978515625,0.005143865724676289,0.8165819942951202,0.36801039427518845,4.025430202484131,2.407783054673928,0.602646295993266,0.22210253775119781,0.21585550904273987,0.23198483884334564,892.4269573933274,,,,,,,
554,1134592,140.44977994916852,168.38764246676266,367.2,22.620451920788078,0.5705906711480004,2.35230293453214,-0.0026667964411899447,3.339203357696533,1.6669348776340485,3.0568156242370605,1.0014498829841614,0.0128173828125,0.0004158069641562179,0.8139263242483139,0.4619361534714699,5.636134624481201,2.403091751039028,0.6082471752963237,0.22213993966579437,0.21585549414157867,0.23216980695724487,863.1303672126895,,,,,,,
555,1136640,139.39029772401358,164.53401052550905,353.6,23.112209032490043,0.5686419635655593,2.3785019273161,-0.002115986542776227,1.4852894842624664,0.7405287623405457,3.0443076491355896,0.999203622341156,0.0186767578125,0.0029978779202792794,0.918148398399353,0.4440428987145424,3.984908401966095,2.3980470355891157,0.6003161312934995,0.22210872173309326,0.21583722531795502,0.2322084605693817,811.6486089951703,,,,,,,
556,1138688,129.03136420850615,160.4793132768042,351.8,23.2978591151066,0.588798194657689,2.3887475527221635,-0.000993154477328062,2.4379392862319946,1.2179764807224274,3.0513307452201843,0.9987538605928421,0.00244140625,0.002430963548249565,0.8522553443908691,0.450987309217453,5.219765543937683,2.4005864360224223,0.6002812134163956,0.22206811606884003,0.2158535271883011,0.2322046309709549,890.0552893485593,,,,,,,
557,1140736,133.01085609763177,157.73254817514234,348.0,23.90116724584647,0.5894156448980259,2.4190487690271625,-0.0016810971137601882,0.9647872298955917,0.48071252554655075,3.0476629734039307,1.0009209513664246,0.0196533203125,0.001201461855089292,0.9357264935970306,0.37744971364736557,3.0929758548736572,2.389763959348784,0.6002795482164905,0.22200711071491241,0.21579213440418243,0.23219262063503265,890.1040141518354,,,,,,,
558,1142784,127.0002921431586,154.7194958602736,331.1666666666667,24.12511895118518,0.5699918131263335,2.427725630924929,-0.0016389458905905485,1.4184992611408234,0.7076106816530228,3.0377647280693054,0.999877080321312,0.029541015625,0.002884373956476338,0.9054809063673019,0.49075649678707123,2.6666534543037415,2.387977829654119,0.6084949502830422,0.2219257652759552,0.2157486081123352,0.23215344548225403,897.2368824827475,,,,,,,
559,1144832,120.50535528897784,151.79279630633297,309.1666666666667,22.30074604850723,0.5520100613152872,2.3307535055409905,-0.0019428599625825882,1.1328841149806976,0.5644991844892502,3.0637006759643555,0.9998162239789963,0.053955078125,0.0044659229897661135,0.923280268907547,0.49520234763622284,1.883628010749817,2.3762636439641938,0.6130986295741752,0.22179590165615082,0.215704083442688,0.2321934849023819,888.2792652207582,,,,,,,
560,1146880,113.76646360434795,147.94051753544557,307.1666666666667,22.09882110429902,0.5749049406019386,2.3191123526967345,-0.00042326515540480614,1.7371247112751007,0.8681391030550003,3.012218713760376,0.9992790073156357,0.0037841796875,0.001779555663233623,0.8775860816240311,0.3736981749534607,4.465450286865234,2.3846901943034027,0.6054645860159072,0.22169286012649536,0.2155807763338089,0.23234838247299194,884.77411705837,2.388697211930973,5.0099828580442995,1.6299757012660274,0.9041886595978569,0.0,1.0,0.0
561,1148928,120.60435188616607,146.07273823069048,308.0,22.07903427917774,0.5491845742574581,2.3182363475537757,-0.002051574643701315,1.3737088441848755,0.68480284512043,3.0483344197273254,1.0010796189308167,0.01171875,0.0005701434856746346,0.9111911952495575,0.44824638217687607,3.0484864711761475,2.3786355787015054,0.6053454160486944,0.2215430736541748,0.21540497243404388,0.23240619897842407,840.8103060372605,,,,,,,
562,1150976,123.06200216507987,143.8370689993194,303.8333333333333,22.144621005510032,0.5580751495098522,2.3204382124424554,-0.001015285262838006,0.9338978677988052,0.4659336432814598,3.046061396598816,1.001964807510376,0.016845703125,-6.63729733787477e-05,0.9394553005695343,0.4652436077594757,1.8026594519615173,2.386559242106159,0.6090397511000064,0.22138381004333496,0.21528175473213196,0.23242753744125366,889.8661670250009,,,,,,,
563,1153024,126.02611207259018,141.41046700683646,321.1666666666667,22.612206855337263,0.5513604061732682,2.3490708133909086,-0.0020231542293913662,0.786511093378067,0.3912323862314224,3.0374215245246887,1.0011692345142365,0.037109375,0.00201065897999797,0.9462844431400299,0.5553186759352684,1.0717909932136536,2.389847782542347,0.6045658766193645,0.22123554348945618,0.21514271199703217,0.2324853092432022,889.4444040542254,,,,,,,
564,1155072,128.68803717611348,138.25660902397246,322.1666666666667,22.221330394920006,0.5446061913934228,2.327442515004568,-0.0006584094371646643,1.1926125586032867,0.5956478714942932,3.014822244644165,0.9970226585865021,0.0445556640625,0.006622521672397852,0.9248280376195908,0.362301267683506,1.7375484108924866,2.397022029486834,0.5921430476701521,0.2211279273033142,0.21498548984527588,0.23248955607414246,895.974571568969,,,,,,,
565,1157120,131.4863678197917,134.65240964075926,332.5,22.808314494447764,0.5611487290052459,2.3600443692658386,-0.0010002003982663155,1.019862323999405,0.5089309513568878,3.05478435754776,0.9987724870443344,0.0159912109375,0.0031085052323760465,0.9341980516910553,0.27642587572336197,1.8480871319770813,2.3949445383186685,0.5986725321557401,0.22106590867042542,0.21489931643009186,0.2324153184890747,879.8026041540958,,,,,,,
566,1159168,146.00700599142615,134.09206122331582,345.8,21.31020640089934,0.5443935411798175,2.2800379533143853,-0.0015795978251844645,1.3527616262435913,0.6748012155294418,3.0421537160873413,0.9997362941503525,0.0445556640625,0.003886934311594814,0.9309788793325424,0.4708433970808983,2.7195568680763245,2.392824584210757,0.6025706411376509,0.22105807065963745,0.21479611098766327,0.23246312141418457,885.8356165228208,,,,,,,
567,1161216,122.14320679878556,130.8491819631298,311.1666666666667,21.747544391558844,0.5462680538476925,2.3010383967122947,-0.0012140086619183421,0.8516276478767395,0.4245998188853264,3.0416266918182373,0.9976819604635239,0.0435791015625,0.005993606071569957,0.9480952322483063,0.45583276450634,2.018855541944504,2.3949311124015367,0.6144258150753946,0.22109279036521912,0.2146749049425125,0.23252825438976288,829.1772007025522,,,,,,,
568,1163264,145.83546846664382,130.98007384109798,347.6,21.26823625293887,0.5499838004502371,2.2785297567795113,-0.0005671732360497117,1.1652198433876038,0.5820427536964417,3.023417115211487,0.9994173496961594,0.005126953125,0.0016831527464091778,0.937280461192131,0.3835141658782959,2.241915762424469,2.4089093310612952,0.604239347659204,0.22106827795505524,0.21456116437911987,0.23250548541545868,873.951763563585,,,,,,,
569,1165312,131.3410768296282,130.19469680957542,333.5,23.252231146189278,0.5645009476554868,2.3838100781591565,-0.0015675978502258658,0.9374190717935562,0.46714193373918533,3.021199107170105,1.0017850399017334,0.01025390625,-0.00045889659668318927,0.9450044631958008,0.37215282022953033,2.747319996356964,2.4115535010496387,0.6041353510909447,0.22104091942310333,0.21449947357177734,0.2325027734041214,883.1285860929296,,,,,,,
570,1167360,133.7780024524615,129.70481122916124,335.5,23.005872833286997,0.5624453012175199,2.3694223636955147,-0.003283659927546978,0.7787974625825882,0.38611507415771484,3.0299630165100098,0.9969187676906586,0.0460205078125,0.006912122713401914,0.958509549498558,0.48807772248983383,1.676828145980835,2.4217520355596207,0.6091042329129506,0.22100137174129486,0.21446409821510315,0.23249481618404388,890.6614559497566,2.360858121511047,5.005800118443453,1.3921966055366308,0.7082789624345959,0.0,1.0,0.0
571,1169408,142.74233257426502,130.35353983554265,354.2,21.155559743434274,0.5541538006566002,2.2740740168749864,-0.0019626207649707794,1.1217775642871857,0.5589261502027512,3.0165992379188538,0.9994956851005554,0.0413818359375,0.004088480724021792,0.9399394094944,0.40464819595217705,2.6271101236343384,2.422706818819279,0.6082917009276484,0.2209581434726715,0.21436534821987152,0.23258478939533234,882.9821769346028,,,,,,,
572,1171456,159.7662760518925,131.2393796256377,390.8,22.089326142804847,0.5448130941265138,2.326159555509869,-0.0009314490016549826,1.3298377990722656,0.6639874428510666,3.028961181640625,0.9994795918464661,0.002197265625,0.001402484267600812,0.9487258642911911,0.5059193521738052,3.1482436060905457,2.432796441935352,0.6060644769476203,0.2209007740020752,0.21427224576473236,0.23256464302539825,895.0450448343124,,,,,,,
573,1173504,144.44357436378203,131.56391478282288,364.8,21.032999480218983,0.5413908940322654,2.267752538427192,-0.000997920986264944,1.2514274716377258,0.6247158050537109,3.0246781706809998,1.0020761489868164,0.0167236328125,0.00018116219143848866,0.9343784898519516,0.4331218898296356,1.007579728960991,2.428339955076808,0.60964632250698,0.220854252576828,0.21420970559120178,0.23242656886577606,837.2029630314358,,,,,,,
574,1175552,154.50280967829255,132.6831780914382,382.2,20.81055328991944,0.5391681073049743,2.2561548143138257,-0.0017527840100228786,1.7601288855075836,0.8783116638660431,3.074619710445404,0.9998784363269806,0.0111083984375,0.0017963590944418684,0.9122118055820465,0.3572602942585945,1.4433980286121368,2.4300677540741162,0.6010827202163419,0.22079214453697205,0.2141253799200058,0.2324117124080658,888.4745851704537,,,,,,,
575,1177600,145.59777477196027,133.3233411197,359.8,19.823517303401193,0.5287877951525086,2.200193462397569,-0.0031672362238168716,1.5983789265155792,0.7960222214460373,3.041871190071106,0.9971307218074799,0.0478515625,0.006708940039970912,0.9275028705596924,0.6497095972299576,2.2610000371932983,2.4394549949647626,0.6056322625041766,0.2207605242729187,0.21405567228794098,0.23258785903453827,885.601376677954,,,,,,,
576,1179648,164.72227449401552,135.26493438525043,382.6,19.664436422469528,0.514103029830833,2.191092552756987,-0.002696572511922568,2.4095428586006165,1.2020748555660248,3.0072277784347534,0.9912218451499939,0.0926513671875,0.015949240463669412,0.9108690023422241,0.5928543955087662,2.450628936290741,2.448665392206749,0.6048393892860155,0.22072100639343262,0.21403732895851135,0.23271211981773376,892.3590866959302,,,,,,,
577,1181696,183.73615196490357,138.45038143012786,405.6,19.329909623085115,0.5175250432510272,2.17181817043592,-0.0016060540219768882,2.7404056191444397,1.368596762418747,3.0131131410598755,0.9981851279735565,0.05419921875,0.005968218756606802,0.9163972735404968,0.5687523260712624,3.8790873289108276,2.44063036206353,0.6052771875305717,0.22073248028755188,0.21409103274345398,0.23275542259216309,888.7162310746801,,,,,,,
578,1183744,148.86515201105018,139.93901899018738,346.4,19.818957543238703,0.5367408847731063,2.197470196553273,-0.0019609768642112613,1.191314309835434,0.5936961770057678,3.037025570869446,0.997296541929245,0.0845947265625,0.008777708353591152,0.9471814781427383,0.5646437257528305,2.9350878596305847,2.4339108372223563,0.6046375784237409,0.22075584530830383,0.21425990760326385,0.23272885382175446,893.1463983735117,,,,,,,
579,1185792,135.41684018817978,140.98964175170022,324.6666666666667,20.392825279430767,0.5303304894504437,2.2266029160850302,-0.0021574620623141527,0.584905207157135,0.29029514640569687,3.026279091835022,0.9993514120578766,0.030517578125,0.0035782937484327704,0.9658920764923096,0.46635521203279495,1.6851716041564941,2.427949970064219,0.6026630691709914,0.22075766324996948,0.21442767977714539,0.23275917768478394,895.3713107258856,,,,,,,
580,1187840,147.49143860806376,142.7118969270593,338.0,19.860563119120506,0.5293744162169667,2.195651793123195,-0.0026889684377238154,1.2014469504356384,0.5980345159769058,3.004443943500519,1.0019003748893738,0.0174560546875,6.586266681551933e-05,0.9403908252716064,0.39867569506168365,1.3955937623977661,2.436823595970054,0.6112092558049836,0.22077371180057526,0.21449823677539825,0.23288984596729279,821.2791502956353,2.196639850225851,5.018723368380726,1.5592358760240648,0.8486380752533086,0.0,1.0,0.0
581,1189888,123.20262718574052,142.68253608024543,305.1666666666667,20.69598539312984,0.5593435925960111,2.240717774269682,-0.0015489808283746243,0.645511731505394,0.32120688259601593,3.061621606349945,0.9989588409662247,0.045166015625,0.004643800741177984,0.9528843611478806,0.6888398379087448,1.133116289973259,2.4249972324905684,0.5969819436619821,0.22079792618751526,0.21456699073314667,0.2330896109342575,886.566295292053,,,,,,,
582,1191936,130.953931803223,142.53923399588015,309.0,19.75228989853713,0.5346243204254848,2.1875860400339873,-0.0009804845904000103,0.7255340367555618,0.36178652942180634,3.0280003547668457,0.9976597726345062,0.028564453125,0.0048742087674327195,0.956627145409584,0.4720170497894287,2.0084188878536224,2.4376621373085072,0.6124883263497869,0.22082091867923737,0.21460846066474915,0.23323288559913635,894.0777728557276,,,,,,,
583,1193984,140.95987955593782,143.00662926926879,318.6666666666667,18.864998931247204,0.49877763778424733,2.1370357159137496,-0.000788993202149868,0.9747245758771896,0.4865732938051224,3.0213624238967896,1.0008230209350586,0.031494140625,0.0018395488732494414,0.9546073377132416,0.34314364194869995,1.1251387894153595,2.4390778851666255,0.6036874347627651,0.22084179520606995,0.2146068662405014,0.23330315947532654,897.3459302809678,,,,,,,
584,1196032,137.9457032135122,143.3550618342967,313.1666666666667,18.552179726472573,0.49758021139940845,2.118355180083975,-0.0021130982786417007,1.0215899348258972,0.5086818784475327,3.040748655796051,0.9992563277482986,0.0076904296875,0.0021875298116356134,0.9456499218940735,0.6889024525880814,0.9933972209692001,2.4345182605902664,0.6105599223231654,0.22082975506782532,0.21455799043178558,0.23330244421958923,885.4306159539659,,,,,,,
585,1198080,147.20269404930346,144.56941434882964,324.3333333333333,18.389226480737392,0.49186566072904586,2.1091633471729265,-0.0009345122380182147,0.9397927969694138,0.4689618870615959,3.042719542980194,0.9983413368463516,0.036865234375,0.004960231643053703,0.95708929002285,0.6489380151033401,1.0086548328399658,2.4408304140233668,0.6061763414750269,0.2207733690738678,0.2144661396741867,0.23322640359401703,896.3343732220044,,,,,,,
586,1200128,159.31859715708794,145.47546475809634,338.1666666666667,18.300652712878023,0.49526264795289726,2.103207472049221,-0.0006333761848509312,0.9717502892017365,0.48524177074432373,3.013451337814331,1.0006270110607147,0.0009765625,0.0004480969946598634,0.9614073187112808,0.41355208307504654,2.4311059713363647,2.445858759616385,0.613731714431574,0.22066068649291992,0.21430441737174988,0.23307132720947266,802.2195930796439,,,,,,,
587,1202176,137.28976167035754,145.83238584854016,317.0,18.81952185647799,0.5097286241883021,2.1331076943187606,-0.0034692061599344015,0.7447546869516373,0.3689081370830536,3.031109094619751,0.9995847940444946,0.04052734375,0.0038613967335550115,0.963440328836441,0.6054276376962662,0.8616608381271362,2.4433376202505315,0.610924579479204,0.22056713700294495,0.21415425837039948,0.23292501270771027,888.194262379475,,,,,,,
588,1204224,167.26995454903286,147.24545861774644,356.6,16.529305949544824,0.47808880552988575,1.9999344302709496,-0.001759712293278426,1.4715226888656616,0.734001636505127,3.0233794450759888,0.9999493360519409,0.0216064453125,0.0023842133668949828,0.9483126699924469,0.4246840327978134,2.342695713043213,2.4409241977264173,0.6022943577062603,0.22053033113479614,0.2140306532382965,0.232808917760849,886.1427824065763,,,,,,,
589,1206272,163.10818510653306,148.47094888160902,360.4,17.119013865503547,0.4775252881396881,2.037726900803516,-0.0023190794745460153,2.365489363670349,1.180425614118576,3.0356069207191467,1.0001502335071564,0.0462646484375,0.0037782381841680035,0.9260945469141006,0.4824621230363846,2.8358415961265564,2.444288980521378,0.6161209746252064,0.22049808502197266,0.213856503367424,0.23278029263019562,892.2394668863495,,,,,,,
590,1208320,179.2429155958876,149.45261986508118,388.0,17.543864467598095,0.49257019927849793,2.064420304898683,-0.002077828045003116,1.577042669057846,0.7864435017108917,3.022146165370941,0.9985431432723999,0.0445556640625,0.005324318481143564,0.9444780349731445,0.5530182421207428,2.207443058490753,2.454982066716184,0.6117517014390805,0.22042763233184814,0.21366827189922333,0.23271337151527405,897.0799707473601,2.1482306399996016,5.022334512164087,1.3170953697068646,0.8556564106203275,0.0,1.0,0.0
591,1210368,190.94677879291868,151.6758258756477,402.4,18.068884411935556,0.49284009612732704,2.09659251479638,-0.0015313599724322557,2.9758495688438416,1.4863934218883514,3.0532866716384888,0.9992054253816605,0.0257568359375,0.003451628392213024,0.929448202252388,0.4226643592119217,4.970150947570801,2.462406057311455,0.611605012521784,0.2203851342201233,0.21345652639865875,0.23266848921775818,883.0834423810214,,,,,,,
592,1212416,202.18073434711343,154.1957723174341,409.5,16.212225620519344,0.4776994089562185,1.9844485568831025,-0.0018713262397795916,2.5068230032920837,1.251540184020996,3.0215944051742554,0.9986727237701416,0.01123046875,0.002893134325859137,0.9348558485507965,0.32573122158646584,3.7569082975387573,2.4629141437617363,0.6064830186098836,0.22033658623695374,0.21330362558364868,0.23262865841388702,820.4142051468972,,,,,,,
593,1214464,159.03981026880123,154.5143774365913,365.6,18.906856342610812,0.5283241955185402,2.1457681554234367,-0.0022785417386330664,0.7726333439350128,0.38403813540935516,3.038478195667267,0.9987941980361938,0.029052734375,0.0037693612975999713,0.9653169810771942,0.4687313139438629,1.128064513206482,2.463387943105772,0.6021311520203884,0.2202528417110443,0.21323619782924652,0.23261837661266327,878.5369646716948,,,,,,,
594,1216512,217.7829490585596,157.21647880870177,433.0,15.050782606393636,0.46516908119723566,1.9103627973630604,-0.001530153036583215,3.4403300881385803,1.7186349034309387,3.015348732471466,0.999723806977272,0.044677734375,0.004138595017138869,0.919726088643074,0.4288359433412552,4.103878617286682,2.459578628069721,0.6130954158350254,0.22012391686439514,0.21325601637363434,0.23241256177425385,894.780420271563,,,,,,,
595,1218560,192.23657917220163,157.17004661778154,390.8,16.945627543325365,0.46479255233471795,2.027330594815845,-0.0037775496020913124,1.3472269177436829,0.6698359102010727,3.0281794667243958,1.0012335777282715,0.0439453125,0.0025784133904380724,0.9627516567707062,0.4928935021162033,2.1135257482528687,2.46409422250872,0.6081369750251869,0.22000199556350708,0.21338607370853424,0.2321404367685318,895.1055832559126,,,,,,,
596,1220608,181.4287330905794,158.32826097494674,382.4,16.17627395722871,0.47171913357005624,1.9781761675813656,-0.00024534377735108137,1.7583039999008179,0.8789066672325134,3.0363641381263733,0.9994707852602005,0.0096435546875,0.002084234991343692,0.953233152627945,0.40595607459545135,2.1362055838108063,2.4725421606271993,0.6141791004748605,0.21989619731903076,0.2135385125875473,0.23189565539360046,888.3592108790865,,,,,,,
597,1222656,213.15374014918643,161.28300376175437,416.25,15.03559649973033,0.4553716245230319,1.9073112433976351,-0.0015950315864756703,2.0779066681861877,1.037358283996582,3.0190603733062744,1.000106930732727,0.006591796875,0.001268985288334079,0.9510452747344971,0.5286624133586884,2.0628345608711243,2.4595372648182092,0.6129557423445615,0.21982169151306152,0.21358320116996765,0.23179389536380768,889.8625100940938,,,,,,,
598,1224704,172.38803793841254,163.0696246625063,374.4,16.58517641692484,0.4753847489092008,2.0033127906619317,-0.002096461015753448,1.4678296148777008,0.7318183481693268,3.000158429145813,1.0013623535633087,0.05224609375,0.0026128873432753608,0.9538453370332718,0.48532135784626007,2.595092475414276,2.4545459199143806,0.6098780213432028,0.21974976360797882,0.21350838243961334,0.231764554977417,864.4779149836603,,,,,,,
599,1226752,180.3962695252407,164.37255064751497,374.4,15.90758342793927,0.47522054118611623,1.9591928497832936,-0.002317720092833042,1.771431803703308,0.8833981901407242,3.001027286052704,0.9990721046924591,0.035400390625,0.004047078968142159,0.9450619369745255,0.7065847665071487,2.382795214653015,2.4592859949189005,0.6087616665387924,0.21966516971588135,0.2134552150964737,0.2316988855600357,854.0979175194148,,,,,,,
600,1228800,148.71038231921597,165.64722622348836,333.4,18.37606818435738,0.5063084518688198,2.1079130464562628,-0.000831164768896997,0.6910550892353058,0.34469638019800186,3.0070059299468994,1.0029392838478088,0.0540771484375,0.0013482524518622085,0.9728668630123138,0.7648610472679138,1.5146563649177551,2.4491153821727494,0.6044685626589509,0.2195911854505539,0.21344129741191864,0.23160414397716522,890.9719185883816,2.079777073477342,5.0182671925473565,1.439150477174886,1.2483322962144907,0.0,1.0,0.0
601,1230848,186.9910210931918,168.5020236018051,380.4,15.513896174656418,0.4567025799958654,1.9345940015425236,-0.0029317468870431185,1.0901242196559906,0.5421303510665894,2.997779905796051,1.0008761286735535,0.0284423828125,0.00161433158791624,0.9645024985074997,0.5369817242026329,1.7723408043384552,2.451989930792479,0.5977984918721315,0.21954549849033356,0.21341626346111298,0.23158860206604004,875.7529470358874,,,,,,,
602,1232896,176.3707458919318,170.9566705223393,367.0,16.555086781614996,0.48787426893005026,2.0001266574718497,-0.0006045696791261435,0.7076061367988586,0.35319849848747253,3.028969705104828,0.9987924993038177,0.0430908203125,0.004890745884040371,0.9743900448083878,0.48479124903678894,0.7613721936941147,2.454722184658749,0.6020842916931258,0.2194734364748001,0.21337784826755524,0.23162147402763367,892.1555854924264,,,,,,,
603,1234944,173.55452253111156,172.3143246367057,362.8,16.19844101724453,0.4823070789024785,1.9774713557394015,-0.0018748631700873375,1.0844607055187225,0.5403554737567902,3.0058621168136597,1.0000615417957306,0.008056640625,0.001355330110527575,0.9646817296743393,0.45360293984413147,1.5178847312927246,2.458519513325882,0.6032101269580712,0.21939963102340698,0.21333613991737366,0.23177342116832733,881.3854002019507,,,,,,,
604,1236992,191.53901590075006,175.11450770358977,384.6,15.962523337827575,0.45860513915208945,1.9640666029277856,-0.002244330709800124,1.420081228017807,0.7077962756156921,3.0213069319725037,0.999808594584465,0.021240234375,0.002606394249596633,0.9638337790966034,0.5736521631479263,2.9367579221725464,2.461306902594515,0.5946358038491636,0.21928824484348297,0.21321377158164978,0.23184436559677124,896.4904375308633,,,,,,,
605,1239040,179.75759746457183,176.58195017913903,373.8,16.291649573956057,0.4763951854561398,1.985682612385068,-0.0021202455973252654,0.8774414509534836,0.4366004839539528,3.002083659172058,1.001586526632309,0.042724609375,0.002080780963297002,0.9694518446922302,0.5012044981122017,1.5354062020778656,2.4574325675494038,0.599206641133014,0.2191428244113922,0.21310821175575256,0.23176629841327667,821.8725764210543,,,,,,,
606,1241088,200.5417663171757,178.69086535122761,397.8,16.316119588063312,0.4587926858959939,1.9873723249209103,-0.0011056293733417988,1.9848650097846985,0.9913268834352493,3.0086463689804077,0.9997105300426483,0.0115966796875,0.0021634518343489617,0.9446456283330917,0.3942158743739128,1.8288098871707916,2.4553894557320746,0.601879172043752,0.21901331841945648,0.21295668184757233,0.23163069784641266,871.2878002074842,,,,,,,
607,1243136,200.33627540039714,181.3787776583098,402.6,16.62973716387775,0.47060801135933317,2.0072805558161813,-0.0009593908907845616,2.6481255292892456,1.3231033682823181,3.019450306892395,0.9956869184970856,0.0313720703125,0.0073190659313695505,0.9366132169961929,0.3147376850247383,2.4151931405067444,2.4632868727348978,0.5939302196826612,0.21891076862812042,0.21282994747161865,0.231464684009552,877.3590862618802,,,,,,,
608,1245184,190.75485500152118,183.88894925809356,401.0,16.63837370373567,0.48955664072866456,2.0066455514064088,-0.002120415447279811,1.5717777609825134,0.7837684601545334,3.0036489963531494,0.9999739080667496,0.052978515625,0.004276501334970817,0.9526447355747223,0.5225824862718582,1.4003520905971527,2.462350967893144,0.6001388805277372,0.21891292929649353,0.21283459663391113,0.23147541284561157,886.6475324385283,,,,,,,
609,1247232,203.69107452222664,185.79661906462925,411.5,13.784405564432962,0.4391159985370554,1.8242231987253517,-0.0011094564106315374,2.4415398240089417,1.219660460948944,2.9811726808547974,1.0013428032398224,0.034423828125,0.0018803256534738466,0.9482816308736801,0.36438125371932983,2.886996567249298,2.4685486840171507,0.593495040719581,0.21891924738883972,0.21292835474014282,0.23150761425495148,889.0592757101224,,,,,,,
610,1249280,195.04670344569226,186.85853418975626,404.2,16.638806634645853,0.486861831693734,2.0065217405327775,-0.0033371406607329845,1.4788604974746704,0.7360931038856506,3.030888855457306,1.0011200308799744,0.0306396484375,0.0015921680023893714,0.9567517638206482,0.545438289642334,1.2272921204566956,2.467651589628076,0.6009603795871651,0.21893344819545746,0.21314269304275513,0.23157256841659546,890.6218368161035,1.9622939379416235,5.0178653905610915,1.1994095978081094,1.3507579408393093,0.0,1.0,0.0
611,1251328,237.01351146574018,188.95483508939876,447.5,13.653655662012902,0.41436660154625704,1.8159262129996794,-0.0013824893394485116,3.9875599145889282,1.9923974871635437,3.009525775909424,0.9990293085575104,0.0123291015625,0.0028933486610185355,0.9365557581186295,0.47190820425748825,5.706944942474365,2.4654347191681154,0.6101881786012971,0.21898064017295837,0.21329817175865173,0.23159536719322205,806.0642328155627,,,,,,,
612,1253376,195.18436342683802,189.4937348534448,416.75,16.176207988580032,0.4937615063889653,1.9812437085964245,-0.0018529838416725397,1.2003666460514069,0.5983303487300873,3.013080656528473,1.0033406019210815,0.0118408203125,-0.001383075345074758,0.9687408208847046,0.5406140759587288,1.9656173288822174,2.458783403679263,0.5994900907846842,0.21899275481700897,0.21334528923034668,0.23159871995449066,884.7847766823381,,,,,,,
613,1255424,261.33204933784805,191.19857860910076,507.0,15.025564295390618,0.4605691959589908,1.9096268360809476,-0.0008723072241991758,5.891680598258972,2.9449679851531982,3.0041770339012146,1.0000569522380829,0.0128173828125,0.0018961538735311478,0.9215172529220581,0.3317440077662468,7.542060017585754,2.454083144373726,0.5954088144722491,0.21898043155670166,0.21344543993473053,0.23159551620483398,892.420978796337,,,,,,,
614,1257472,243.18356876111338,194.05262325417115,496.0,15.720888486297591,0.47630953416612476,1.954395375606769,-0.0011714888969436288,4.772111654281616,2.3848843574523926,2.9766059517860413,0.9995133876800537,0.0244140625,0.0028442070179153234,0.9243649542331696,0.42920126020908356,4.941980481147766,2.4600600699486677,0.6016202906372985,0.21895663440227509,0.2135148048400879,0.23148086667060852,895.5226662111021,,,,,,,
615,1259520,249.07514014449274,196.89816255382985,495.0,15.078781944334672,0.4628209963647739,1.9116642510636042,-0.0019311047508381307,5.171163558959961,2.583650588989258,2.999709665775299,1.0013563632965088,0.0185546875,0.0007633721979800612,0.9252705127000809,0.49474333226680756,5.466328382492065,2.4637180816062028,0.6114775292237362,0.2189270257949829,0.21354219317436218,0.2314424216747284,899.3567464169869,,,,,,,
616,1261568,305.3179298936771,200.13332483117028,546.0,13.893216399086675,0.4429571485806725,1.835283083074312,-0.0012712766183540225,6.640015125274658,3.318736255168915,3.013244330883026,1.000580072402954,0.0015869140625,0.0002330797869944945,0.9120248705148697,0.30645857006311417,6.612368702888489,2.450756148493383,0.6008156356186557,0.21886895596981049,0.2134503275156021,0.2314380407333374,884.6664072308324,,,,,,,
617,1263616,270.7120577956516,202.3411276169314,503.0,13.36568812883045,0.4272374704871747,1.7985730005184626,-0.0015199718764051795,6.96578049659729,3.481370270252228,3.015923321247101,0.9987561255693436,0.0208740234375,0.0033502187579870224,0.9000510275363922,0.5409561395645142,6.041323661804199,2.4575493357988307,0.6052958584100983,0.2188224196434021,0.2133469432592392,0.23149120807647705,836.1277589916193,,,,,,,
618,1265664,245.7251932627022,204.74176076460049,503.25,15.385965839012744,0.4846563804731219,1.9323111121288183,-0.0002505218144506216,8.21881914138794,4.109158992767334,3.0262709259986877,1.0005179345607758,0.01953125,0.0016763922903919592,0.8884954899549484,0.35332953929901123,6.265362024307251,2.4632639624614967,0.601173506671287,0.2187776416540146,0.21333816647529602,0.23153281211853027,860.903218025033,,,,,,,
619,1267712,211.606160696771,204.83472783638368,444.75,15.009988921537852,0.46044747281992715,1.907073562146039,-0.001844781101681292,2.358599603176117,1.1774550378322601,3.0142781138420105,0.9996361136436462,0.0146484375,0.0020452512108022347,0.9485916346311569,0.4263629615306854,3.3186448216438293,2.4601160917663947,0.6042191908880359,0.21870377659797668,0.2132623940706253,0.23147974908351898,885.5128745133812,,,,,,,
620,1269760,294.02602564621594,207.58755669523137,530.0,11.183345396131182,0.3738443970170221,1.642243940474095,-0.0011845305562019348,11.34589147567749,5.671761155128479,2.9950042366981506,0.998888686299324,0.0142822265625,0.0031561758078169078,0.8900496959686279,0.3778430074453354,11.43252182006836,2.465003906239872,0.5989201585949487,0.21864475309848785,0.2131180614233017,0.2314278483390808,894.3763880112351,1.85800821472959,5.024711398816748,0.9977997364585803,1.478560681636681,0.0,1.0,0.0
621,1271808,369.35030891193304,213.48533338651706,642.0,11.60179207140909,0.38837760342290134,1.6736877638022865,-0.0009741323301568627,20.11928415298462,10.0586678981781,2.9944909811019897,1.0008023083209991,0.014892578125,0.0010198049567406997,0.8555299639701843,0.5373401939868927,17.643832683563232,2.458309119916521,0.6082356210643194,0.21857896447181702,0.21293045580387115,0.23132529854774475,880.9340608187671,,,,,,,
622,1273856,240.3921088033806,216.78718833630552,485.25,14.74037010528901,0.46266946335304093,1.8891045451889692,-0.00175694830249995,3.2753471732139587,1.6359166502952576,3.0023919343948364,0.996821865439415,0.0460205078125,0.006967924011405557,0.9290902018547058,0.5169682279229164,1.6216852366924286,2.461278472605045,0.6067201554202798,0.2184743881225586,0.21256788074970245,0.23126943409442902,899.4836605838234,,,,,,,
623,1275904,346.44663736300646,221.40821310979834,631.6666666666666,12.157853813081788,0.40677435595557637,1.714727582989369,-0.0012891668011434376,16.12761092185974,8.062516331672668,2.9912561178207397,0.9995671063661575,0.005126953125,0.0011813124438049272,0.8649789541959763,0.4697262570261955,13.297243118286133,2.4635927437630016,0.6020617675604245,0.21839600801467896,0.2122536301612854,0.23131418228149414,831.471871620791,,,,,,,
624,1277952,293.80354442853195,225.78867061339662,548.0,11.888889791511934,0.4127417436079956,1.6944810336320062,-0.0008078653481788933,6.4328354597091675,3.215609848499298,3.0026641488075256,1.0000201314687729,0.0281982421875,0.002550341989262961,0.9227726012468338,0.4365025460720062,8.240408062934875,2.458627188956598,0.6060746709430734,0.2184164822101593,0.21206994354724884,0.23140154778957367,891.6927944328622,,,,,,,
625,1280000,248.79885360869022,228.4781032754497,545.3333333333334,13.255004026664505,0.47481161932924754,1.7919566474002928,-0.0023195332614704967,7.769689917564392,3.882525384426117,2.9760822057724,1.0002919435501099,0.0264892578125,0.002295266298460774,0.8966434001922607,0.589286208152771,6.612333178520203,2.459691791504156,0.6135249435945155,0.21846410632133484,0.21198035776615143,0.23142234981060028,895.2546726222131,,,,,,,
626,1282048,359.4217896715472,233.51951533407973,660.0,12.694456709778528,0.42889888655842173,1.7540972629957348,-0.0030625269282609224,16.38499164581299,8.189433097839355,2.9968006014823914,0.9985015392303467,0.0556640625,0.005956370630883612,0.876633033156395,0.6848602592945099,15.956172943115234,2.458604473460582,0.6073774469441965,0.2184678465127945,0.211903378367424,0.23144802451133728,893.5435523272204,,,,,,,
627,1284096,270.56053077152353,235.09069317844214,570.0,12.000588429973545,0.5221590893836847,1.7089376649410546,-0.0017975206719711423,20.665499210357666,10.330952167510986,2.986021399497986,0.999481201171875,0.03076171875,0.003397123233298771,0.7716854512691498,0.4713652655482292,8.908588886260986,2.457207149840542,0.6051045762235638,0.21845105290412903,0.2118426114320755,0.23144565522670746,895.4459907544023,,,,,,,
628,1286144,480.40719134729045,241.25061773258378,843.5,9.524045857056331,0.37664378606937066,1.517322345266615,-0.004351474577561021,65.81294441223145,32.90212059020996,2.989017069339752,1.0018248558044434,0.0194091796875,0.0003381164569873363,0.7605176568031311,0.7269210070371628,44.67941665649414,2.4615563661936903,0.6051067371350285,0.21840964257717133,0.21180379390716553,0.23137865960597992,892.4373736598765,,,,,,,
629,1288192,562.5708099509146,248.66840691808306,857.0,6.592742404674647,0.3607808868802394,1.2558514783446233,-0.001931060804054141,128.32672119140625,64.16143035888672,2.9727144837379456,1.0005901157855988,0.05859375,0.004006616276456043,0.5632776468992233,0.5756993442773819,58.25312805175781,2.4660282098629978,0.614040840587268,0.218394935131073,0.21186159551143646,0.2312384694814682,891.403159206911,,,,,,,
630,1290240,467.12952989198044,254.40037862228965,870.0,10.638316201385777,0.3948587005174381,1.6084179143944186,-0.004196613561362028,116.30844497680664,58.15002632141113,3.016228199005127,0.9980642050504684,0.022705078125,0.004350356321083382,0.3847934603691101,0.7712156027555466,36.223642349243164,2.4612265935138566,0.6060955295677034,0.21842235326766968,0.21195822954177856,0.23116637766361237,822.8796111828752,0.8578013304532343,2.7434083546907133,0.3858721409959142,1.8565131901297307,0.0,0.5,0.5
631,1292288,486.47845141362274,261.3661821804342,887.0,10.950179963104542,0.4012170678305309,1.6319255539394308,-0.001379344961605966,100.65454483032227,50.32589340209961,2.984827756881714,0.9975329637527466,0.033203125,0.005615743677481078,0.40606923401355743,0.6632053107023239,32.27854824066162,2.4653164171613753,0.6082169950738997,0.21844464540481567,0.21207036077976227,0.23112542927265167,894.7883367474276,,,,,,,
632,1294336,336.8361307096519,264.2690490916084,738.5,11.866177037146066,0.4409549846281846,1.6989422783744497,-0.004613339260686189,71.46496963500977,35.727871894836426,2.9705721735954285,1.0017711520195007,0.03857421875,0.0017199960420839489,0.3690425008535385,0.8387532234191895,34.87537479400635,2.4624888908292633,0.6086622465038323,0.2184557318687439,0.21220140159130096,0.23106379806995392,898.3934635935283,,,,,,,
633,1296384,604.7785434887412,272.3584879049082,928.5,7.371728619904547,0.328249038286891,1.336371186772637,-0.0012081339955329895,384.2916793823242,192.1446304321289,2.9945053458213806,1.0003725290298462,0.0057373046875,0.0007534601754741743,0.08620186150074005,0.4776172339916229,87.21096801757812,2.45946479900158,0.6141378535870944,0.2184460610151291,0.21230541169643402,0.2310718446969986,892.531949797125,,,,,,,
634,1298432,371.2774318955069,275.9308690323733,757.5,10.464759384148657,0.4969510979023021,1.5890882124149122,-0.003114710678346455,23.207212924957275,11.600491762161255,2.9709906578063965,0.9986511170864105,0.0445556640625,0.005085050957859494,0.7104779481887817,0.5956011265516281,19.981149196624756,2.4646844525268534,0.6167831014874723,0.21843358874320984,0.21232976019382477,0.23114226758480072,897.6871250761847,,,,,,,
635,1300480,359.82532711221563,279.8008988206711,901.0,14.883954009352577,0.5249172656022183,1.9134011295582944,-0.00155997445108369,88.51325607299805,44.2550687789917,3.0208370685577393,1.0000722706317902,0.06494140625,0.005026850427384488,0.30348290503025055,0.6321810930967331,53.2338228225708,2.4591147850296693,0.6062752706162166,0.21840400993824005,0.2122587263584137,0.2312103658914566,870.5323858192395,,,,,,,
636,1302528,219.2578938013359,280.6408580523171,765.5,19.05787031458258,0.5866272876362402,2.168028865868542,-0.0037727360613644123,109.46069717407227,54.72657585144043,2.9787585139274597,0.9998589605093002,0.04052734375,0.003674669860629365,0.34895002841949463,0.7442141026258469,77.879638671875,2.4567133122473024,0.6085879515667016,0.2183976173400879,0.21227484941482544,0.23130589723587036,826.1921267606151,,,,,,,
637,1304576,432.4738069087149,285.4892864562366,1001.0,11.432096245061556,0.5478393049613504,1.673178232060332,-0.0029675685800611973,60.5264835357666,30.260274410247803,2.979370892047882,1.001890778541565,0.083251953125,0.004181055774097331,0.28070780634880066,0.7771081328392029,37.852691650390625,2.45523407588189,0.6208632975596257,0.2184223234653473,0.21235637366771698,0.23134639859199524,892.8812181401237,,,,,,,
638,1306624,644.0568799014909,294.1678251080774,1001.0,3.472617380261074,0.3410079818798509,0.8989598640417797,-0.0032314893323928118,199.4097442626953,99.70164108276367,2.996955454349518,1.0023510456085205,0.0556640625,0.0017419199139112607,0.2303827852010727,0.7714962810277939,84.71308135986328,2.4574806989112403,0.619652297757543,0.21845227479934692,0.212471142411232,0.23132246732711792,889.1730302284485,,,,,,,
639,1308672,528.6984697317727,300.86948713947186,905.0,9.980148941821971,0.39947652138380463,1.5583635918614431,-0.002911869902163744,374.4559097290039,187.22504425048828,2.9406479597091675,0.9985802918672562,0.012939453125,0.0032800605258671567,0.11343419551849365,0.9088321030139923,100.47366333007812,2.458627805492142,0.6185785470337777,0.21846625208854675,0.21254085004329681,0.23126830160617828,896.8172555517881,,,,,,,
640,1310720,467.5058771023903,305.6371627300347,1001.0,6.0932267060247955,0.5133269014244717,1.2085951698177688,-0.0018759436206892133,65.57963180541992,32.78794002532959,2.9653554558753967,1.0008743405342102,0.051513671875,0.0033148970105685294,0.15149517357349396,0.6925971508026123,25.292301177978516,2.4498427759099286,0.6276392085009291,0.21846747398376465,0.21254555881023407,0.23121261596679688,898.6238917339753,0.5814027005068734,1.0444031868396275,0.3217766468034839,0.9140161678066547,0.0,0.0,1.0
641,1312768,639.4433587226262,314.8405238137783,1001.0,3.5580580419002947,0.3470682151684842,0.9084904528761005,-0.0012897135457023978,262.3560791015625,131.17675018310547,2.9867060780525208,0.9998500347137451,0.0499267578125,0.00409891978779342,0.12598027288913727,0.5113381370902061,88.50303077697754,2.4554214824311202,0.6201632167936186,0.21848155558109283,0.2125319093465805,0.231210857629776,834.8970793235607,,,,,,,
642,1314816,559.1812192423624,322.5596423087843,1001.0,8.37558383676023,0.42535877365732566,1.4235425643088195,-0.0022280130651779473,215.7358856201172,107.86571502685547,3.0152187943458557,0.9991085082292557,0.0516357421875,0.004950725706294179,0.16285885870456696,0.7691303044557571,59.565463066101074,2.4521269053948345,0.6201873686562988,0.21850526332855225,0.21254310011863708,0.23116476833820343,871.5960580415513,,,,,,,
643,1316864,636.0290326261244,331.15340638192066,977.0,5.619910646731604,0.3279799146714509,1.1463884972617497,-0.002360196434892714,181.0038604736328,90.49956893920898,3.013729989528656,1.0021518468856812,0.0701904296875,0.0029083991394145414,0.5791040658950806,0.9010366797447205,98.24230766296387,2.4650928643677616,0.6073497867413711,0.2185174524784088,0.21260835230350494,0.23111142218112946,889.0846102157982,,,,,,,
644,1318912,681.7430088793101,340.71129884519377,1001.0,4.1459598813689205,0.30612387350640236,0.9743612611504426,-0.0013445446966215968,227.30718994140625,113.65225028991699,2.9925939440727234,1.0015828907489777,0.00732421875,-0.00026105459255632013,0.5534385591745377,0.39332107454538345,115.77193450927734,2.4564972454390954,0.6084079907575591,0.21849030256271362,0.21272383630275726,0.23101644217967987,892.1144351102414,,,,,,,
645,1320960,505.8884682510783,346.7074995553198,917.5,6.845572753564694,0.4082591217699547,1.2725146456486534,-0.0009021384175866842,60.449692726135254,30.223944187164307,2.985292136669159,1.0013319253921509,0.0235595703125,0.0010545331460889429,0.5988555252552032,0.41381628066301346,33.51489734649658,2.4603618683468085,0.63127086960534,0.2184607982635498,0.2127704918384552,0.23094183206558228,898.5329341284471,,,,,,,
646,1323008,292.6559430017405,348.77129573754775,923.0,17.200228856012338,0.6362064796981195,2.0546219879399272,-0.0046131707495078444,66.56897735595703,33.27987575531006,2.988136887550354,0.9966845661401749,0.070068359375,0.008601977504440583,0.4469500333070755,0.9148267284035683,74.9986801147461,2.456149565317901,0.6153553176169089,0.21843841671943665,0.21276207268238068,0.23095181584358215,897.6165627740128,,,,,,,
647,1325056,315.0433877045317,351.702696431371,911.5,14.671110550749823,0.6023038080411276,1.8942106871132012,-0.0025276625528931618,63.22351551055908,31.609230518341064,2.9827643632888794,1.0006311237812042,0.06787109375,0.004222523391945288,0.39751261472702026,0.7413889020681381,49.81685733795166,2.4541138606437016,0.6266387438656191,0.21843084692955017,0.21277280151844025,0.23096515238285065,896.5427031294564,,,,,,,
648,1327104,235.42391587692208,351.92210242217004,978.0,21.160053279435964,0.718589319442499,2.2801123726447003,-0.0032409842824563384,51.67312717437744,25.833322048187256,3.03548127412796,1.0003392696380615,0.05029296875,0.0034941728226840496,0.7500283271074295,0.8870262056589127,85.9035758972168,2.4669902856840054,0.6139607381357032,0.21843257546424866,0.2127688229084015,0.2309461236000061,834.3141134337448,,,,,,,
649,1329152,356.8792393515054,355.8890259146512,651.6666666666666,11.429484843444488,0.42027370287453625,1.6452927627625653,-0.0030436969827860594,17.202564239501953,8.598238229751587,2.99173641204834,0.9980072379112244,0.087890625,0.008200061914976686,0.8682560175657272,0.8834585100412369,23.632411003112793,2.477489358308958,0.6086373052977923,0.21845468878746033,0.2127220630645752,0.2309788167476654,882.645814751069,,,,,,,
650,1331200,428.5409178150238,359.30446698766644,854.0,7.814057153182666,0.4354690155993432,1.3425580490780114,-0.0032379277981817722,23.334410667419434,11.663967609405518,2.9803104400634766,0.9971805214881897,0.0418701171875,0.0063542965217493474,0.8850979655981064,0.8740280568599701,32.374691009521484,2.5075984137511114,0.6352650951982391,0.21843427419662476,0.21262148022651672,0.23096618056297302,895.6916553501047,1.7574979499642427,4.853438737795065,1.020701667937895,3.2642593283030763,0.0,1.0,0.0
651,1333248,368.5592777323709,363.4310337378936,741.5,10.488631535052033,0.4577370648250292,1.5707515627700537,-0.0032618280965834856,21.741976737976074,10.867726564407349,2.9880601167678833,1.0006415247917175,0.0389404296875,0.0027223062061239034,0.8469330966472626,0.903618797659874,33.09973478317261,2.517358021403197,0.6171475840521367,0.21842217445373535,0.21251031756401062,0.23094137012958527,892.9357936617355,,,,,,,
652,1335296,366.52066527215175,366.16464833505137,910.0,10.050998964977085,0.5521858640851116,1.542622254020841,-0.0033558011054992676,16.269947290420532,8.131617784500122,2.990772306919098,0.9982131123542786,0.10400390625,0.008925277637899853,0.9121083170175552,1.0945840179920197,33.3479528427124,2.4982730334304506,0.6198550898822822,0.2184290587902069,0.21240749955177307,0.23094774782657623,882.4391324605504,,,,,,,
653,1337344,325.77998891145364,368.1326306153753,833.5,9.756413158523,0.5954219100065925,1.517941984033605,-0.002947513246908784,17.16265058517456,8.578377723693848,2.9890124797821045,0.9989861398935318,0.072509765625,0.00647166529961396,0.6678522974252701,1.0032102763652802,13.228290796279907,2.4819768484303495,0.6157018134504734,0.2184058576822281,0.21232439577579498,0.23088529706001282,884.940983567512,,,,,,,
654,1339392,255.51516827988615,368.4116063459057,1001.0,22.292201251048667,0.7205031464655574,2.324404406975162,-0.0030409800820052624,10.748592615127563,5.371255397796631,2.959911286830902,0.9992457032203674,0.1146240234375,0.008962327177869156,0.12258720397949219,1.30707448720932,23.6112642288208,2.536491358609055,0.6307875680970783,0.21838757395744324,0.21232296526432037,0.23081344366073608,834.7765075691328,,,,,,,
655,1341440,263.9956865957926,368.3270388552653,799.5,11.038642224892541,0.5871412608120457,1.608394554592301,-0.003156336140818894,33.114498138427734,16.554092407226562,2.9731439352035522,0.9995268732309341,0.0311279296875,0.003204015185474418,0.5369942337274551,0.6485552042722702,39.23766040802002,2.5109074313222663,0.6295629896229741,0.21841755509376526,0.21236972510814667,0.23090434074401855,894.1164341461663,,,,,,,
656,1343488,197.21487091696562,367.66888368850334,721.5,16.536763939909125,0.6436266156548729,1.9776006138643334,-0.002977113821543753,53.210988998413086,26.60251760482788,2.9419747591018677,0.999573364853859,0.0699462890625,0.005627069782349281,-0.13132062554359436,0.9015897810459137,47.664252281188965,2.5617487561685266,0.6490527943536003,0.21844163537025452,0.2123684287071228,0.23107321560382843,897.9818098222696,,,,,,,
657,1345536,254.9116574021734,366.9668155098119,566.3333333333334,8.795589288122859,0.5315374078734243,1.4074867056698017,-0.003917687339708209,27.427255630493164,13.709710121154785,2.9466538429260254,1.0035527348518372,0.029052734375,-0.0008982831932371482,0.47793684899806976,0.782298356294632,24.605920791625977,2.5605635626998264,0.6612645271558082,0.2184339314699173,0.21230749785900116,0.23115290701389313,900.0786288982345,,,,,,,
658,1347584,210.83774718175064,364.1324100284541,555.3333333333334,14.524626780144109,0.5796140604997619,1.818988897483811,-0.001404993119649589,49.831220626831055,24.914205074310303,2.8586501479148865,1.0007032454013824,0.02490234375,0.001848597799835261,-0.06659659743309021,0.7122696489095688,46.9523229598999,2.6357815786468564,0.7137511247459846,0.21840739250183105,0.21215026080608368,0.2311941534280777,900.6255735988235,,,,,,,
659,1349632,290.8088511871077,364.74721396917,748.5,11.219909758283714,0.5614324838600817,1.593474680733107,-0.00265407282859087,14.160254955291748,7.077473402023315,2.9144853353500366,0.9985664337873459,0.0274658203125,0.003933553845854476,0.6865645498037338,0.7570026963949203,24.49671506881714,2.634868643595837,0.6624594411808732,0.2183580994606018,0.2120020091533661,0.2311922013759613,881.8609690879229,,,,,,,
660,1351680,195.80579887742033,362.43067177491207,547.3333333333334,12.206447629697337,0.598120074250162,1.656479731806073,-0.0024608239182271063,39.98586082458496,19.990469455718994,2.89961314201355,1.001168042421341,0.047607421875,0.0026479874941287562,-0.10505473613739014,0.9374703764915466,42.65804862976074,2.606906612723833,0.7004690450025286,0.21831604838371277,0.21193207800388336,0.2311694175004959,834.5877820013596,1.450802491645549,2.777593033700378,1.7072807488489836,3.8805345384363195,0.0,1.0,0.0
661,1353728,204.32915967415133,362.460109190708,491.75,13.57304909216484,0.548528664855592,1.7428908863302688,-0.001705253089312464,47.32052993774414,23.658560276031494,2.8285261392593384,1.0002545714378357,0.01806640625,0.0017975224764086306,-0.11687365174293518,0.6474278718233109,43.427730560302734,2.6417880253720796,0.7508995977357227,0.21825629472732544,0.2118641883134842,0.23101450502872467,886.9499946415159,,,,,,,
662,1355776,218.7067182674866,360.86647197934116,478.25,11.292592786087951,0.49791904645062696,1.5897101950976686,-0.003580339369364083,31.8716139793396,15.932226657867432,2.845516264438629,0.9991521835327148,0.0709228515625,0.006561114743817598,0.42868202924728394,1.159879595041275,36.356557846069336,2.6173514445399633,0.7275913792060354,0.2182159572839737,0.21183441579341888,0.23084288835525513,893.6315992907098,,,,,,,
663,1357824,207.81373363383796,356.8830731156838,498.6666666666667,15.925177087888853,0.5679289433249418,1.8955056618981259,-0.003739166015293449,35.06657791137695,17.529549598693848,2.7661537528038025,0.9989920854568481,0.0538330078125,0.00515119871852221,0.03544926643371582,1.005616918206215,36.73597812652588,2.6840107109601377,0.7711197825283674,0.2181849330663681,0.21178895235061646,0.2307126224040985,896.2186810549467,,,,,,,
664,1359872,196.83657683485654,353.2925156437688,495.5,13.245691892667978,0.5658710764406312,1.728300196598412,-0.002100340323522687,40.585710525512695,20.290754795074463,2.8719786405563354,0.99986232817173,0.018310546875,0.0021859468761249445,0.1184687614440918,0.7309964597225189,41.76974868774414,2.6119083372032037,0.7138059424390321,0.21812701225280762,0.2117413878440857,0.23059824109077454,883.6022864372812,,,,,,,
665,1361920,200.30595496044413,348.53932001499334,483.5,15.809966154186748,0.5393385688530983,1.8316038192227686,-0.0048407085705548525,48.312129974365234,24.151224613189697,2.7921478748321533,1.0018388628959656,0.0595703125,0.0026819346312549897,-0.06281927227973938,1.2076873779296875,50.98759937286377,2.6150438643817324,0.7537475799540471,0.21805965900421143,0.21168334782123566,0.2305133044719696,888.8422871660679,,,,,,,
666,1363968,221.46451265997445,346.76680293909226,439.0,6.849703668431865,0.4464009239372809,1.1962619397302763,-0.0029882178641855717,27.465450763702393,13.729737281799316,2.969972848892212,0.9979424178600311,0.031005859375,0.004657570789277088,0.32778188586235046,0.9679257720708847,34.7283296585083,2.514389690448297,0.6503023048032175,0.2179945409297943,0.2115938365459442,0.23049814999103546,803.5447138358323,,,,,,,
667,1366016,214.0985148779772,343.2422221209745,446.5,10.002800827238463,0.4942347248108775,1.4773912302237902,-0.0026804717490449548,27.019744873046875,13.507191896438599,2.9596199989318848,1.0012521147727966,0.0604248046875,0.003329907856823411,0.4614873379468918,1.0430954694747925,30.18849754333496,2.4922843260574155,0.6655578509367591,0.21790868043899536,0.21147653460502625,0.23050163686275482,875.5559165511129,,,,,,,
668,1368064,216.08452175147147,338.36766970864795,449.5,6.727831371404099,0.4729920524924933,1.1860179276721745,-0.0033541558077558875,25.2945613861084,12.643926620483398,2.86433345079422,1.0010513365268707,0.03369140625,0.001922361090691993,0.5753170102834702,0.8695407062768936,19.33738088607788,2.5631255745101953,0.710662192438745,0.21783065795898438,0.2114410698413849,0.2304467111825943,894.8396224810645,,,,,,,
669,1370112,191.90967289986293,322.67867238133795,506.75,11.05620350343932,0.5960690566060965,1.5653726925675029,-0.0036985273472964764,47.41972255706787,23.706162452697754,2.8767319917678833,1.000217318534851,0.063232421875,0.004596327955368906,0.2784900814294815,1.0553795248270035,61.13647747039795,2.6205155231582467,0.6973386105826244,0.21778428554534912,0.21149156987667084,0.23038361966609955,891.7318558317016,,,,,,,
670,1372160,204.23939516711124,314.3434976125367,503.5,10.149979626002548,0.566371139327267,1.497481138634923,-0.0034208543365821242,35.424201011657715,17.708679676055908,2.8358391523361206,0.9989057630300522,0.047119140625,0.004747403640067205,0.3748849332332611,1.0383422672748566,44.673940658569336,2.623549169031321,0.7307469396231591,0.21775227785110474,0.21157461404800415,0.23036716878414154,890.2796002915578,1.0990292712748055,2.307048640086027,1.3292496758968197,4.876783484894227,0.0,1.0,0.0
671,1374208,205.25444728275735,303.65562576997615,510.0,11.940453035332261,0.5759004454601615,1.6247998609734091,-0.0025250251637771726,21.512378215789795,10.753664016723633,2.803892195224762,1.0010473132133484,0.0419921875,0.002585955837275833,0.39639249444007874,1.0137004852294922,27.261571884155273,2.6543561433354625,0.7536171586927589,0.21770870685577393,0.21163542568683624,0.23037126660346985,893.5660934503339,,,,,,,
672,1376256,190.6080658995612,298.52160001465427,515.6666666666666,9.441537703866667,0.6047239906086874,1.4657257933707357,-0.0028409111546352506,31.30357837677002,15.648948431015015,2.919120490550995,1.0014980137348175,0.0186767578125,0.00027401248371461406,0.34437815845012665,0.7694035917520523,44.689247131347656,2.5569906824530335,0.667720646347636,0.21765479445457458,0.2115827202796936,0.23039421439170837,841.1994269627719,,,,,,,
673,1378304,214.5323117458884,295.79675364494483,556.3333333333334,11.399541355509601,0.5845783102936997,1.6117818353834552,-0.0020782140200026333,28.571460247039795,14.28365182876587,2.8761807084083557,1.000309869647026,0.0516357421875,0.0037436664570122957,0.25775742530822754,1.005354255437851,28.831894874572754,2.5783891255414346,0.6821335121910715,0.21761436760425568,0.21148473024368286,0.2304358035326004,897.6044669759766,,,,,,,
674,1380352,199.1607519479616,284.7523792160252,488.25,9.41216816379928,0.5487987760679216,1.4420854932292513,-0.0037843751488253474,20.094992637634277,10.04371190071106,2.842870533466339,0.9972577542066574,0.0555419921875,0.006858036940684542,0.44738365709781647,1.2019410282373428,23.448768138885498,2.5807549736637156,0.7112043016884474,0.21758535504341125,0.211405411362648,0.23046241700649261,894.3822405088493,,,,,,,
675,1382400,190.7138889007775,266.60629008023625,444.5,7.587817306555352,0.5234194919933165,1.2836569299180478,-0.001857222174294293,29.61381196975708,14.805048704147339,2.9014700651168823,1.0008421838283539,0.0318603515625,0.002133316818799358,0.4370030164718628,0.7899912446737289,15.470895767211914,2.537311653679353,0.685144236185053,0.2175520360469818,0.21130427718162537,0.23052716255187988,894.5911757293013,,,,,,,
676,1384448,222.33589575773817,252.22519832714548,423.5,5.383927058502691,0.4591913637568735,1.0412769574024714,-0.0021481551229953766,15.126749038696289,7.5612263679504395,2.9329676628112793,1.0003122091293335,0.0255126953125,0.0022386113996617496,0.48376208543777466,0.8122412711381912,22.549039840698242,2.4929676005849615,0.646066475973365,0.2175285667181015,0.21129144728183746,0.2305750846862793,900.0295673765178,,,,,,,
677,1386496,199.9658668806061,236.00515439127727,405.25,5.52524584858007,0.48155298403749447,1.048993897768626,-0.003174504148773849,10.897489786148071,5.445570349693298,2.937621235847473,0.9996961355209351,0.06201171875,0.0049081722245318815,0.6022045463323593,1.050477772951126,20.50882863998413,2.5026027374260593,0.653460916245039,0.21750298142433167,0.2112930715084076,0.23063339293003082,900.7574944348577,,,,,,,
678,1388544,181.96352625134006,228.10325490161168,397.0,9.081944638915427,0.502788540483438,1.3683346084637809,-0.002663999330252409,11.29209280014038,5.64338231086731,2.907058000564575,1.0007290840148926,0.013916015625,0.0009226673500961624,0.6872987747192383,0.8154939860105515,21.275940418243408,2.535427418843028,0.6648861634424023,0.21748033165931702,0.21125349402427673,0.23074652254581451,898.188541639731,,,,,,,
679,1390592,194.4478187610535,224.76503489337176,441.0,8.719419404501739,0.5223116859741196,1.2980812294914947,-0.003535754920449108,22.011918544769287,11.002423524856567,2.845146656036377,1.0004189014434814,0.02685546875,0.002343892141652759,0.3874719887971878,0.761235699057579,25.65619945526123,2.540022043438512,0.6948449419410547,0.21746407449245453,0.2112383395433426,0.23087608814239502,814.57710225443,,,,,,,
680,1392640,171.15883519602977,214.1192193921735,472.75,10.928587608861573,0.590903808908788,1.5597192227018486,-0.005932622356340289,29.305327892303467,14.64673113822937,2.9215323328971863,1.0010426044464111,0.05322265625,0.0031214171467581764,0.11960352957248688,1.0196354985237122,34.260366439819336,2.5285284404380945,0.6562232961511885,0.21743670105934143,0.2112046331167221,0.2309391051530838,884.6266161736207,1.1156492333325017,2.005118582292366,1.0533070762148538,6.509834029318876,0.0,1.0,0.0
681,1394688,206.34083890044224,208.7500711404577,450.75,6.608079870782557,0.5038854155321355,1.1848253145627827,-0.0037488299421966076,15.515201568603516,7.753851890563965,2.9710015058517456,0.998883992433548,0.04296875,0.004790336999576539,0.6440148651599884,0.7327334731817245,13.710312128067017,2.4572815190040274,0.6329776026903549,0.21743375062942505,0.21117982268333435,0.2309296727180481,893.6144142220182,,,,,,,
682,1396736,198.11054581616906,206.2972568586663,484.5,12.171093661550968,0.5458502137904347,1.669441694140824,-0.002501430339179933,21.808366298675537,10.901681661605835,2.918430209159851,1.0010618567466736,0.056640625,0.0036424426871235482,0.5257213711738586,0.9544062614440918,19.170430183410645,2.50353736942634,0.6472078058114811,0.2174457311630249,0.21112562716007233,0.2309131771326065,894.7919486599964,,,,,,,
683,1398784,184.52335608222185,203.31552862488985,499.25,18.467835022119434,0.5976723415418511,2.0846755473462393,-0.0027062558801844716,16.860002994537354,8.427295207977295,2.93537038564682,1.000169038772583,0.06005859375,0.004394641626277007,0.6591689884662628,0.8562184423208237,29.511404991149902,2.4743102142965654,0.6430443135685479,0.21748711168766022,0.2111106812953949,0.2309068888425827,892.1400617911686,,,,,,,
684,1400832,177.38914419702246,201.6358382044472,490.25,14.501662263425695,0.5940768368870118,1.8392012495557637,-0.0034963447833433747,16.895878314971924,8.444442749023438,2.961945652961731,0.9994717836380005,0.07421875,0.006129497691290453,0.6587397754192352,0.8312909305095673,28.103588104248047,2.4524763106019236,0.6148172167991477,0.2175302505493164,0.21118083596229553,0.23084159195423126,893.521852825722,,,,,,,
685,1402880,187.16140065153044,199.55892592642573,423.75,9.63486608161026,0.5406116005806195,1.476160768597869,-0.005391581216827035,9.746484518051147,4.867850661277771,2.931592106819153,1.0002034604549408,0.0599365234375,0.004578656684316229,0.8148512244224548,0.9022959023714066,23.967368602752686,2.5039495135715697,0.6433393093153653,0.21754804253578186,0.21117781102657318,0.23082789778709412,837.4541796961536,,,,,,,
686,1404928,171.7646332520643,198.31410626350814,492.0,22.326790286142938,0.6090959595652885,2.3031253529946736,-0.0032261661253869534,14.461668014526367,7.22760796546936,2.9477102756500244,1.001623511314392,0.06884765625,0.0035623636067612097,0.79256372153759,0.742525115609169,29.86162281036377,2.4497089314099867,0.6231059927779784,0.21753819286823273,0.21110717952251434,0.2308167815208435,887.2108973698582,,,,,,,
687,1406976,168.88663281879514,196.86854542030827,477.75,20.9662329483556,0.5917996576583856,2.2362567375404643,-0.003715675207786262,19.209277153015137,9.60092306137085,2.9642279744148254,0.9948257803916931,0.0550537109375,0.009549307331326418,0.6234732866287231,1.0922604948282242,24.661112308502197,2.5192775447358144,0.6239562404217354,0.21751460433006287,0.21099558472633362,0.23078280687332153,895.3732961640844,,,,,,,
688,1409024,197.1924864178879,196.3899042897445,439.75,15.854766000170006,0.5220052336491289,1.9340078612622933,-0.0021519209258258343,6.495008707046509,3.2453524470329285,2.9522870779037476,0.9998631328344345,0.0831298828125,0.006140412457170896,0.8165239989757538,0.9223039746284485,7.326018929481506,2.498627420718549,0.643966244348933,0.2174808233976364,0.21087518334388733,0.23072943091392517,894.4046985823575,,,,,,,
689,1411072,179.83365759607526,195.23468797440017,469.25,20.651608471494118,0.5666701098618707,2.2010174602760926,-0.0037362762959674,7.970865368843079,3.981696367263794,2.938632011413574,0.9979003965854645,0.029052734375,0.004666262568207458,0.8248796761035919,1.0298639982938766,15.66788935661316,2.5233872098615393,0.6456876396963123,0.21744060516357422,0.21079806983470917,0.2306278645992279,892.2053742594518,,,,,,,
690,1413120,145.00261132368146,192.58399092073574,388.4,24.499263891782668,0.5730620284176043,2.4389697524105785,-0.0026859933277592063,26.989489555358887,13.492058753967285,2.977593958377838,0.9991959929466248,0.0494384765625,0.004795253451447934,0.7849385738372803,0.6528729647397995,42.68578624725342,2.4764535703143338,0.6015415726793819,0.21740803122520447,0.2107136845588684,0.23054510354995728,893.1283018497679,2.4148424738390335,5.006356629954739,1.3703222471836958,1.392379714749481,0.0,1.0,0.0
691,1415168,143.87707462405743,188.39115352464344,382.0,24.1996127388949,0.5638126187096529,2.416545265972183,-0.001199364778585732,19.44858407974243,9.723092555999756,2.96443110704422,0.999428316950798,0.0145263671875,0.0027792276960099116,0.7479349374771118,0.5334703251719475,33.020649433135986,2.470411770933424,0.6198522045317467,0.21734750270843506,0.21054671704769135,0.23049622774124146,788.7027402534958,,,,,,,
692,1417216,145.3108841238396,184.73860216561724,366.0,21.640476592647765,0.5579508120573526,2.288001092535217,-0.0020383886294439435,19.337824821472168,9.666874170303345,2.9568601846694946,0.9995906352996826,0.0166015625,0.0024618805473437533,0.765845537185669,0.4738481640815735,34.622931480407715,2.4730225937237265,0.61487398323813,0.21727776527404785,0.2103775441646576,0.23046763241291046,881.3588898103848,,,,,,,
693,1419264,151.32244457200227,183.16925792891766,378.2,21.658979623384838,0.5389832804519802,2.289573400911222,-0.002104306942783296,12.572382688522339,6.284087061882019,2.9667813181877136,0.9997614622116089,0.063232421875,0.004882344932411797,0.7197358906269073,0.7058083415031433,19.482162952423096,2.469562894300907,0.6189982031825456,0.2172144055366516,0.21031643450260162,0.23042947053909302,891.6627860251076,,,,,,,
694,1421312,156.99697915659127,180.5474953503044,379.4,21.21079221632047,0.5290861565586407,2.2640100946440653,-0.0015035502146929502,8.829119563102722,4.413056194782257,2.9456034898757935,1.000408113002777,0.0057373046875,0.000746045436244458,0.843194916844368,0.6407728493213654,20.774491786956787,2.4640642574231606,0.6202385132364214,0.21714997291564941,0.2102595865726471,0.23038125038146973,884.8864564234005,,,,,,,
695,1423360,151.29242388369966,178.19080668231803,362.4,21.002409356225932,0.5431846718341619,2.2528320019541446,-0.0020943389972671866,10.211938381195068,5.1038748025894165,2.986962080001831,0.9999687373638153,0.041748046875,0.0037152485747355968,0.8768445551395416,0.6649129092693329,25.098108291625977,2.4795612418092787,0.6202813508708183,0.21710264682769775,0.21027164161205292,0.23028139770030975,874.9718131876305,,,,,,,
696,1425408,173.9891582512635,176.4471852363788,383.8,19.4096591845904,0.4940242309416184,2.1624537572910145,-0.00478988082613796,3.9792726635932922,1.9848464727401733,2.95620596408844,0.9997271448373795,0.045166015625,0.003965119467466138,0.894483745098114,0.8067097365856171,9.897534132003784,2.4808247566834325,0.6245311917844224,0.2170567810535431,0.21027547121047974,0.2301553636789322,882.6218728874925,,,,,,,
697,1427456,129.02402636471132,172.0100564705845,328.0,22.013125573621405,0.5569435970047577,2.3072018980453866,-0.002081387210637331,11.563395023345947,5.779615998268127,2.949101686477661,0.9997753947973251,0.023193359375,0.002641986357048154,0.8455923646688461,0.5262097492814064,27.11781644821167,2.4858757031179266,0.6263516461134137,0.21697455644607544,0.21024373173713684,0.2300349771976471,719.0333039604692,,,,,,,
698,1429504,136.59372561559033,167.89582889093782,338.3333333333333,22.248648433830937,0.5624952148815212,2.3192162993981684,-0.0027177886804565787,7.21045458316803,3.602509558200836,2.9391133785247803,1.000756949186325,0.0435791015625,0.002957288335892372,0.8630481213331223,0.5878567397594452,19.76776695251465,2.4878532023431035,0.6249808778700475,0.21694345772266388,0.21024002134799957,0.2299903929233551,874.2069881321653,,,,,,,
699,1431552,138.88192614931404,164.87077950465016,336.0,21.86616896794821,0.5497266537385639,2.2984588962791905,-0.0011043492704629898,5.324911952018738,2.6613516211509705,2.944132447242737,0.9984057247638702,0.0135498046875,0.003114824285148643,0.89313805103302,0.629398912191391,16.96444797515869,2.495478632306913,0.625333751831829,0.21691232919692993,0.2102317065000534,0.22999565303325653,873.1205928411572,,,,,,,
700,1433600,149.79349001544938,162.3148885310896,355.8,19.9363619777967,0.5436426291704173,2.19257630008901,-0.0036283457884564996,2.266334652900696,1.129538968205452,2.948293149471283,0.9973041713237762,0.068359375,0.00790687273547519,0.9145252406597137,0.6850336641073227,7.57902204990387,2.4897468692652183,0.6232299930426914,0.21685093641281128,0.21018682420253754,0.22997984290122986,847.1481115379802,2.319079936130491,5.015713197199251,1.6422586559664374,1.5734310625278372,0.0,1.0,0.0
701,1435648,136.76275264539197,160.20310697331806,334.0,21.472899740208142,0.5505521645206464,2.2752485895006234,-0.0008227392099797726,3.693576991558075,1.8459657728672028,2.9602660536766052,0.9993808418512344,0.0352783203125,0.0035394472652114928,0.8520027548074722,0.6848136335611343,10.760068893432617,2.4903697771515,0.6180152760991754,0.216787189245224,0.21021489799022675,0.22989119589328766,875.4859442331963,,,,,,,
702,1437696,127.33622115926545,154.83227600309104,325.1666666666667,22.040678603234362,0.5546429952463744,2.3057444827522993,-0.002689714659936726,2.129333198070526,1.06197689473629,2.967032253742218,1.0011864602565765,0.0557861328125,0.0033512864029034972,0.8884901851415634,0.6243085637688637,6.293619155883789,2.4706882033351576,0.6253883207329564,0.21665507555007935,0.21024155616760254,0.22964303195476532,877.0603670444641,,,,,,,
703,1439744,138.09049379849915,152.5697202388306,335.0,21.579576769220072,0.5493656480827647,2.2800047949232334,-0.0038963225670158863,1.8612620532512665,0.9267347157001495,2.9529195427894592,1.0021496415138245,0.039306640625,0.0012278211797820404,0.8990958333015442,0.6784761771559715,4.068966448307037,2.4797271244315198,0.6261923186324191,0.2164994329214096,0.21009188890457153,0.2293325960636139,817.4964874128472,,,,,,,
704,1441792,144.94841075522498,150.84884741366227,355.6,19.9640859729546,0.5497081954992613,2.1919382715294113,-0.004024319932796061,1.5689110159873962,0.7804311960935593,2.922490656375885,1.0026448965072632,0.0694580078125,0.002632553383591585,0.9360528588294983,0.8304637968540192,5.324439764022827,2.4525803014985286,0.6203341270431346,0.2163429707288742,0.20989012718200684,0.22908639907836914,870.2680356899278,,,,,,,
705,1443840,139.59653995637737,148.85194287855498,350.0,20.70340512983433,0.5612923823789723,2.234190866013395,-0.004923565604258329,2.42788302898407,1.2090179324150085,2.9614993929862976,0.9970375448465347,0.0535888671875,0.0073259096971014515,0.8896574676036835,0.843505859375,5.519664525985718,2.448997370476718,0.631800016707667,0.21621736884117126,0.20972855389118195,0.22891424596309662,874.6583523840192,,,,,,,
706,1445888,144.63350606466898,147.5297995042178,372.0,21.43546996661721,0.5442209947685157,2.276742296075864,-0.005199721781536937,2.9183151721954346,1.4539578557014465,2.9157015681266785,1.0041310489177704,0.067138671875,0.0008839703659759834,0.8682776391506195,0.8658626228570938,3.253347396850586,2.4483542865200434,0.6236523298850045,0.2161312699317932,0.20960679650306702,0.22880767285823822,874.6497369446882,,,,,,,
707,1447936,158.96812786338265,145.8812775773213,392.0,21.359235764661758,0.5473684846500122,2.2710649071568567,-0.003737739403732121,0.8300341218709946,0.4112793207168579,2.9357430934906006,0.9993830025196075,0.08349609375,0.006549163139425218,0.9678646475076675,0.6445056423544884,3.0050132870674133,2.462557216611458,0.6329648297079682,0.2160789966583252,0.20946665108203888,0.22882801294326782,878.122525882149,,,,,,,
708,1449984,155.8751197761781,145.16460481181625,385.0,21.337570850499823,0.5411170609142486,2.2697494726630727,-0.0038811665726825595,0.8574453294277191,0.4248414933681488,2.936206638813019,0.9958113431930542,0.0318603515625,0.00717483225162141,0.9622146040201187,0.6360955238342285,2.1195847392082214,2.4450992171041435,0.6400528631428234,0.21605750918388367,0.20931211113929749,0.22885754704475403,881.687894351216,,,,,,,
709,1452032,166.51728105594805,145.892247938341,409.25,21.90473088014818,0.5601301496104554,2.3030252390923294,-0.002273027435876429,5.525243878364563,2.760348916053772,2.92234605550766,0.9996859729290009,0.023681640625,0.0027525058831088245,0.8500425666570663,0.9508818089962006,10.657520532608032,2.433583532983903,0.6250592107399148,0.2160271406173706,0.20911526679992676,0.22888877987861633,872.8964384447447,,,,,,,
710,1454080,174.27160097344768,147.7105752919132,415.0,19.85499526786701,0.547962028952589,2.1892262326736986,-0.003873318899422884,3.7908918261528015,1.8915725946426392,2.9254239201545715,0.9991333931684494,0.0277099609375,0.0035057655040873215,0.8930209279060364,0.6072785705327988,8.066439628601074,2.4427565417572623,0.6300330661792727,0.21597501635551453,0.20898978412151337,0.22891750931739807,830.2833013400837,2.2399983800793315,5.010120747752486,1.3388663220803716,1.6244736663894193,0.0,1.0,0.0
711,1456128,169.9161675051338,147.9773925453213,424.75,19.314031804438855,0.5590245575714103,2.158283079656892,-0.0033992639800999314,2.140667498111725,1.0669344663619995,2.9265652894973755,0.9995901435613632,0.0333251953125,0.003575084629119374,0.919826552271843,0.9073430299758911,2.980284333229065,2.4458674739289563,0.633356041872443,0.2159336358308792,0.2089252769947052,0.22892069816589355,869.6858209395291,,,,,,,
712,1458176,174.80908261052195,148.98823244770446,458.75,19.604285716127677,0.5652601416443199,2.1770667173093576,-0.0008716792799532413,0.9376219809055328,0.4679393097758293,2.91374409198761,0.999209001660347,0.0318603515625,0.003874681264278479,0.9652629047632217,0.4652973785996437,3.967213749885559,2.4400849123339867,0.6254316147450653,0.21589475870132446,0.2089398056268692,0.22876210510730743,809.3062265250641,,,,,,,
713,1460224,223.76500161461092,151.3395518643485,539.0,19.840277251606302,0.5542127169508742,2.18798188032375,-0.0019436096772551537,10.62427568435669,5.310194134712219,2.921969771385193,1.0024415254592896,0.040771484375,0.0011275470751570538,0.8641626238822937,0.5993130952119827,19.107839584350586,2.4402731077279896,0.6363288549251147,0.21584872901439667,0.20897023379802704,0.22858482599258423,878.5230248932102,,,,,,,
714,1462272,204.08655004033065,153.51332898729524,494.75,20.88169956554211,0.550810520475235,2.242217249565522,-0.002328781643882394,8.704612731933594,4.349977612495422,2.904800832271576,0.9994501918554306,0.02294921875,0.00290464393037837,0.763191893696785,0.5768775120377541,7.712450861930847,2.4552428578899708,0.6371587750608032,0.21583402156829834,0.20906880497932434,0.22849009931087494,891.0079443888285,,,,,,,
715,1464320,267.31784139119947,156.7173473648798,588.3333333333334,18.956075882753264,0.5009720423164008,2.13970185869477,-0.0028252516640350223,21.851401329040527,10.92287540435791,2.9290237426757812,0.999730795621872,0.042236328125,0.003866074694087729,0.8093352913856506,0.8573601841926575,29.268569946289062,2.4394331869552843,0.6192391951532346,0.21586018800735474,0.20916403830051422,0.22850263118743896,835.6885509486835,,,,,,,
716,1466368,229.48228969012257,158.9925476463869,545.6666666666666,19.425643181802986,0.5374976377378688,2.1683003895380892,-0.0021364272688515484,8.825623750686646,4.410675406455994,2.9135143756866455,0.9998159557580948,0.0430908203125,0.0036864905123366043,0.8658037185668945,0.6745999306440353,13.779285669326782,2.4382994501211215,0.6258878479330298,0.21591812372207642,0.2092944085597992,0.22856980562210083,794.2305793868716,,,,,,,
717,1468416,271.51251144697005,161.78124709457362,676.0,25.82722887027527,0.5788645551311866,2.498619608244709,-0.0030527515336871147,23.522483825683594,11.75818920135498,2.9287251234054565,0.9983196705579758,0.0238037109375,0.004113096627406776,0.7532656043767929,0.9839061796665192,25.191195487976074,2.4611250834714156,0.6261527517032522,0.21595032513141632,0.20939873158931732,0.22862938046455383,840.6761182516997,,,,,,,
718,1470464,257.7419677762493,165.06637740732953,599.6666666666666,13.645950100194096,0.5213687461239146,1.7903905123149775,-0.002919878112152219,18.840671062469482,9.417415618896484,2.9358564615249634,0.9982225000858307,0.0343017578125,0.00462931468791794,0.7933002412319183,0.7380787879228592,22.70281457901001,2.4775608045310946,0.6283301752387622,0.2159562110900879,0.2094113677740097,0.22862575948238373,826.0603299299408,,,,,,,
719,1472512,250.25546468376402,168.23224682276347,678.3333333333334,25.771166888345824,0.61283664809029,2.48588296475938,-0.001977863721549511,12.18969464302063,6.092869520187378,2.9275461435317993,1.0001515746116638,0.013671875,0.0017074406932806596,0.7999103218317032,0.535871833562851,15.412509679794312,2.471749141579494,0.6207880307921579,0.21593737602233887,0.20933498442173004,0.2286260426044464,801.1966927311876,,,,,,,
720,1474560,299.6674277452711,171.9302950240559,691.0,19.164939305628852,0.5310571168371065,2.140453432418118,-0.0026999585097655654,33.16762733459473,16.58111333847046,2.9338327646255493,0.9981086999177933,0.033203125,0.0048678595921956,0.7924036979675293,0.7278794348239899,35.8939905166626,2.454219226972782,0.6157428100058631,0.21591037511825562,0.20921315252780914,0.22861997783184052,824.8172399824072,2.309322626386672,5.0079798283134735,1.0421965521665528,1.645342924956862,0.0,1.0,0.0
721,1476608,212.80939763985688,174.1044297505192,561.3333333333334,18.099533850863956,0.5584216882890297,2.0805549899899254,-0.002427374944090843,9.125685691833496,4.560415506362915,2.9427072405815125,0.9979874938726425,0.0252685546875,0.00459976025740616,0.8069488555192947,0.6880352646112442,4.762573838233948,2.4615977824432775,0.6241215702675321,0.2158476710319519,0.20906706154346466,0.22861546277999878,746.5970027509546,,,,,,,
722,1478656,355.58525380172426,178.4154565867448,800.5,16.960723525646554,0.5349965085559918,1.9753170201109245,-0.0036234474391676486,37.84692096710205,18.91983652114868,2.8751551508903503,0.9988665729761124,0.0562744140625,0.005689695484761614,0.7621129006147385,1.1811598539352417,36.43573188781738,2.529532395710703,0.6582438824891275,0.21578699350357056,0.2089647352695465,0.22860008478164673,828.273918692679,,,,,,,
723,1480704,252.03882663461278,182.23424602327967,630.0,18.380141617400604,0.5463470691833748,2.09622664291618,-0.002100628800690174,7.26870322227478,3.632251024246216,2.9316239953041077,1.000114768743515,0.032470703125,0.002815245374222286,0.8465041071176529,0.5743956565856934,3.8780969381332397,2.4766972327342955,0.6249873325443033,0.2157483994960785,0.2088765650987625,0.22853577136993408,820.7500251622158,,,,,,,
724,1482752,207.3928505744094,184.06111910296428,500.6666666666667,18.136728239553143,0.5600913997988924,2.0916816859523477,-0.0022338551934808493,9.45357084274292,4.724551558494568,2.953283667564392,1.0005263686180115,0.07421875,0.004992118963855319,0.7678655683994293,0.7399929314851761,6.713952898979187,2.4387541127507575,0.60505703456765,0.21570312976837158,0.2088242769241333,0.228441059589386,828.5602041933219,,,,,,,
725,1484800,250.56721320984533,187.24215224164075,562.0,16.864354156395827,0.497146077516211,2.0157578949346044,-0.0023279304150491953,16.343739986419678,8.169542074203491,2.927392542362213,0.9984571188688278,0.038818359375,0.005025529942940921,0.7580773681402206,0.599415197968483,11.532674551010132,2.441642720310483,0.6145112395226723,0.21571165323257446,0.20879964530467987,0.22848740220069885,842.9324960359312,,,,,,,
726,1486848,204.9880306091887,188.85767605346106,518.3333333333334,19.467595689280575,0.581605916182228,2.1711193460037235,-0.002663071150891483,8.431216955184937,4.212945461273193,2.9208154678344727,0.9970952719449997,0.0238037109375,0.005096162727568299,0.7926743030548096,0.5923342704772949,8.210514187812805,2.437442275331705,0.6171959190674013,0.2157556712627411,0.20876984298229218,0.2286434769630432,835.255524585361,,,,,,,
727,1488896,216.4321146416894,191.8133245901577,509.0,18.365188738740848,0.5522874659495806,2.108143573154139,-0.002369458554312587,4.180314660072327,2.087787836790085,2.9484903216362,0.9999307841062546,0.006591796875,0.001478259830037132,0.9379049241542816,0.4862883612513542,14.568970441818237,2.4462976107024588,0.6125351226398936,0.21575702726840973,0.20865030586719513,0.2287735491991043,779.5031323031765,,,,,,,
728,1490944,239.61696063416014,195.4677819866236,549.6666666666666,15.052371259748465,0.5251606487152837,1.9014061965583229,-0.0023839641362428665,3.5049943327903748,1.7501132190227509,2.9278833270072937,0.9983019083738327,0.0528564453125,0.006017014515236951,0.9197465032339096,0.5185300409793854,4.631338834762573,2.445360969097237,0.604300459814762,0.21573740243911743,0.20849037170410156,0.22885523736476898,803.3414680819787,,,,,,,
729,1492992,258.60879124238494,199.2251596716694,582.3333333333334,15.49751076111323,0.5138100869091475,1.9299157103785802,-0.0034793070517480373,2.5538874864578247,1.2734644711017609,2.952471613883972,0.9986476749181747,0.0491943359375,0.005427729440270923,0.9496581256389618,0.7847696840763092,4.847537875175476,2.4446985501708696,0.6148600868345998,0.21572118997573853,0.20832577347755432,0.22886547446250916,855.6647731230254,,,,,,,
730,1495040,272.5237831866245,203.51617648298748,663.3333333333334,18.063478607347967,0.5600129385528898,2.0757133776258927,-0.0024922003503888845,10.60329532623291,5.299155354499817,2.905876100063324,1.000301033258438,0.023681640625,0.0022156920022098348,0.8550673276185989,0.6665868014097214,17.142849922180176,2.45015334332129,0.6147999619062833,0.21567568182945251,0.20819967985153198,0.2288687527179718,884.1038536770034,2.1086585686769213,5.005006631291225,0.8134447649996974,4.151616394431405,0.0,1.0,0.0
731,1497088,297.1640707160606,208.6304037856954,627.0,11.370374223577057,0.48262582546264027,1.6219513008543087,-0.0021203821524977684,21.30225133895874,10.64900541305542,2.8988423943519592,0.9994272589683533,0.056396484375,0.005209909606492147,0.76799575984478,0.7427468299865723,26.303345203399658,2.500914523829124,0.6444769587950647,0.21561728417873383,0.20815153419971466,0.22878314554691315,888.8805949851036,,,,,,,
732,1499136,324.246642000288,213.60578202340423,654.0,11.183662309526794,0.47267528629200517,1.6092224950469873,-0.001233691000379622,45.012736320495605,22.50513458251953,2.886536419391632,0.9999421089887619,0.0126953125,0.0016584202239755541,0.6701054722070694,0.44545019418001175,37.93993663787842,2.4724110422248486,0.6458374993329512,0.21554125845432281,0.2080194652080536,0.22863973677158356,890.1021703906388,,,,,,,
733,1501184,322.2842066799424,219.24286849929325,660.3333333333334,10.556242965854171,0.4828020679539945,1.552358691650448,-0.0024613937130197883,27.069265842437744,13.532171249389648,2.89896422624588,0.9990218281745911,0.0076904296875,0.0022084818629082292,0.7877054363489151,0.6175398230552673,32.39883232116699,2.4637542971613584,0.6448814684534825,0.21546195447444916,0.20793618261814117,0.22850973904132843,831.696210613901,,,,,,,
734,1503232,370.21882168146857,226.16584427513945,675.3333333333334,9.167239471100432,0.4336804518791079,1.432631419571561,-0.0026987030869349837,52.213934898376465,26.10426902770996,2.924607574939728,0.9997085481882095,0.0174560546875,0.0020667602366302162,0.7501272708177567,0.6868530586361885,49.96859359741211,2.5124847660335945,0.6457824462408712,0.21539494395256042,0.20787343382835388,0.2283719927072525,885.315793156868,,,,,,,
735,1505280,285.5246921566713,230.26198409628714,641.0,13.422129176655002,0.514987368277746,1.7784512870435405,-0.002353101037442684,14.492971897125244,7.244132876396179,2.9054702520370483,1.0001455247402191,0.033447265625,0.002930376955191605,0.7793828397989273,0.5863711535930634,15.494412899017334,2.4598596989526413,0.6255934671984926,0.21535536646842957,0.20781230926513672,0.22826963663101196,885.4569503704741,,,,,,,
736,1507328,219.57740295503973,232.67518100989378,557.0,15.021252950590625,0.5468731573731247,1.8956516648199662,-0.0027587327640503645,9.089204788208008,4.541843771934509,2.9309688210487366,0.9979477375745773,0.05712890625,0.006518841430079192,0.8060152530670166,0.6473075225949287,3.7527701258659363,2.4442120470339432,0.6027960120092078,0.21533487737178802,0.2077290117740631,0.2282121628522873,886.3900161644794,,,,,,,
737,1509376,259.35917759259513,235.70365298728836,625.0,12.82925615464884,0.5331616860277273,1.7040885242626693,-0.0014483749400824308,8.907915353775024,4.45250928401947,2.899896502494812,0.9985723793506622,0.0343017578125,0.004550043464405462,0.8069073110818863,0.6714443266391754,7.082585453987122,2.5117477784660878,0.6569018158115673,0.21530643105506897,0.20766955614089966,0.22816164791584015,890.0770459374711,,,,,,,
738,1511424,253.56270620887423,238.68069884339548,535.6666666666666,8.758288580726612,0.4934021379465171,1.4081890396508194,-0.0018605345394462347,13.419997453689575,6.7081382274627686,2.928987741470337,0.9969277232885361,0.0167236328125,0.004891708231298253,0.7943997979164124,0.7299706339836121,16.44857096672058,2.4749463994812686,0.623346117832704,0.2152710258960724,0.20762628316879272,0.22811685502529144,884.1173692287347,,,,,,,
739,1513472,249.30009136484367,241.0567516365149,551.3333333333334,8.393916332917549,0.4770552508532187,1.375823267042233,-0.0006787920137867332,21.130350589752197,10.564496517181396,2.927361249923706,0.9996080547571182,0.0787353515625,0.0061350274190772325,0.7515847682952881,0.943146288394928,20.68317413330078,2.45724141287792,0.6317724886190029,0.21523262560367584,0.20761261880397797,0.22808143496513367,825.449475003899,,,,,,,
740,1515520,243.0477278945951,244.03355959155408,592.6666666666666,12.785956525167208,0.5286984580818438,1.7345475381665376,-0.0036139527801424265,4.173959970474243,2.0833660364151,2.8912026286125183,0.9968927055597305,0.047607421875,0.006901250555529259,0.9173688292503357,0.6879306435585022,8.806522488594055,2.4660246256535174,0.6218728609156707,0.21521630883216858,0.207529678940773,0.22811882197856903,860.635909713254,1.1274087133655373,3.1094896492460755,0.9051364256925596,14.290205499968684,0.0,1.0,0.0
741,1517568,239.56145821834616,246.31973227599582,579.0,7.080204927091648,0.5460788156066352,1.2498507170965063,-0.0019547930569387972,3.4336379766464233,1.7148642241954803,2.937158167362213,1.0020982921123505,0.0426025390625,0.001565733051393181,0.8964538276195526,0.7938259094953537,3.257698118686676,2.4884030915563926,0.6246572662554872,0.21525931358337402,0.20753522217273712,0.22817562520503998,885.549170489934,,,,,,,
742,1519616,226.64212552162908,247.9162392740768,542.6666666666666,7.570866120624182,0.5378701988725652,1.282210898630629,-0.0013826285721734166,16.187594652175903,8.092414736747742,2.916162073612213,1.0007841885089874,0.026611328125,0.0016869671671884134,0.6890560388565063,0.7077523469924927,15.994004964828491,2.491529319988331,0.6268131793451321,0.21528778970241547,0.20768584311008453,0.22814881801605225,882.8168797525763,,,,,,,
743,1521664,239.39459790521565,249.79832178271033,527.6666666666666,5.881578213185925,0.5273899652879074,1.1250643399027387,-0.0029485002742148936,35.66957187652588,17.83183765411377,2.9318617582321167,1.0018754601478577,0.0703125,0.0033825695427367464,0.5033832043409348,0.9050026088953018,29.985549926757812,2.4783165314875077,0.6138818722727746,0.2152574062347412,0.20773380994796753,0.228099063038826,886.9424736134569,,,,,,,
744,1523712,224.21191491490697,251.93760231218653,496.75,7.748177277122516,0.5151455951432914,1.2931151759381467,-0.0017907413421198726,7.182222366333008,3.589320421218872,2.917200446128845,1.0010842382907867,0.0257568359375,0.0015422211727127433,0.8576230257749557,0.5840198844671249,14.377424240112305,2.4948806570027955,0.6407790625350407,0.2152184098958969,0.20779013633728027,0.22803567349910736,859.1105878594258,,,,,,,
745,1525760,234.27429060406197,253.77764506982584,537.3333333333334,7.104841098944698,0.5416438107304729,1.2308988579764313,-0.0023554946528747678,7.7926836013793945,3.8939862847328186,2.9488524794578552,0.9988500028848648,0.0355224609375,0.004436924326000735,0.7969369292259216,0.9062196612358093,5.1556127071380615,2.50565090640157,0.6247115930608812,0.2151758074760437,0.2079092413187027,0.22791723906993866,798.3361639010798,,,,,,,
746,1527808,215.78801601754577,252.9771299129972,496.25,9.075825217167164,0.5315505344889148,1.4171135715671315,-0.002545007737353444,8.180725336074829,4.087817668914795,2.915721833705902,1.0002952814102173,0.0255126953125,0.0024534775293432176,0.8389758616685867,0.8297033160924911,13.990649700164795,2.5130916083144257,0.643938757506136,0.21514827013015747,0.2080029398202896,0.22783704102039337,878.5376810985357,,,,,,,
747,1529856,272.19669640452037,255.49323381922713,482.75,4.778347907495235,0.40109180494487934,0.9864949121526198,-0.0022763696033507586,16.969550132751465,8.48249864578247,2.922155976295471,1.000179260969162,0.020263671875,0.0020485575369093567,0.7138038277626038,0.701518326997757,10.256287336349487,2.4948657122440636,0.6217816794190411,0.21513614058494568,0.20795230567455292,0.22784164547920227,884.5209566369164,,,,,,,
748,1531904,247.55748834516783,255.59296397799915,496.75,6.2408738903361565,0.4706959685410652,1.1352351788957158,-0.0004588826559484005,7.977339386940002,3.9882108569145203,2.903261959552765,1.0011101067066193,0.0140380859375,0.0008837803688948043,0.8123956769704819,0.6202058047056198,4.138737916946411,2.4905203549569706,0.6228289309784376,0.21508027613162994,0.20777790248394012,0.22773580253124237,884.0964670930101,,,,,,,
749,1533952,199.9093001741206,253.26991378157973,507.75,10.623082498065507,0.5823968333286318,1.5228610303365056,-0.0035247390624135733,6.9352439641952515,3.464097261428833,2.882991135120392,0.9993439763784409,0.0582275390625,0.005117688640893903,0.8634826242923737,0.7478047907352448,17.15609312057495,2.5450578858872177,0.6474294546953878,0.21504700183868408,0.20761699974536896,0.22761580348014832,885.4239371833769,,,,,,,
750,1536000,235.26034098036467,252.89175550664558,475.0,6.074721085215983,0.46610873514899204,1.1326585655461034,-0.003745205351151526,10.518816471099854,5.25566303730011,2.9240756034851074,1.004363238811493,0.0775146484375,0.0013842675762134604,0.7652673572301865,0.883250504732132,10.382140398025513,2.506048752067727,0.6300977938931094,0.21505658328533173,0.20749689638614655,0.2276265174150467,887.6215429275532,1.3056819284374424,2.824868984862072,1.1387912306389014,11.606516283401138,0.0,1.0,0.0
751,1538048,219.4319192160897,250.22433266073213,479.25,8.41919019536075,0.49641921087388285,1.3387010649622753,-0.0015161552000790834,7.919721961021423,3.9583447575569153,2.88970023393631,1.0006409287452698,0.0279541015625,0.002053490563412197,0.8090835362672806,0.666277676820755,8.469159245491028,2.5205354004719993,0.6500721325217532,0.2150372415781021,0.2073170393705368,0.22764652967453003,820.6819451097103,,,,,,,
752,1540096,243.11426533775554,249.6928574751892,504.25,8.14064964898376,0.4915645880882086,1.3184067138326303,-0.0036502613220363855,8.442791938781738,4.217745661735535,2.9204061627388,1.0004900693893433,0.0350341796875,0.0024133611004799604,0.8296243995428085,0.8670917004346848,8.971349477767944,2.524755752296187,0.634130083262035,0.21500195562839508,0.2071809023618698,0.22765694558620453,864.0188448325313,,,,,,,
753,1542144,226.39829482013425,247.9476832627791,491.0,6.854675048630032,0.5024390071212144,1.1961813186877635,-0.001081644557416439,7.504053592681885,3.7509451508522034,2.8933948278427124,0.9999936521053314,0.01708984375,0.0019560115615604445,0.7983004450798035,0.5164307579398155,4.9807233810424805,2.505737018203945,0.6337875717515712,0.2150219976902008,0.20717929303646088,0.22772997617721558,889.5527647423346,,,,,,,
754,1544192,241.7831719071172,248.97939290276037,518.3333333333334,6.892082727905797,0.5399148735040091,1.2131649973281111,-0.002663450955878943,8.893214464187622,4.443943738937378,2.9325791597366333,1.0003886818885803,0.054443359375,0.0037739803810836747,0.7963030785322189,0.8535121083259583,14.68932819366455,2.502943829356809,0.6103234739585738,0.21505722403526306,0.2072264701128006,0.22777387499809265,883.453292199003,,,,,,,
755,1546240,249.61540030936806,248.95083851574603,561.0,6.889417685789862,0.48845268904045114,1.2101544245636109,-0.003521728445775807,29.377803325653076,14.685379981994629,2.9232969284057617,0.999571904540062,0.087890625,0.006858632506919093,0.7039148807525635,0.7655871137976646,30.90652894973755,2.4802791105175857,0.6193911678124435,0.21508318185806274,0.2073047161102295,0.22775359451770782,895.0935476040182,,,,,,,
756,1548288,273.081641772856,250.9936468506561,647.3333333333334,10.09908114332185,0.5400879359893855,1.506008954964492,-0.0032886650878936052,11.912438154220581,5.952930450439453,2.9255922436714172,1.0003546476364136,0.057861328125,0.004082919171196409,0.7647654861211777,0.7985989153385162,10.206923007965088,2.4899430883524474,0.6155852472092098,0.21513020992279053,0.20743732154369354,0.2277674376964569,886.1328227395309,,,,,,,
757,1550336,337.9615038571619,254.62918142564428,640.0,7.422671214722909,0.4343340334013765,1.2791655848048613,-0.002015054225921631,37.587514877319336,18.7917423248291,2.918204188346863,1.000333160161972,0.0347900390625,0.0028055223519913852,0.6168535649776459,0.616444818675518,39.68491458892822,2.4913922839041334,0.6026347061102217,0.21517805755138397,0.2075737714767456,0.22781722247600555,821.4347072056662,,,,,,,
758,1552384,282.56055249361617,256.14359228329874,645.0,14.647450435536445,0.5217955546115532,1.852637261696614,-0.0016815350390970707,9.400460243225098,4.698548674583435,2.933732032775879,0.996054083108902,0.0667724609375,0.008965243760030717,0.8244271576404572,0.5967738553881645,6.559385538101196,2.4765414462890476,0.6113562304606781,0.21520406007766724,0.20761699974536896,0.2278524488210678,870.5118994517502,,,,,,,
759,1554432,221.2866133772251,255.25438561174607,576.6666666666666,12.243822645394346,0.5696720508209395,1.6900489326840935,-0.0028637524228543043,6.889737486839294,3.442004978656769,2.9140080213546753,0.9987548738718033,0.0140380859375,0.0030985041958047077,0.8322026878595352,0.6021054536104202,15.034528732299805,2.4516742781561334,0.6035483460192433,0.2152293622493744,0.20770516991615295,0.2278330773115158,870.8759937343034,,,,,,,
760,1556480,251.5023259544715,255.30208181468032,593.0,10.285686365879606,0.5199846734703493,1.5289176614566384,-0.0025331416400149465,3.52406769990921,1.7595007121562958,2.9283856749534607,1.002044677734375,0.0614013671875,0.0026767269082483836,0.9192060083150864,0.6371127068996429,7.456467628479004,2.4618135021592025,0.6102318526610725,0.2152516096830368,0.20780952274799347,0.227728933095932,886.6811812837632,1.6493858782816573,5.012441008657355,1.4241489590602912,8.983436718297654,0.0,1.0,0.0
761,1558528,256.1052902908959,253.4142655992824,576.0,5.76011879651447,0.5115147806163938,1.0966267745217773,-0.002430413500405848,10.430049180984497,5.212594151496887,2.9243439435958862,0.9994532912969589,0.0615234375,0.0052542914636433125,0.849484384059906,0.9721671789884567,22.4735050201416,2.4981111398374196,0.6257232102633986,0.21525579690933228,0.20787084102630615,0.22761167585849762,890.783403860379,,,,,,,
762,1560576,306.7399281219176,252.21260025153921,519.0,5.251950813835289,0.4169397066705639,1.0228608756578783,-0.002397168893367052,13.198432683944702,6.596819162368774,2.9297040700912476,1.0016375184059143,0.02490234375,0.0007631123953615315,0.8723804205656052,0.6267005056142807,21.943307876586914,2.516601249226369,0.6255973386519204,0.21524208784103394,0.20787659287452698,0.22750955820083618,880.8242342350121,,,,,,,
763,1562624,284.6137009934077,251.84652817956706,541.0,5.02211777945743,0.4691165685703063,1.0055172323187278,-0.0016771149821579456,17.288878917694092,8.642762184143066,2.922139525413513,1.0011029541492462,0.0257568359375,0.0013378055591601878,0.8128366768360138,0.7486928105354309,31.536858558654785,2.4900985818676418,0.6226821241965284,0.21520262956619263,0.20783637464046478,0.22741885483264923,841.3959798388112,,,,,,,
764,1564672,244.0269991363298,249.54468939896833,537.3333333333334,7.553010582148637,0.4857245660692021,1.261907797090193,-0.0032374377478845417,35.54730987548828,17.77041721343994,2.9135162830352783,0.9981435090303421,0.02783203125,0.0043763915746239945,0.5909337252378464,1.1515834331512451,19.673087120056152,2.5296465831634123,0.654503161262085,0.2151384949684143,0.20776307582855225,0.22731518745422363,846.585231728624,,,,,,,
765,1566720,282.24225209532904,248.06432072662443,471.5,4.19924797070097,0.36534625497094453,0.8893091618396852,-0.0025843045441433787,16.162683486938477,8.078757524490356,2.8950759172439575,0.99960757791996,0.0191650390625,0.002577404447947629,0.7150090634822845,0.8658802807331085,9.21018362045288,2.5484624085511314,0.6502973239047225,0.21506279706954956,0.20769108831882477,0.22717677056789398,891.6992932348443,,,,,,,
766,1568768,291.40943851570546,250.2192817934444,526.6666666666666,6.1799759507257335,0.4054364603079323,1.1203402514172371,-0.002269263379275799,15.218477725982666,7.606969714164734,2.9081141352653503,1.0001046657562256,0.02880859375,0.0026889501023106277,0.8110161125659943,0.7931308001279831,16.64281129837036,2.5107627656689147,0.6254285801286852,0.21501058340072632,0.2076328545808792,0.2271832376718521,889.1827583871087,,,,,,,
767,1570816,249.63636785314117,250.08368540949513,453.75,4.1896500052456815,0.4047376876929899,0.8977386240986277,-0.0033196972217410803,8.679807424545288,4.336584091186523,2.8859421014785767,0.9969926327466965,0.04345703125,0.006814437001594342,0.8621860891580582,0.8886456042528152,18.904547214508057,2.5309849195036804,0.6429909463562986,0.2149779200553894,0.20758646726608276,0.22724466025829315,882.827958835075,,,,,,,
768,1572864,298.6596438512035,250.79789495563023,520.3333333333334,6.1238024047825945,0.38762142380346,1.117874870342498,-0.0036077755503356457,16.74470615386963,8.36874508857727,2.9421650767326355,0.9987328350543976,0.0323486328125,0.004543651812127791,0.8067400902509689,0.8724813461303711,16.373242378234863,2.50364438991528,0.6229405207715878,0.21493080258369446,0.20749041438102722,0.2273147702217102,877.893499895526,,,,,,,
769,1574912,283.6617171889491,252.4278061391334,498.5,5.4486621835359195,0.402408610515709,1.0581556463816235,-0.0026729940436780453,7.602566957473755,3.798610508441925,2.9086915850639343,1.0003680884838104,0.0338134765625,0.002684523249627091,0.8547188639640808,0.8956217169761658,6.306884169578552,2.514491372159682,0.6228817833103922,0.2148863673210144,0.20735333859920502,0.22740362584590912,874.8514594173444,,,,,,,
770,1576960,329.2799571048995,255.35174168976195,517.6666666666666,4.927408102625335,0.3406954014371265,0.9718693312360632,-0.004948068060912192,21.23664951324463,10.61337661743164,2.8874197006225586,0.9988001435995102,0.0418701171875,0.004979709963663481,0.8365001380443573,1.280553176999092,26.46558952331543,2.514452396950219,0.6313960210966628,0.2148449569940567,0.20720021426677704,0.22745676338672638,840.6929974417584,1.1908822847898355,3.817768126710874,1.053385949954453,9.839194952462506,0.0,1.0,0.0
771,1579008,271.11895654209286,257.0899528814683,467.0,5.734364411062852,0.37449935282520674,1.066305861683668,-0.002883867739001289,6.500098824501038,3.247165560722351,2.8752357363700867,1.0009984374046326,0.014892578125,0.0009523689514026046,0.9010881334543228,0.7472748458385468,15.966299772262573,2.553247781615937,0.644620719476499,0.21484246850013733,0.2071017175912857,0.22755157947540283,887.4756536297098,,,,,,,
772,1581056,301.4422859746687,259.57566716665934,496.0,5.865662750949779,0.3628307865460776,1.096627103683479,-0.0026298442389816046,12.827038288116455,6.410889387130737,2.8954787850379944,0.9995868653059006,0.025390625,0.0028861901664640754,0.8331537395715714,0.9351754188537598,13.213156938552856,2.494122389194672,0.6270613792212134,0.21484404802322388,0.2070460021495819,0.22763383388519287,889.3134862864712,,,,,,,
773,1583104,258.70794865784313,261.61026427218354,481.5,6.378415788024547,0.42255740244362877,1.1597560731606142,-0.003747084643691778,5.759171485900879,2.8758386373519897,2.907347619533539,0.9971020519733429,0.081298828125,0.008764595142565668,0.928369551897049,0.8230392038822174,16.455055713653564,2.4903815896977903,0.620774328193102,0.2148580253124237,0.20700764656066895,0.22767207026481628,877.6866940014492,,,,,,,
774,1585152,262.87454453097405,261.83362600782385,477.5,5.149677363066806,0.4086315635891816,1.0139354660949997,-0.002551853423938155,9.763701677322388,4.87929904460907,2.9164698719978333,0.9992220997810364,0.0177001953125,0.002795467276882846,0.819554939866066,0.5036531984806061,13.73012661933899,2.501998691877816,0.6130834817941989,0.21487897634506226,0.2069278359413147,0.22772836685180664,857.2641538015457,,,,,,,
775,1587200,227.9781949800369,261.37121235124613,458.5,7.456298393462639,0.4489720211505812,1.252272826864731,-0.0016127231065183878,11.431236028671265,5.714005351066589,2.8937742710113525,0.9980428665876389,0.0240478515625,0.00434574625978712,0.8920875042676926,0.6119756549596786,29.33763551712036,2.5312175755097996,0.6221385483573675,0.21488463878631592,0.2068459540605545,0.22788658738136292,852.7277953362315,,,,,,,
776,1589248,248.53354162231312,262.1217611647695,490.0,8.854450585977073,0.45559236323378627,1.370751825400379,-0.002204397926107049,5.483311891555786,2.739451587200165,2.9047401547431946,0.9975417256355286,0.0506591796875,0.00668607784609776,0.91224305331707,0.6179298758506775,13.499439239501953,2.520374922416522,0.6221148303820758,0.2148379385471344,0.2067527323961258,0.22798891365528107,782.0402576120463,,,,,,,
777,1591296,217.86701471746602,261.9025002921122,455.5,13.01250215216449,0.4713423178286297,1.7129275942989521,-0.002205494325608015,8.214292407035828,4.104940712451935,2.8899914026260376,0.9985390454530716,0.0328369140625,0.004452402557944879,0.8819480389356613,0.7647538632154465,19.777604579925537,2.502982151010656,0.6177249265441768,0.21477355062961578,0.20670367777347565,0.22798120975494385,876.848712901889,,,,,,,
778,1593344,215.04682324054517,262.0151842193924,436.5,9.67364977050957,0.4584558470756207,1.4544881536884569,-0.0025276067899540067,11.055822849273682,5.525383830070496,2.9191630482673645,0.9989823549985886,0.07275390625,0.0067245373502373695,0.7885168343782425,0.7935627847909927,5.211040616035461,2.488317976662074,0.6148393911654595,0.2147528976202011,0.20670129358768463,0.22798530757427216,883.2494195495141,,,,,,,
779,1595392,230.12464396493726,262.2083944983911,440.5,7.2748856811929965,0.43987830729754485,1.2441744873896423,-0.001988839590921998,11.496577024459839,5.746299624443054,2.907145142555237,1.0004549324512482,0.016357421875,0.0012937880019308068,0.7550768107175827,0.773556187748909,11.08993911743164,2.4915919640188804,0.6058623690098639,0.21474303305149078,0.20665931701660156,0.22797571122646332,879.0955779513063,,,,,,,
780,1597440,195.33212972335505,258.73682702572955,430.0,9.420451556970749,0.49835918142542857,1.4462699674279555,-0.0009458073182031512,17.83522081375122,8.916664600372314,2.9176684617996216,0.9996778815984726,0.0086669921875,0.0018721323867794126,0.6148828566074371,0.7403044402599335,11.433976411819458,2.481836010236293,0.6084529687447092,0.21472203731536865,0.20657888054847717,0.22791185975074768,882.3151953152744,1.6963192438334171,5.0290348905453435,1.4292291647602946,5.712697037989143,0.0,1.0,0.0
781,1599488,185.5632846215678,257.0450402611419,429.75,12.903227703134291,0.5191597959381121,1.715878412088162,-0.0032051114831119776,7.5259788036346436,3.7597843408584595,2.9307621717453003,1.000675767660141,0.0911865234375,0.005941797557170503,0.8120984733104706,1.0986464321613312,16.81691884994507,2.4917778158414876,0.6091620494544531,0.2146996557712555,0.20648089051246643,0.22779163718223572,873.7311990593878,,,,,,,
782,1601536,201.71414025461027,256.76854221137796,416.5,9.527921003557196,0.48667128333553406,1.4384711685163556,-0.003325819270685315,5.605407953262329,2.7993781566619873,2.906911075115204,0.9995873421430588,0.061767578125,0.0050518694770289585,0.8551008552312851,0.8593202829360962,12.129071950912476,2.5170667076890822,0.6234242140401708,0.2146473526954651,0.20635677874088287,0.2277074158191681,838.697677943837,,,,,,,
783,1603584,172.77081233027042,253.2157903287443,397.4,11.035184955028376,0.5263990811125316,1.5629929642150033,-0.002518779831007123,9.940748691558838,4.9678555727005005,2.890742778778076,1.0000991821289062,0.0390625,0.0031854419939918444,0.7102371454238892,0.6999037861824036,18.884385585784912,2.511257265970926,0.6236835129600015,0.2145841419696808,0.20621219277381897,0.22763118147850037,882.3901680270703,,,,,,,
784,1605632,166.6502123476183,245.23033856779776,358.0,9.343567842487095,0.48554260238924185,1.4006495717754615,-0.0019469944527372718,12.423393487930298,6.209749698638916,2.8881969451904297,1.002257525920868,0.048583984375,0.0018515187257435173,0.6180834472179413,0.8971215039491653,21.674530506134033,2.550765312364092,0.6318893732593756,0.21450981497764587,0.20607294142246246,0.22748301923274994,884.0809478025401,,,,,,,
785,1607680,180.38463976017232,241.64206337695524,356.0,6.424055984072245,0.4584508324140898,1.128386416083966,-0.003721997723914683,7.548343658447266,3.7704498767852783,2.8976128697395325,1.0000011175870895,0.0352783203125,0.0030418894602917135,0.7777130305767059,0.9272612631320953,17.072245597839355,2.5389468882931396,0.6246092656579517,0.21444927155971527,0.2060258984565735,0.2273552119731903,868.7629182298093,,,,,,,
786,1609728,188.9115560148809,238.85380698923342,370.8,8.166223612558078,0.4554329230614135,1.2910733789047102,-0.0022069222759455442,4.869865298271179,2.432725727558136,2.9038902521133423,1.0003074407577515,0.0218505859375,0.0019463718563201837,0.8654648065567017,0.7001072466373444,13.928237676620483,2.55235618117149,0.630188852555069,0.2144303321838379,0.20604367554187775,0.22724829614162445,892.989849815548,,,,,,,
787,1611776,194.67501367863832,233.88305773333857,374.2,6.7904948055498515,0.43616420669982003,1.1553711866275451,-0.0023016624618321657,4.5824819803237915,2.2889392971992493,2.8986904621124268,0.9981583207845688,0.0220947265625,0.004406668798765168,0.8447267562150955,0.6502630859613419,9.869032859802246,2.5486902933189413,0.636277443277814,0.21439142525196075,0.20605967938899994,0.2270900309085846,880.8557232568554,,,,,,,
788,1613824,188.00653657305878,230.45366432895065,350.2,5.899976200753424,0.41939329321881985,1.0684659239799197,-0.0011614756658673286,2.170762598514557,1.0842198431491852,2.882857918739319,1.0019300282001495,0.0301513671875,0.0009544099884806201,0.9320665299892426,0.7160203009843826,3.6787490248680115,2.528442747454392,0.6301979895413219,0.21436862647533417,0.20603398978710175,0.2270527333021164,789.1625159431419,,,,,,,
789,1615872,168.42528360694388,224.55573765463342,347.6,5.706424605066275,0.4852878119835736,1.0597478882835105,-0.002288124058395624,8.572054624557495,4.28373920917511,2.9207621216773987,1.000942885875702,0.019775390625,0.0011551496063475497,0.6945028305053711,0.7625795155763626,6.520624160766602,2.543011416157242,0.628939564109972,0.21437136828899384,0.20598091185092926,0.22714878618717194,885.7304770345306,,,,,,,
790,1617920,186.3635721014767,220.05858366035696,350.4,6.655055662197472,0.4444289621296323,1.1273438167702672,-0.003345929435454309,8.262187004089355,4.127747535705566,2.88202965259552,1.0012842416763306,0.067626953125,0.0036735153844347224,0.7579860538244247,1.0659433007240295,11.303463697433472,2.594055344889057,0.635226208412073,0.2143878936767578,0.20597831904888153,0.22723127901554108,889.0148886124532,0.8620546126932844,1.4407121674580055,0.7376931541799314,8.404478137249775,0.0,1.0,0.0
791,1619968,199.03839891965612,216.13830902055716,368.2,6.025176034784185,0.4214475957475213,1.0754650193229316,-0.002654023002833128,2.5905723571777344,1.2926321625709534,2.874825596809387,0.9987265765666962,0.0269775390625,0.003953756575356238,0.9156464040279388,0.5637302696704865,4.076070249080658,2.5629274264647393,0.6229770174203275,0.21437951922416687,0.20593571662902832,0.22723019123077393,889.2135749573035,,,,,,,
792,1622016,194.46046164761043,211.38565053188503,396.2,10.040280718012003,0.4712002903531203,1.4618829935182105,-0.0030948214698582888,8.02102541923523,4.007417857646942,2.8502755761146545,1.0011249780654907,0.0145263671875,0.0008162115409504622,0.7698627412319183,0.6573369652032852,4.767694115638733,2.5963790208043065,0.6475805398952104,0.21434137225151062,0.20571932196617126,0.227227121591568,891.8349860269423,,,,,,,
793,1624064,192.44713561138727,206.3862451572476,359.6,5.721655697731034,0.407536310427208,1.0477416073575496,-0.004607891431078315,5.91405177116394,2.952418029308319,2.878048837184906,0.9988637864589691,0.04296875,0.0046852950399625115,0.8510971963405609,0.978226438164711,5.226686477661133,2.5431402262911433,0.637905790585778,0.21430519223213196,0.20554037392139435,0.2272261530160904,893.7222181648294,,,,,,,
794,1626112,241.0078330569949,204.35572707156842,419.0,6.854691247470141,0.3974783230005857,1.1657352012293578,-0.0034132091677747667,4.76075553894043,2.376964569091797,2.910174608230591,0.9991049766540527,0.038818359375,0.004206027151667513,0.9251266866922379,1.0151360034942627,13.153475999832153,2.521893105455092,0.6284714970161203,0.21426230669021606,0.2054307758808136,0.22721418738365173,830.164643261869,,,,,,,
795,1628160,271.00018736792913,204.00184457351136,424.0,5.492660189025229,0.34903211810282675,1.0108943410843199,-0.0018451751675456762,16.0687255859375,8.032517671585083,2.867613971233368,0.9974957257509232,0.0205078125,0.004918492108117789,0.8752459287643433,0.8999326974153519,27.764551162719727,2.5552807699277764,0.6432264622489642,0.21421675384044647,0.20536057651042938,0.22723707556724548,879.6841465891898,,,,,,,
796,1630208,262.0433007712526,203.8918785192114,415.25,5.06999358091423,0.3827524597907286,0.9818476815653142,-0.0025945723755285144,13.504780292510986,6.74979567527771,2.916797161102295,1.0001424849033356,0.0074462890625,0.0013003017229493707,0.8003858774900436,0.800814762711525,20.597834587097168,2.534990157466382,0.6205702366521945,0.21416793763637543,0.2053385227918625,0.22719016671180725,882.3607208805741,,,,,,,
797,1632256,233.04068896523225,204.1186579010611,426.25,6.665914101908099,0.408830852704671,1.158449962612881,-0.0037511130794882774,7.071924567222595,3.532211184501648,2.898551821708679,0.9991331398487091,0.03173828125,0.003819735851720907,0.8617616593837738,0.5913532301783562,8.844791173934937,2.5352590424881782,0.618733301466779,0.21413719654083252,0.20532143115997314,0.22717148065567017,878.1775608843548,,,,,,,
798,1634304,261.18180017705834,204.8248449429652,474.5,5.741900950473092,0.4106749973607865,1.0696001268894795,-0.004730802611447871,9.217822074890137,4.604180216789246,2.8925852179527283,1.0015805959701538,0.0433349609375,0.002084209321765229,0.8215937614440918,0.6660330146551132,9.898720741271973,2.5329883257800248,0.6223019148998425,0.2141074687242508,0.20525988936424255,0.22720910608768463,879.0368332986835,,,,,,,
799,1636352,266.22011008730425,206.5109615279904,510.5,9.929762482368456,0.4578728362760052,1.4639932839541183,-0.0019885661895386875,7.264106392860413,3.630064606666565,2.858630061149597,0.9980915188789368,0.031494140625,0.0049982491036644205,0.8778465241193771,0.7634050101041794,10.670532941818237,2.552366475763847,0.6318778203603339,0.21409879624843597,0.2052355855703354,0.22719720005989075,873.6290126162617,,,,,,,
800,1638400,268.04576178598836,208.29930811420164,494.5,9.394336709304158,0.4263049240578919,1.4085110464423822,-0.004391425754874945,6.436461329460144,3.2138392329216003,2.8605268597602844,0.9973499327898026,0.0234375,0.005074617532955017,0.8907930701971054,0.7452554479241371,10.228086471557617,2.5686864946619608,0.6361013931648347,0.21409982442855835,0.20526821911334991,0.2271662801504135,807.8158085430686,1.542417429656285,5.049491376018725,1.1591810265780467,2.2301642469242635,0.0,1.0,0.0
801,1640448,290.55493450583174,210.82281113005723,458.0,4.067358653907073,0.3418236761576059,0.8676441677793276,-0.0026600549463182688,12.853445291519165,6.424062728881836,2.9091550707817078,0.9985423684120178,0.0267333984375,0.00394183521711966,0.837651401758194,0.8513495326042175,18.125707626342773,2.5348740143090254,0.6135337311205595,0.214094877243042,0.20530283451080322,0.22718991339206696,876.3829910918731,,,,,,,
802,1642496,267.25829501566903,213.58234964377542,474.0,4.9895977749165565,0.39486334029363357,0.9830164141546311,-0.002591480500996113,6.764227271080017,3.379522204399109,2.8746728897094727,1.0009047985076904,0.0333251953125,0.0022449327079812065,0.86433045566082,0.7514248341321945,5.16072404384613,2.526923183875624,0.6388851998802498,0.21410176157951355,0.20534248650074005,0.2271868884563446,891.3427473494219,,,,,,,
803,1644544,264.37085868372594,216.6046055642559,442.5,3.51121408045584,0.3728141336180819,0.7845283614108878,-0.0033955612452700734,10.791240930557251,5.392224907875061,2.8866255283355713,1.0004412829875946,0.0186767578125,0.0017572912984178402,0.8363180607557297,1.0854551196098328,12.568151712417603,2.513332260568859,0.6178673359917434,0.2141021192073822,0.2053631693124771,0.2271163910627365,889.7694949943717,,,,,,,
804,1646592,283.8271085255916,219.76264750567213,498.75,5.808061097235626,0.40264026658162033,1.054753837040273,-0.0012718616053462029,6.430522441864014,3.2139893770217896,2.867283523082733,0.9988051205873489,0.0379638671875,0.004624648317985702,0.9095354378223419,0.7241532802581787,8.915111064910889,2.5303876530524576,0.6459881563344847,0.2141578197479248,0.2053985744714737,0.22711361944675446,888.8780051481474,,,,,,,
805,1648640,282.27761765314096,224.11412906983233,497.25,5.797853175657257,0.40333221616208415,1.0795776015206182,-0.0016415987629443407,6.354161381721497,3.1754390597343445,2.88507080078125,0.9994412660598755,0.0032958984375,0.0015929109504213557,0.8951043486595154,0.8469189405441284,5.623421788215637,2.5463154175085947,0.6307049911327605,0.21422937512397766,0.205458402633667,0.22713957726955414,881.6012807471839,,,,,,,
806,1650688,274.9444209696933,228.33672664451973,501.75,6.152314234906623,0.425069842310426,1.122370050269134,-0.0029209712520241737,6.161634802818298,3.077896475791931,2.8679745197296143,0.9999454915523529,0.028076171875,0.0027847031742567196,0.8923872411251068,0.601595863699913,8.072812676429749,2.5469889608648373,0.635340419507641,0.21428391337394714,0.20557883381843567,0.22715209424495697,818.0332238337585,,,,,,,
807,1652736,282.90665980578495,231.7537463924813,528.0,7.284242072040416,0.42504133897779484,1.23612999229125,-0.0028759140986949205,17.156720638275146,8.57548451423645,2.8984193205833435,1.0000310242176056,0.021240234375,0.0021634915174217895,0.8077174723148346,0.7075922936201096,18.83871603012085,2.5328059124440188,0.6399109602287734,0.2143491804599762,0.20564964413642883,0.2271200567483902,887.0980131866945,,,,,,,
808,1654784,296.5366021469506,236.28340586497418,481.5,3.666396011991753,0.3468252318331412,0.817391312435278,-0.003975749248638749,6.048439025878906,3.020243763923645,2.906724274158478,0.9981677681207657,0.0390625,0.005186499751289375,0.9059415757656097,0.6886428594589233,5.824596285820007,2.519887303831638,0.6282414892247328,0.21437141299247742,0.20566652715206146,0.22703702747821808,878.2804891790641,,,,,,,
809,1656832,301.3042952979725,241.00420849247604,480.25,4.481231905377946,0.3354442291707571,0.9151911091796042,-0.001915815519168973,8.783740758895874,4.389954686164856,2.9079825282096863,1.001268893480301,0.047119140625,0.0027663037180900574,0.8976553380489349,0.7797464579343796,12.69058632850647,2.5013686686725123,0.6174783915720632,0.2143743932247162,0.20567363500595093,0.2269713580608368,889.7662482271326,,,,,,,
810,1658880,262.53153998669836,243.80209433231573,461.25,6.057502572353544,0.38651451658625136,1.1049606036130568,-0.0031232230830937624,2.9629604816436768,1.4783570170402527,2.920407295227051,1.0007115602493286,0.0306396484375,0.0023255828127730638,0.9462530016899109,0.6839941591024399,6.629211187362671,2.5184191749285674,0.6276720703306997,0.2143884152173996,0.20568254590034485,0.22690537571907043,890.476798402739,1.6221368599903312,5.009713481957761,1.2462928918066392,7.408202539588345,0.0,1.0,0.0
811,1660928,256.94789117009805,246.4180412915522,438.0,4.893091412698253,0.3649617114747607,0.9602379718923744,-0.002878742292523384,13.649509906768799,6.821876287460327,2.9080647230148315,1.0009680688381195,0.0372314453125,0.002261220957734622,0.8112865537405014,0.9009623825550079,8.648493766784668,2.522323022945784,0.6380459765419259,0.21442466974258423,0.20570969581604004,0.22682304680347443,882.4198733937276,,,,,,,
812,1662976,255.84027425478249,249.08128320540385,412.75,3.398602629475711,0.3443489892146092,0.761730602475179,-0.003109337412752211,13.89086389541626,6.942322611808777,2.9110544323921204,0.9997084736824036,0.0211181640625,0.0026497719663893804,0.7844293862581253,1.0125830471515656,10.65565037727356,2.517142141077784,0.6316874068797356,0.21447119116783142,0.20576819777488708,0.226761132478714,829.8251734651241,,,,,,,
813,1665024,279.654288313417,253.42396800347095,482.5,5.565107414113408,0.38374630253669506,1.02473335649456,-0.0026249054353684187,2.8722888827323914,1.4335195422172546,2.892449975013733,1.0026575922966003,0.0576171875,0.002120161341736093,0.9552530199289322,0.8305191844701767,3.761631190776825,2.514602653522161,0.6322453495417736,0.21450014412403107,0.20583347976207733,0.2267531007528305,845.4761477039193,,,,,,,
814,1667072,244.47967671676352,255.73486916272256,463.5,5.846616535723701,0.4246013059025323,1.0798310610478021,-0.0028871505055576563,4.752045392990112,2.373135507106781,2.8890804648399353,0.9999814033508301,0.0269775390625,0.0026649846622603945,0.9184857457876205,0.6116897240281105,11.799999475479126,2.5050599801179487,0.622584756223654,0.21449756622314453,0.2058594822883606,0.22679482400417328,851.8552140404181,,,,,,,
815,1669120,259.93853302611194,258.8116491427822,493.25,6.929678444743607,0.4409413169913031,1.1903408781660336,-0.00184447702486068,3.942604124546051,1.969457596540451,2.895408809185028,0.9970463812351227,0.0455322265625,0.006807338002545293,0.9239802658557892,0.6873812824487686,4.678412914276123,2.5077369127538987,0.6367144512410001,0.21446707844734192,0.20580372214317322,0.2268468290567398,879.8149831240265,,,,,,,
816,1671168,242.67783693769695,260.51239965932143,440.5,4.556551204179266,0.4025694170393598,0.9232784347711822,-0.0027332259924151003,8.102478742599487,4.048506259918213,2.8949002623558044,0.9993333369493484,0.0194091796875,0.002705648832488805,0.8552422225475311,0.631981149315834,4.457842111587524,2.518614546424942,0.6157873787996955,0.21446189284324646,0.20571602880954742,0.22695796191692352,885.0258306525058,,,,,,,
817,1673216,254.20530995108717,262.90512318942257,452.0,6.635150455039705,0.39258316788622694,1.1574652798011307,-0.002337927871849388,7.480546712875366,3.737935423851013,2.913116455078125,0.9997738599777222,0.0269775390625,0.002788005796901416,0.8804156631231308,0.579198494553566,2.4476643800735474,2.5232425335852895,0.6172087773762027,0.21445247530937195,0.2056424766778946,0.22706325352191925,856.0871763702149,,,,,,,
818,1675264,252.24513238276438,264.9537794559624,451.5,5.1338373667625,0.3974057462595251,0.9744848744752197,-0.003964279487263411,9.299527168273926,4.645799160003662,2.9132543802261353,1.001259058713913,0.0576171875,0.0032643755694152787,0.8620397001504898,1.0399180948734283,4.602932929992676,2.527088269867818,0.615403451670871,0.2144221067428589,0.2055366486310959,0.22709870338439941,871.5769514762471,,,,,,,
819,1677312,244.0781290041663,265.8911573031448,455.6666666666667,14.51929273715924,0.4858344006552556,1.7878269620691352,-0.0032283043256029487,8.377462148666382,4.185502767562866,2.8748831152915955,1.0007645189762115,0.0477294921875,0.003277743853686843,0.8417562544345856,0.8391314595937729,14.99933910369873,2.5511635820002994,0.6310075527215534,0.21439696848392487,0.20542457699775696,0.22707608342170715,817.8582799387077,,,,,,,
820,1679360,249.71218074597604,265.63976794954846,419.25,5.386307021886286,0.38104350306360835,0.9759098306801147,-0.002390247187577188,7.153368234634399,3.5742939114570618,2.897384822368622,0.9987803101539612,0.0296630859375,0.003993413316493388,0.8727375268936157,0.6650759875774384,10.80617094039917,2.519600778032327,0.6196368871219462,0.21435827016830444,0.20535698533058167,0.22699716687202454,864.2775098278895,1.9469277801506855,5.013648159458588,1.3163063436406781,8.209952677212492,0.0,1.0,0.0
821,1681408,231.83876692693792,264.1201929938918,377.0,4.512785178245098,0.3395842242928383,0.8753129914402547,-0.0021807648590765893,3.28480327129364,1.6402208507061005,2.872622847557068,0.9993603676557541,0.0169677734375,0.002763681433862075,0.9716055691242218,0.6502762883901596,14.314043760299683,2.5201971502101514,0.636287712711902,0.21437802910804749,0.2053576409816742,0.2269260138273239,880.5569307932716,,,,,,,
822,1683456,237.80614976922405,264.3091231355843,423.0,8.881152496134934,0.40612390471243687,1.3391227817493094,-0.0024441173300147057,2.6359938979148865,1.315552830696106,2.8733460307121277,1.0017666220664978,0.02880859375,0.0008362072330783121,0.9555430263280869,0.9414017647504807,8.371772289276123,2.5207023468392435,0.63609624646188,0.2144433557987213,0.20542925596237183,0.22687861323356628,887.5945325867419,,,,,,,
823,1685504,222.80642660099454,262.94500454268365,444.5,9.73365672080838,0.4415688018676803,1.3979180044271666,-0.005146217765286565,14.45618462562561,7.2229461669921875,2.852888584136963,0.9983617514371872,0.0518798828125,0.00584160364815034,0.7840203046798706,1.0024918764829636,2.925781011581421,2.5348811531148385,0.6510975147441797,0.21448715031147003,0.20550225675106049,0.2268347591161728,889.3259316000587,,,,,,,
824,1687552,247.38127086365895,261.612144066351,437.75,6.131627936260241,0.39237355557404197,1.0886595268192165,-0.001505115651525557,6.6782625913619995,3.3376261591911316,2.913592219352722,1.0001169294118881,0.02001953125,0.001644558687985409,0.886950895190239,0.7297910302877426,2.928057312965393,2.5203191132313805,0.6139732841938976,0.21450680494308472,0.2055300772190094,0.2267812192440033,884.0742428194843,,,,,,,
825,1689600,253.30619187012945,261.1218643901127,462.5,8.915859766887948,0.4032635279931124,1.3227837239862223,-0.0020670571830123663,15.481143951416016,7.738504886627197,2.904530644416809,0.9990982711315155,0.017333984375,0.002706774801481515,0.8005850166082382,0.6105506643652916,8.767202854156494,2.5272086272016168,0.6201273205172438,0.21452629566192627,0.2054937779903412,0.2267630249261856,815.5858955250183,,,,,,,
826,1691648,242.2751982502833,259.27389031475764,446.75,9.27996377003197,0.4186201333292715,1.3564362224252098,-0.00233303417917341,10.86648440361023,5.430909156799316,2.8873400688171387,1.0009845197200775,0.065185546875,0.004249576522852294,0.8198280781507492,0.7749800831079483,8.723832368850708,2.512625566276256,0.6341050947623658,0.21454130113124847,0.20541439950466156,0.22682861983776093,890.5991492636838,,,,,,,
827,1693696,226.76293854638692,257.3423811026353,386.8,5.123221741603958,0.37668136250308937,0.9568510892583536,-0.002053242176771164,8.870747804641724,4.43332052230835,2.92833149433136,0.9994158446788788,0.0205078125,0.0027099134458694607,0.8951079994440079,0.7053346782922745,19.916604042053223,2.513926116080256,0.6269657492972509,0.2145438939332962,0.20533829927444458,0.2269427627325058,896.0391333887322,,,,,,,
828,1695744,244.87748172702896,255.86303630862588,403.6,5.94689197102721,0.3647081176099046,1.0251045781335242,-0.0028157802298665047,3.6162878274917603,1.805328130722046,2.8756136298179626,0.9995875060558319,0.0455322265625,0.0042985231266357005,0.9601736068725586,0.6620282381772995,13.546916484832764,2.535800439771265,0.6295728607801143,0.21452078223228455,0.20521943271160126,0.22707316279411316,894.4173914812076,,,,,,,
829,1697792,244.84118339105814,254.70109391529294,423.5,6.947157615682334,0.3882467622355921,1.1509093981988499,-0.003833764814771712,2.7422540187835693,1.3672932386398315,2.933353543281555,0.9989226758480072,0.046630859375,0.004875551581790205,0.9461264312267303,1.0431611835956573,5.6935999393463135,2.5196773719071643,0.615239411797442,0.2144601047039032,0.20498265326023102,0.2271304726600647,881.572330222106,,,,,,,
830,1699840,271.7251415167529,254.31263337563325,543.6666666666666,13.690568163004544,0.469458657030019,1.7192933254488276,-0.0024383198469877243,5.042176961898804,2.5186501145362854,2.8981208205223083,0.9996770769357681,0.0557861328125,0.004716341325547546,0.9153797924518585,1.0123115181922913,10.412396430969238,2.56942354531202,0.6252590284866071,0.2144024819135666,0.2047930359840393,0.22722357511520386,893.687154958681,1.6885261407379957,5.011850430676924,1.3314787316407966,8.488565885989914,0.0,1.0,0.0
831,1701888,223.00501220839251,252.2350570251812,469.0,10.687166944478605,0.4751867844347662,1.4975919766556638,-0.0030770490411669016,8.558080196380615,4.275962948799133,2.9175423979759216,0.9981275051832199,0.015380859375,0.003714678270625882,0.856457531452179,0.6931560039520264,16.406019687652588,2.5481596038589487,0.6251505394883365,0.21433885395526886,0.20467473566532135,0.22732552886009216,797.0428120702755,,,,,,,
832,1703936,223.07642822961253,249.64432912367025,421.25,7.485209770958246,0.4302599289236542,1.2182685880343656,-0.0035822115605697036,4.234157919883728,2.113496720790863,2.903438448905945,0.9997604340314865,0.0853271484375,0.006411126189050265,0.9260928928852081,1.075008973479271,10.808014392852783,2.5287313162261853,0.6238354563070605,0.21429675817489624,0.20465262234210968,0.2273959219455719,887.4696738852471,,,,,,,
833,1705984,209.3511162623462,244.814248812184,393.0,6.35223632718016,0.4275448230037086,1.1044894836593606,-0.002866147318854928,8.844304084777832,4.419285893440247,2.924083709716797,0.996187150478363,0.0467529296875,0.00764843997603748,0.8979901522397995,0.5697253942489624,21.541433334350586,2.5173035408661235,0.6122654020532369,0.2143232822418213,0.2046985924243927,0.22751078009605408,889.8178192995832,,,,,,,
834,1708032,249.12835128223026,243.57168608075207,452.5,10.016496847119397,0.40885953996852875,1.4057713020574572,-0.002649438101798296,6.543217301368713,3.2689592242240906,2.8577585220336914,0.999119445681572,0.0225830078125,0.003157917220960371,0.8892750889062881,0.6841345727443695,7.102373838424683,2.543514599718037,0.6503570240396883,0.21436765789985657,0.2047399878501892,0.22768501937389374,884.8120253127497,,,,,,,
835,1710080,224.82058775706207,242.56430091563143,500.0,17.853539898472143,0.520769952284839,1.9698250555087982,-0.0030743745155632496,2.940527856349945,1.4671895503997803,2.877653121948242,0.9980510175228119,0.0289306640625,0.004777035886945669,0.939004048705101,1.1595045775175095,4.833893895149231,2.581637305993354,0.6531671050091833,0.21438583731651306,0.20471440255641937,0.2278127819299698,897.0062555056605,,,,,,,
836,1712128,218.44256058765896,240.6287063752868,404.2,12.268379728326723,0.43099705245797687,1.57325766654345,-0.003180290339514613,3.258431553840637,1.6260355114936829,2.887645721435547,0.9984588325023651,0.03173828125,0.004469861174584366,0.9445171058177948,0.9018499106168747,8.278096675872803,2.556634035296156,0.6454680249648672,0.21438081562519073,0.20465433597564697,0.22788575291633606,887.6695041503599,,,,,,,
837,1714176,223.27071906311386,238.511226179204,419.25,10.636910366620256,0.438515436348509,1.4778279036492048,-0.0028826271882280707,3.4285419583320618,1.711388349533081,2.8930023312568665,1.0002278089523315,0.01904296875,0.0019395763520151377,0.9229787141084671,0.8095223158597946,5.269501328468323,2.560092600455391,0.6311007006702193,0.2143552452325821,0.20462188124656677,0.22793352603912354,827.4961480288619,,,,,,,
838,1716224,200.26152906891588,236.25974935801386,410.5,10.589720549084262,0.46819899868702086,1.440649520482429,-0.0023714910494163632,7.242353677749634,3.6188053488731384,2.858270823955536,1.0008363127708435,0.0242919921875,0.001734204233798664,0.8250469714403152,0.8346755355596542,6.870976090431213,2.534837296276237,0.6534954576812467,0.21434637904167175,0.20469045639038086,0.2279987633228302,856.7501536129,,,,,,,
839,1718272,209.1256632203233,234.64356644805414,423.25,9.856941501046897,0.48995375597190627,1.3927944140494937,-0.005385389376897365,14.93010425567627,7.459666728973389,2.8874707221984863,1.0001721680164337,0.058349609375,0.004612636621459387,0.6671496480703354,1.257742553949356,12.62169885635376,2.512907200245536,0.6420030250144474,0.21433301270008087,0.20478200912475586,0.22801929712295532,887.778554192729,,,,,,,
840,1720320,197.06342661698548,232.68826508608828,480.25,21.02714859173299,0.5433265046065187,2.1684794622390458,-0.00321952230297029,5.786852121353149,2.890206515789032,2.88373601436615,1.0015594363212585,0.0355224609375,0.0015190955164143816,0.8577303439378738,0.9852139502763748,11.006312847137451,2.54692220139259,0.620052338463512,0.21429049968719482,0.204803466796875,0.22796015441417694,878.327303842831,1.6650935989754836,5.017846206684046,1.6783865786689718,10.11276089541765,0.0,1.0,0.0
841,1722368,183.60101642723143,229.22281019233608,396.2,11.960123851309998,0.49850736897475223,1.5399038608228226,-0.003461548127233982,7.713567495346069,3.853322207927704,2.8564358949661255,1.0012143552303314,0.027587890625,0.0014285540164564736,0.8816583603620529,0.8747245669364929,18.976489067077637,2.532983063181746,0.6449967868454617,0.21424473822116852,0.2048305720090866,0.22787517309188843,891.1285688192095,,,,,,,
842,1724416,198.28494619594508,227.06440274486332,472.0,13.331464150905456,0.5316475459230857,1.649957138501914,-0.0035230681532993913,6.246803522109985,3.1198787093162537,2.887662947177887,0.9994126856327057,0.02587890625,0.0030688580227433704,0.8278731852769852,0.8538929522037506,9.561797857284546,2.563220418902347,0.6408859175880365,0.21421898901462555,0.20483209192752838,0.227863147854805,890.5861617341482,,,,,,,
843,1726464,166.94610276678407,223.0683028244087,367.0,12.25734362919464,0.48987057460237265,1.5690399207525678,-0.0017452535685151815,13.377893686294556,6.687201619148254,2.855981171131134,0.9998712241649628,0.08056640625,0.006149701614049263,0.7192076593637466,1.0285473465919495,9.428601264953613,2.5515165676624747,0.6349380899672937,0.21420596539974213,0.20482458174228668,0.22789788246154785,841.0537049830614,,,,,,,
844,1728512,160.30996076183152,219.97842668951554,429.0,15.953492017534609,0.5858436176190589,1.8313493412021087,-0.003746416012290865,11.031529188156128,5.512018203735352,2.882500171661377,0.9978624582290649,0.032470703125,0.005088772995804902,0.5996479243040085,1.2359334528446198,15.526327848434448,2.5708752456412185,0.6453940015713123,0.2141895443201065,0.20480968058109283,0.22798608243465424,896.819060477141,,,,,,,
845,1730560,169.31452659197862,217.4598877008967,442.0,15.581154799620593,0.5654864210250942,1.8240555118184159,-0.0014321260387077928,8.982023000717163,4.489579439163208,2.873316168785095,1.0006967782974243,0.0504150390625,0.0033391606848454103,0.7193919122219086,1.139506608247757,15.197377681732178,2.559119444573298,0.6262687482921694,0.21418237686157227,0.2048197239637375,0.22808648645877838,890.8267316508301,,,,,,,
846,1732608,166.79314652930438,214.24308410749632,366.2,14.321013061847795,0.4944190159051496,1.6978024050115428,-0.0038705815677531064,8.869458198547363,4.430858492851257,2.8656352758407593,1.0009403228759766,0.0301513671875,0.0016947874682955444,0.7718527317047119,0.7855754941701889,12.697152376174927,2.5572060410049744,0.6531669160614003,0.2141982764005661,0.20483918488025665,0.22824043035507202,875.8100809168955,,,,,,,
847,1734656,172.75867058071032,210.76901479080286,403.0,17.86454916917809,0.5392098293259205,1.93412045794812,-0.0022187663707882166,5.926660656929016,2.9611114859580994,2.831899344921112,1.0017359852790833,0.0697021484375,0.003428548137890175,0.8711277544498444,1.0903252214193344,13.409706592559814,2.567778961849399,0.6612324868934019,0.21420395374298096,0.20483581721782684,0.2283593714237213,874.8114070197838,,,,,,,
848,1736704,193.3203534898676,207.88552489687783,406.8,13.207544675110055,0.4975154168717484,1.5826743197213926,-0.0030490985373035073,14.906561613082886,7.4502317905426025,2.8607365489006042,1.0020322799682617,0.0228271484375,-0.0002013369303313084,0.5975285619497299,0.8135523498058319,8.1306791305542,2.5767951823800104,0.6498085983401352,0.21419817209243774,0.20482560992240906,0.2283833920955658,884.5440709912765,,,,,,,
849,1738752,170.36650205835886,205.00917704920087,404.0,17.967777426091878,0.5496444624428518,1.9462640058937497,-0.0013398781884461641,4.214860320091248,2.1060903072357178,2.8478859663009644,1.000728815793991,0.020263671875,0.0012656153194257058,0.8512792885303497,0.8458956629037857,6.164010047912598,2.5914336534187896,0.6508304591157005,0.2142145037651062,0.20489288866519928,0.22840386629104614,875.5927413879518,,,,,,,
850,1740800,163.0787983086687,201.82497003731496,397.6,16.795228046472623,0.5518077296189919,1.8382410177073443,-0.0038230805657804012,4.368699431419373,2.1805266737937927,2.8703994154930115,0.9973501265048981,0.08740234375,0.009318144599092193,0.8494912534952164,1.5613247156143188,10.318832635879517,2.60868833893619,0.6513487741749682,0.21424126625061035,0.20494434237480164,0.22846512496471405,821.1792864627329,1.8801360209025244,5.016722125486268,1.6351252632890563,9.155997463138851,0.0,1.0,0.0
851,1742848,175.56332774742495,199.18558475311318,407.25,13.620979252779005,0.547437527774169,1.608994893902683,-0.0035156364319846034,8.520198583602905,4.2565836906433105,2.8340758681297302,1.00160813331604,0.0289306640625,0.0008880168825271539,0.7239849418401718,1.0862696170806885,8.764579772949219,2.591358576246421,0.6696795286815702,0.21424484252929688,0.20491759479045868,0.22855336964130402,876.8423536753555,,,,,,,
852,1744896,177.25610217746183,196.26435039041414,440.5,19.846689796897095,0.5538554872343437,2.0547812142283775,-0.003178013372235,2.8095679879188538,1.4016059637069702,2.884389638900757,0.9986032098531723,0.0107421875,0.0027535204571904615,0.8939466774463654,0.6432256922125816,3.4221136569976807,2.5803063495550305,0.6467619091485288,0.21430259943008423,0.20494429767131805,0.22864724695682526,879.7285492744508,,,,,,,
853,1746944,176.2203599759526,192.79728596585213,473.5,18.301838513492463,0.5764287722358107,1.9658812859403199,-0.0032511302269995213,2.464692175388336,1.2290949523448944,2.869935929775238,0.9994545876979828,0.0457763671875,0.004040535095555242,0.9096343964338303,1.094169169664383,4.2720242738723755,2.581305632586009,0.6615189342448842,0.21436086297035217,0.2049919217824936,0.22870546579360962,895.2420095553681,,,,,,,
854,1748992,166.54693211208743,190.0291075084758,366.2,14.645634586781533,0.4904150063138021,1.7107541413340726,-0.0019266345771029592,4.235997915267944,2.1160722970962524,2.843593120574951,0.9995827227830887,0.0277099609375,0.0030728894926141948,0.869086280465126,0.68681201338768,4.0817259550094604,2.557248926445027,0.6563462849361466,0.214423269033432,0.2049919217824936,0.22874189913272858,885.0042591063914,,,,,,,
855,1751040,224.4272085425654,190.01419121021328,589.0,19.15689386830287,0.5739201082687687,2.026070340459874,-0.0021184062934480608,13.40910267829895,6.702432990074158,2.903260290622711,0.9986013025045395,0.0428466796875,0.004993934097001329,0.6346863061189651,1.059881865978241,10.163645505905151,2.5661586867063306,0.6271700184548838,0.21447107195854187,0.2049015313386917,0.22876763343811035,883.1304166906747,,,,,,,
856,1753088,174.7362037660695,188.28344558539942,356.2,13.495572680309785,0.4614131661903477,1.6246472294057328,-0.0037132733850739896,1.8875083327293396,0.9400408864021301,2.8926451802253723,0.9997868984937668,0.039306640625,0.0037327638783608563,0.9514188468456268,0.8726419806480408,5.898250460624695,2.557086449713097,0.6496640676632096,0.21446548402309418,0.2048216015100479,0.2286553829908371,805.8623479570902,,,,,,,
857,1755136,166.16746354737347,184.9650100760052,431.0,21.719095256242348,0.57141023642782,2.142599482886298,-0.0009627133840695024,2.9965860247612,1.4973303079605103,2.857043206691742,1.0018717050552368,0.025634765625,0.0005991388534312136,0.8776012510061264,0.8758659064769745,2.140406847000122,2.5840296447713627,0.6598496309157851,0.21444734930992126,0.20478706061840057,0.22854727506637573,886.3788824108128,,,,,,,
858,1757184,206.58699684763766,184.23566643962818,495.5,15.044080052437328,0.5480937990997456,1.7198796081021588,-0.0005038084927946329,12.57709789276123,6.288045167922974,2.867950439453125,0.9996570944786072,0.0841064453125,0.007607885359902866,0.6797873377799988,1.4092623740434647,11.504492282867432,2.582518182665808,0.6563667930859908,0.21442911028862,0.2047475129365921,0.2284923791885376,883.8805844152048,,,,,,,
859,1759232,183.73186689348367,182.66257771982356,428.0,17.108735335882667,0.5359340818740517,1.8642873763470054,-0.001997720799408853,3.7704818844795227,1.8832432329654694,2.8818389773368835,1.0017201602458954,0.022216796875,0.0003038266149815172,0.8711364567279816,0.847700908780098,5.524976134300232,2.5787318458314985,0.6501663733614866,0.2144106775522232,0.2047031968832016,0.22850550711154938,892.9132185351114,,,,,,,
860,1761280,183.1613045696351,181.37610650121403,497.0,20.130814483751514,0.5970231252035643,2.074486224694087,-0.002017345163039863,6.287443041801453,3.1417041420936584,2.874424159526825,0.9995969533920288,0.0484619140625,0.0041682898518047296,0.7548451870679855,0.9098812341690063,4.404732346534729,2.6054388826159993,0.6471086540024601,0.21438029408454895,0.20467418432235718,0.2285057157278061,891.833106347427,1.7568607822392581,5.012881298542258,1.7023890315610415,9.216208868710307,0.0,1.0,0.0
861,1763328,180.98702777803868,180.40180483876742,423.75,15.540374531251077,0.531642505327487,1.7449806573854816,-0.002905326779000461,2.824784994125366,1.4094871878623962,2.8634722232818604,0.9997650533914566,0.044921875,0.0036835710852756165,0.9027726054191589,1.0961026549339294,3.464596688747406,2.5986069458012935,0.656886373382321,0.21434839069843292,0.20468832552433014,0.22848887741565704,892.6240241404308,,,,,,,
862,1765376,178.25977456077757,178.83541865383634,393.4,13.726496799664027,0.5049092588004263,1.615448491506153,-0.0035527762956917286,3.788456618785858,1.8906755149364471,2.874939441680908,1.0002930462360382,0.032470703125,0.002435123547911644,0.8913331627845764,0.9745516180992126,7.993744134902954,2.5837595155317103,0.6597948358327119,0.2142942100763321,0.20476368069648743,0.22849690914154053,803.2006642871063,,,,,,,
863,1767424,168.33605724828266,177.5090194617398,392.8,15.597218599585368,0.52789202630112,1.750002415535863,-0.0045185895869508386,2.756238043308258,1.373600423336029,2.877359926700592,1.0011464059352875,0.029296875,0.001636407345358748,0.9154902845621109,0.8357317894697189,7.404886245727539,2.5587577667756705,0.6665045811610636,0.21423617005348206,0.20477351546287537,0.22854910790920258,882.2230493133615,,,,,,,
864,1769472,174.7968900281717,176.6225675724807,409.4,20.160852622447237,0.5484027179776612,2.0505806093345047,-0.0027569630183279514,1.5922238528728485,0.7933549582958221,2.8606262803077698,1.0023849606513977,0.025390625,6.229610880836844e-05,0.940506100654602,0.7901953905820847,3.5939852595329285,2.5451183080731425,0.6625803522001349,0.21415561437606812,0.20468758046627045,0.22861391305923462,891.4144994675992,,,,,,,
865,1771520,168.16765344844,175.9751849308851,388.0,15.43823517510862,0.5203258369046556,1.734958479063667,-0.0008771391585469246,2.1199121475219727,1.0590789318084717,2.8343706130981445,0.9994164556264877,0.017822265625,0.0022904360375832766,0.9242949783802032,0.8504064530134201,2.619803309440613,2.5811566563497763,0.6903703667007074,0.21410734951496124,0.20460011065006256,0.22869381308555603,892.800275570934,,,,,,,
866,1773568,178.44799604323268,176.5330560891528,337.6,12.64569460999464,0.454275011167133,1.5347560108599867,-0.0021916449768468738,1.1665665805339813,0.5810916423797607,2.83649080991745,0.9998631328344345,0.0089111328125,0.00150512317486573,0.9578571170568466,0.89973184466362,2.490229904651642,2.563382251537405,0.6481795594973266,0.214054673910141,0.20451240241527557,0.22875764966011047,882.9685045849864,,,,,,,
867,1775616,183.78396673355934,177.86014206095416,372.4,15.34197393611473,0.45579244782591744,1.7471114234575083,-0.0027649440453387797,5.579690337181091,2.78708016872406,2.833920657634735,1.000589370727539,0.0645751953125,0.004314996927860193,0.8634778559207916,0.7485479265451431,7.062195062637329,2.558316220456618,0.6571870812324782,0.21400733292102814,0.20445416867733002,0.22875766456127167,888.122431135168,,,,,,,
868,1777664,184.33777457016623,178.56279246913334,405.0,17.879451527391566,0.5157661588513524,1.9218503354397023,-0.0027981376042589545,2.869132399559021,1.4317680597305298,2.87168025970459,1.0002802312374115,0.01806640625,0.001843805643147789,0.9047989994287491,0.8775296807289124,3.8750532269477844,2.566397146671079,0.6544031040045533,0.21397672593593597,0.204398050904274,0.2287725806236267,792.2306098801869,,,,,,,
869,1779712,186.99243155379565,179.44462022878557,335.1666666666667,13.12052767721526,0.4064869362671387,1.5809551733029603,-0.002435204805806279,1.0360341966152191,0.5155818909406662,2.87407785654068,1.001905769109726,0.0377197265625,0.0015183462455752306,0.9680701494216919,0.7407315522432327,1.266260713338852,2.5430243218143005,0.6624190869607729,0.21398992836475372,0.20434054732322693,0.22884957492351532,881.7645880865626,,,,,,,
870,1781760,185.6741960181957,179.0623123552019,347.4,12.099454196158508,0.4204993574839385,1.5245958167525866,-0.002212864113971591,1.8040149807929993,0.8997946232557297,2.8565614819526672,0.9975965470075607,0.0321044921875,0.0055003220768412575,0.9493224322795868,0.5384569317102432,2.997148633003235,2.538273133250186,0.6458464032886598,0.21400412917137146,0.2042502462863922,0.2289147973060608,876.797559420928,1.5833239581461822,5.007451009800322,1.6854109190872928,11.171757759654236,0.0,1.0,0.0
871,1783808,189.08373336815362,180.17348170597242,337.1666666666667,12.563931434230955,0.4057887926144247,1.5571438114752976,-0.003321395954117179,1.1733372211456299,0.5833472162485123,2.8807060718536377,0.9985813051462173,0.0694580078125,0.006477496586740017,0.966062918305397,0.6530788466334343,2.271695613861084,2.565584662515903,0.6449391918256492,0.21400217711925507,0.2041841298341751,0.22884443402290344,871.7506082971513,,,,,,,
872,1785856,198.0304332246283,181.99881065832145,352.0,11.04810234778309,0.3880627377881337,1.4499578879663453,-0.0013554204488173127,1.4099840819835663,0.7036366313695908,2.8740429878234863,0.9995480924844742,0.041259765625,0.004009379925264511,0.9654276221990585,0.635317474603653,3.412055194377899,2.5452479944360675,0.6490203286880794,0.21400608122348785,0.20409956574440002,0.2287287712097168,867.7199015235484,,,,,,,
873,1787904,222.19961184347684,183.61716907067085,440.5,10.343200474217001,0.45520024058195824,1.3818375160489769,-0.002414372283965349,5.910246849060059,2.9527090787887573,2.8900530338287354,0.9993933141231537,0.0142822265625,0.002331369774765335,0.8737864196300507,0.675468236207962,8.974615335464478,2.566486726878793,0.6411242152346291,0.21401925384998322,0.2040540874004364,0.22861012816429138,881.6449833701479,,,,,,,
874,1789952,197.06492193178877,184.8216172882474,356.6,10.826205243222153,0.39495790388784313,1.4678455232835468,-0.0031364555470645428,2.7771376967430115,1.38543239235878,2.8762614130973816,1.0010566413402557,0.048583984375,0.0030307294873637147,0.9277537912130356,0.7501251399517059,4.325358033180237,2.552595410612412,0.645683654334787,0.21405261754989624,0.204078808426857,0.2285463809967041,832.7709672606908,,,,,,,
875,1792000,208.3041546656777,186.71754494190824,379.0,11.773173505954173,0.4027576457148141,1.5580542517749547,-0.004046957939863205,2.2618412375450134,1.1268736720085144,2.8970329761505127,0.9979410618543625,0.0369873046875,0.005486525675223675,0.9467049539089203,0.6912485063076019,4.2370598912239075,2.5668254415795673,0.6268017156949028,0.21407181024551392,0.20413614809513092,0.22852826118469238,859.54131424514,,,,,,,
876,1794048,231.40853641579469,188.0808066333025,397.4,10.186928839541029,0.38306695168365457,1.426962210745325,-0.0026034245966002345,3.480556607246399,1.7376748919487,2.8442628383636475,1.0003484785556793,0.0238037109375,0.002164350305974949,0.9229836910963058,0.5291080623865128,3.9903239011764526,2.564574131174595,0.6488707456546742,0.21410802006721497,0.2043064385652542,0.2285713106393814,887.2661372740844,,,,,,,
877,1796096,225.98521919890973,190.6760099579606,399.8,8.83810201090511,0.4024345347460579,1.3484871006159498,-0.0035010750289075077,2.0850483775138855,1.0390231162309647,2.892270088195801,0.9989193975925446,0.0240478515625,0.003593022731365636,0.9547077268362045,0.7344788610935211,4.8901296854019165,2.541948152182158,0.6136307437732931,0.2141183316707611,0.20450563728809357,0.22860388457775116,890.7029271769655,,,,,,,
878,1798144,244.05083147074302,193.6466460537582,414.75,7.833769212605819,0.38129710882884327,1.249154483780806,-0.0029392284341156483,3.1019392609596252,1.5480304062366486,2.8969465494155884,0.9990698248147964,0.037353515625,0.00444092987163458,0.9440880119800568,0.7204237133264542,6.608125805854797,2.517043899584678,0.6300395967335567,0.21413180232048035,0.2047170102596283,0.22855648398399353,886.7811021962009,,,,,,,
879,1800192,234.76107946136187,194.68335447021605,393.25,7.809601970731315,0.3831288312573082,1.2513320709129123,-0.002631480456329882,3.0460782647132874,1.520407646894455,2.9029911756515503,0.9987753182649612,0.0198974609375,0.003302705372334458,0.9477507174015045,0.5304531306028366,5.592675805091858,2.5317132385389414,0.6196633085555695,0.21418353915214539,0.20498879253864288,0.22855257987976074,885.9968061163078,,,,,,,
880,1802240,264.856961030042,198.67361702656154,464.5,9.726619856164,0.37953253669889525,1.4216584608989518,-0.0009355763904750347,6.981456875801086,3.489792823791504,2.869988977909088,0.9995502382516861,0.0069580078125,0.001430455275112763,0.929826095700264,0.7116975486278534,12.231008052825928,2.534598486192408,0.6321791501648183,0.21422280371189117,0.20531322062015533,0.22848530113697052,889.112227012661,1.7964747018889486,5.015986000275108,1.3479764170052397,8.180333107569101,0.0,1.0,0.0
881,1804288,250.46455086666595,201.16147406821904,455.25,9.196752287929066,0.3937468427770545,1.3522574650803036,-0.002247342490591109,8.3708975315094,4.183201432228088,2.893513858318329,1.001656323671341,0.0162353515625,9.941939060809091e-05,0.897893950343132,0.7707767635583878,9.842245817184448,2.560925682861125,0.6330956868762508,0.21424634754657745,0.2056032419204712,0.22844846546649933,859.505127368316,,,,,,,
882,1806336,246.19870504170234,203.0823819350181,426.25,9.488320710935414,0.36972333591117373,1.3934113048597807,-0.0019774253014475107,3.343765914440155,1.6699055135250092,2.872672200202942,1.0004728138446808,0.0380859375,0.002846887357009109,0.9501145631074905,0.7282460480928421,5.81527054309845,2.547888048720779,0.6279928241147908,0.2142603099346161,0.20578287541866302,0.2284807562828064,887.7158940881611,,,,,,,
883,1808384,278.7281665814651,206.45642493135108,583.0,10.360945290518659,0.46233096227374315,1.4821248426604234,-0.0022335811518132687,9.116068840026855,4.555800795555115,2.86333966255188,0.9987180680036545,0.0152587890625,0.0031166942353593186,0.8951231986284256,0.7767345905303955,13.157726764678955,2.567495016657631,0.6309742506579288,0.21426106989383698,0.2059745192527771,0.2284473031759262,878.9060572148372,,,,,,,
884,1810432,261.50912414712235,210.53904711365928,436.0,7.985084746705866,0.34995149737119674,1.2295904949810161,-0.0020275614224374294,3.6780044436454773,1.8369746506214142,2.8653367161750793,0.999309316277504,0.0228271484375,0.0030591443355660886,0.9455907642841339,0.7626411020755768,5.1530585289001465,2.5718953759933356,0.6372654570745208,0.21426017582416534,0.20615211129188538,0.22837387025356293,884.3132387900649,,,,,,,
885,1812480,260.16797666856485,213.75174072489844,467.75,8.764458948530054,0.39684871429116,1.344696826288552,-0.0027657795581035316,5.331477403640747,2.662972927093506,2.9020403623580933,0.9998372197151184,0.0162353515625,0.002244800009066239,0.915213018655777,0.6268717348575592,6.103780627250671,2.5403910674504004,0.6204918907248447,0.21425679326057434,0.2063235193490982,0.2283250391483307,890.6486738229202,,,,,,,
886,1814528,271.16050754428323,217.42658083121333,488.0,9.906218164073849,0.407501370280287,1.4397903371837082,-0.0023069861344993114,4.470350623130798,2.2328683137893677,2.887939751148224,1.001815289258957,0.029052734375,0.001024204189889133,0.9226097464561462,0.6386525630950928,5.813542485237122,2.548541044816375,0.62758283344068,0.21427509188652039,0.20634505152702332,0.22846250236034393,890.3423310094082,,,,,,,
887,1816576,260.28308201544445,221.20437203643485,429.5,7.787944923701498,0.357881387188916,1.2606946332894633,-0.0021742733661085367,2.0464659333229065,1.0210586935281754,2.9327003359794617,0.9985426217317581,0.0137939453125,0.0032904447871260345,0.9629319906234741,0.48559359461069107,3.968113124370575,2.5169808804639615,0.607072330134701,0.21431434154510498,0.20624348521232605,0.228690043091774,816.4421915203577,,,,,,,
888,1818624,283.304070167954,225.4911958761596,466.0,8.539335992257916,0.3456599188126659,1.3079493321350488,-0.0030253424774855375,6.451761722564697,3.222855567932129,2.8912503123283386,0.9976277351379395,0.033203125,0.0054493041898240335,0.9225835502147675,0.6052403673529625,7.234052896499634,2.555966473155422,0.6294151619654239,0.21432818472385406,0.206167533993721,0.22883011400699615,886.698830138099,,,,,,,
889,1820672,292.85400504654365,229.55585513204875,485.0,9.346977062771234,0.36262353999721364,1.420507147269783,-0.0013462663628160954,5.689834713935852,2.8435710668563843,2.912904381752014,0.9995682835578918,0.007080078125,0.0017100516270147637,0.9138225615024567,0.5164449363946915,3.993158757686615,2.51727505310555,0.6097655160904092,0.21435236930847168,0.20602458715438843,0.22891589999198914,886.3347069267012,,,,,,,
890,1822720,292.6168185863115,232.6372047665189,527.3333333333334,10.968192421386826,0.4080658284025321,1.5480303806592266,-0.0025075043085962534,9.607243776321411,4.801114320755005,2.8772851824760437,0.9991967976093292,0.0220947265625,0.0031775954557815567,0.8862928599119186,0.48670072108507156,11.255667209625244,2.530412353371503,0.6225190514769319,0.2143404185771942,0.20586451888084412,0.22900907695293427,890.6936573001094,2.610091581424912,5.011071056446207,1.0595081780783955,8.416552635620214,0.0,1.0,0.0
891,1824768,298.47494714787354,236.46534331218766,554.0,10.090449789844227,0.4005609019701775,1.4657407030687604,-0.001958401291631162,12.539609670639038,6.267846465110779,2.9041134119033813,0.9980122745037079,0.0352783203125,0.005365768141928129,0.8769738376140594,0.5078829824924469,15.524517059326172,2.5090491011360427,0.6200854024352408,0.21428357064723969,0.20573790371418,0.22895634174346924,891.6850518248507,,,,,,,
892,1826816,311.3185204830901,240.2484784186341,567.0,9.312602039070082,0.38971244837641805,1.3937946603269478,-0.002568945928942412,11.016219854354858,5.50554096698761,2.914305865764618,0.9991366267204285,0.0230712890625,0.0032780480396468192,0.910611093044281,0.5971269905567169,15.868144750595093,2.5292542688257527,0.6272116429983908,0.2142174243927002,0.2056877762079239,0.22883965075016022,834.3492492827215,,,,,,,
893,1828864,327.66980477727066,244.45681033480884,537.0,8.502384393412804,0.33884329052723516,1.3288848058488185,-0.0016759035061113536,11.617399454116821,5.807023882865906,2.8864161372184753,0.9997153580188751,0.020263671875,0.0025775332323974,0.9148207306861877,0.6391742080450058,15.739875078201294,2.4959286219091155,0.613447922708925,0.21415390074253082,0.20562994480133057,0.22875888645648956,878.717896664709,,,,,,,
894,1830912,338.78294001055514,249.0311060824099,532.3333333333334,8.175348650484194,0.32616707739915957,1.299008680985077,-0.003465860616415739,13.61339807510376,6.8032331466674805,2.8877708315849304,0.9995319098234177,0.01513671875,0.0024272809096146375,0.907127246260643,0.7315568327903748,20.076200008392334,2.532732702093199,0.6162225568870083,0.2140807807445526,0.20553775131702423,0.22869835793972015,884.1096934964105,,,,,,,
895,1832960,331.8728910605926,253.4410301455001,515.0,6.061364718391916,0.3512853867924453,1.044333845199672,-0.0017751655541360378,6.313905715942383,3.155177652835846,2.8970671892166138,0.9997612088918686,0.02392578125,0.0026862696759053506,0.9351292103528976,0.5124491229653358,8.23380184173584,2.5415179398987675,0.6280506495212558,0.21401065587997437,0.20539933443069458,0.22859978675842285,889.8594822616466,,,,,,,
896,1835008,350.7732299814449,258.09023155393334,555.0,5.8920617374259745,0.32642617420438125,1.0284246233558962,-0.0032050125882960856,14.807755470275879,7.400672674179077,2.9025884866714478,0.999336302280426,0.0465087890625,0.0044315160339465365,0.905263289809227,0.6340726688504219,20.618257999420166,2.5367708616977325,0.6337947849408495,0.21394070982933044,0.20516513288021088,0.22848698496818542,889.0242922260669,,,,,,,
897,1837056,308.97244188442414,262.9787349150516,500.75,5.568471639436604,0.3566049573690429,1.0374568656737766,-0.0018438120605424047,3.908234477043152,1.952273428440094,2.904408037662506,0.9986865967512131,0.0098876953125,0.002922057989053428,0.9465233087539673,0.4709431305527687,4.75765597820282,2.5139420056075323,0.6089140784499495,0.21391692757606506,0.2050224244594574,0.2284170687198639,878.6365122637019,,,,,,,
898,1839104,299.4034940079702,265.9740243683151,534.3333333333334,7.7580774059527755,0.38442406803582313,1.223177616211859,-0.002029015216976404,4.514164566993713,2.255053222179413,2.897107720375061,1.0013168156147003,0.024658203125,0.0011837371275760233,0.9371374100446701,0.805030345916748,4.560644865036011,2.517668894623057,0.6398753315190991,0.21392688155174255,0.20499281585216522,0.2284403294324875,887.9520547634836,,,,,,,
899,1841152,303.3783714402396,270.04778974011356,465.25,4.573686938766636,0.3038427204353988,0.9119646465724164,-0.004432292305864394,4.216744661331177,2.103940010070801,2.9081371426582336,0.9990211874246597,0.0384521484375,0.004444590929779224,0.9397504031658173,0.7093650996685028,6.575369834899902,2.5115326493541943,0.6222645624677889,0.21398475766181946,0.20503279566764832,0.2285342961549759,805.1937813926525,,,,,,,
900,1843200,298.1617271196976,273.4224007943717,497.0,8.975938585547203,0.3707604194964164,1.3005840610081691,-0.0013706398895010352,2.6804993748664856,1.3388790488243103,2.8735232949256897,0.9986401200294495,0.0206298828125,0.003679600245959591,0.9612293243408203,0.6406747400760651,4.808737754821777,2.560652129657683,0.6569873590816468,0.2140263319015503,0.20498773455619812,0.2285773754119873,886.53510087269,2.0654678003287277,5.04743927646113,1.0995815065322907,9.378414553295842,0.0,1.0,0.0
901,1845248,284.73159538601556,276.4940271585623,510.25,15.739643031988681,0.42131748200865526,1.8646979058336086,-0.0022406388306990266,3.4088175892829895,1.7021681368350983,2.8798667788505554,0.9997517764568329,0.02197265625,0.002784626994980499,0.9501509368419647,0.6774619370698929,4.5690494775772095,2.565130160030094,0.6545445698243458,0.21399906277656555,0.20481978356838226,0.2285975068807602,885.4902374622366,,,,,,,
902,1847296,271.0551918502255,278.91157734583214,439.5,7.055329447238384,0.3303515021559236,1.1661059962328726,-0.002677845535799861,6.6898181438446045,3.342231273651123,2.890899896621704,1.0000602304935455,0.0196533203125,0.0020279678283259273,0.9027021378278732,0.6936292350292206,4.281035363674164,2.539144147769548,0.6328156081454462,0.21393898129463196,0.20465803146362305,0.2284998744726181,889.7388613643492,,,,,,,
903,1849344,269.3473029281265,280.39878630180897,485.75,11.954907818819436,0.40893134394337954,1.5149644880300626,-0.003960436093620956,3.630048155784607,1.8110636174678802,2.839714288711548,1.0014043152332306,0.031005859375,0.001551573361211922,0.9461885094642639,0.7237261533737183,6.923870325088501,2.5772320371470414,0.6749862437424473,0.21388709545135498,0.20455551147460938,0.22834815084934235,883.65575562314,,,,,,,
904,1851392,259.9624351527758,281.896890720289,412.0,8.342458909249356,0.34705468791471683,1.2706128399760341,-0.00394301547203213,16.014076232910156,8.003094911575317,2.8413986563682556,0.999943196773529,0.0399169921875,0.00357445433473913,0.7700978666543961,0.9930789619684219,10.661389112472534,2.56153461014037,0.6546341059259415,0.21382108330726624,0.20447354018688202,0.22820213437080383,883.8454641213131,,,,,,,
905,1853440,238.2596256139036,281.64897076984,367.0,5.998179243707746,0.30533214565236255,1.0535528301814003,-0.0005356617621146142,13.583528757095337,6.791228652000427,2.8938359022140503,0.9995632171630859,0.010498046875,0.0019671997652039863,0.811570018529892,0.6685946732759476,4.453733444213867,2.5297351606131997,0.64212152267288,0.2136920541524887,0.20436620712280273,0.22800995409488678,828.7872115542366,,,,,,,
906,1855488,249.36776107455927,282.2060193964473,389.2,8.739600372183624,0.321124442800953,1.2935887800473578,-0.002882909611798823,2.6124488711357117,1.3033415377140045,2.8578063249588013,1.0011694133281708,0.0115966796875,0.0006754394271411002,0.9711693078279495,0.7346350699663162,8.723050832748413,2.5279740575060714,0.653777705736993,0.21354994177818298,0.20421276986598969,0.2278367578983307,889.1710772119123,,,,,,,
907,1857536,232.50713603082758,280.4794879992645,404.6,10.185326293695336,0.3968015878997581,1.4025127728419902,-0.002154116635210812,3.9005597829818726,1.9481257498264313,2.8182308077812195,1.0013080835342407,0.0108642578125,0.00042561747250147164,0.937271773815155,0.7618729025125504,8.005515217781067,2.61151949489431,0.6640976632738759,0.21340106427669525,0.20400790870189667,0.22760114073753357,891.8475132751014,,,,,,,
908,1859584,244.2779031340246,280.8957440300061,476.75,14.495885050889417,0.4424411524050815,1.73678375093332,-0.0012325692223384976,4.115564346313477,2.0565496683120728,2.798721671104431,0.9997991770505905,0.0185546875,0.002215831002104096,0.9301176518201828,0.7150087654590607,4.688834190368652,2.6148033107310766,0.6744440890027696,0.21326376497745514,0.20386530458927155,0.22730030119419098,888.8007467801679,,,,,,,
909,1861632,246.5803987662994,280.13833979038276,443.0,11.330292614050768,0.42135900272442306,1.5017673137154555,-0.002159082912839949,1.9152806997299194,0.9554812759160995,2.8040201663970947,0.9994669705629349,0.0123291015625,0.0019649623936857097,0.9590290188789368,0.7512282133102417,3.7557168006896973,2.5745785831823014,0.6581040671953303,0.21317508816719055,0.20377545058727264,0.22700390219688416,878.8754217710376,,,,,,,
910,1863680,234.48672518618397,278.9196034535623,367.3333333333333,6.152897350278406,0.44161368411609725,1.0363849104335534,-0.0037794355303049088,37.19418144226074,18.593311309814453,2.8850948810577393,0.9999894797801971,0.0135498046875,0.0012818227260140702,0.47156380116939545,1.1955083459615707,24.843692302703857,2.557733290392207,0.6362784217352269,0.21312212944030762,0.20369590818881989,0.22682297229766846,889.7473224350954,1.6991086157341766,5.031963490390214,1.54561503693132,10.13198348312571,0.0,1.0,0.0
911,1865728,222.73344767702616,277.4186096692785,485.0,12.983088989739556,0.502505857601229,1.6085074115910594,-0.0011792061850428581,2.3707231879234314,1.1841823756694794,2.8032699823379517,1.0021482706069946,0.020263671875,-0.0004209321632515639,0.9469786137342453,0.8156406283378601,4.396592974662781,2.604483893082943,0.6843174543358477,0.21307098865509033,0.20365291833877563,0.22661630809307098,776.558437534194,,,,,,,
912,1867776,219.61343139110528,275.57581969184974,419.25,9.906376102637608,0.4247155634505817,1.3913761852256783,-0.003148314659483731,2.4800849556922913,1.2368941903114319,2.8295013308525085,0.9996808469295502,0.0155029296875,0.002194252760091331,0.9482171386480331,0.5853361636400223,4.721545577049255,2.5494662872806657,0.6647020664892289,0.21304485201835632,0.2036580592393875,0.22645758092403412,867.6590479759209,,,,,,,
913,1869824,231.3353043625625,273.9979569313057,402.8,10.433842296855024,0.395783775601404,1.4452570799526616,-0.0018432228825986385,3.005039632320404,1.5006766021251678,2.8571906685829163,0.9992551207542419,0.01123046875,0.002255496889119968,0.9627759158611298,0.6549502462148666,9.215338230133057,2.549046523257857,0.6403485742054964,0.21304354071617126,0.20364610850811005,0.22643503546714783,882.7697584267054,,,,,,,
914,1871872,211.50992206002638,271.21239395823613,425.0,14.203876783067175,0.487965800594264,1.6965160223784739,-0.0004655660595744848,3.33082914352417,1.6649489998817444,2.800896942615509,1.0000991523265839,0.0089111328125,0.0009670421932241879,0.9292492717504501,0.6834671199321747,8.09754753112793,2.5828679500555154,0.6833921183320907,0.21302953362464905,0.2036605030298233,0.226333886384964,883.7160058505852,,,,,,,
915,1873920,213.71551606712075,268.1284518804096,450.5,12.896373962992424,0.4670086368046993,1.62383571278696,-0.0025164189282804728,15.370028972625732,7.682498097419739,2.822972893714905,0.9998333007097244,0.0125732421875,0.0016915565502131358,0.7654919326305389,0.9770292192697525,9.73010778427124,2.593012034500134,0.6712660190772336,0.2130109965801239,0.20365756750106812,0.22620879113674164,880.9652901511456,,,,,,,
916,1875968,200.56921727653702,264.5413240190879,420.75,11.623973685899657,0.46650472810890986,1.5184806443120586,-0.0022007712395861745,2.908304512500763,1.451951503753662,2.8442654609680176,0.9995100647211075,0.0223388671875,0.002967875203466974,0.9409639537334442,0.6613962054252625,7.404928684234619,2.5609686466050334,0.6561829818270921,0.21295250952243805,0.20355750620365143,0.22603115439414978,884.2038186739256,,,,,,,
917,1878016,235.99455340224236,262.23037260941015,429.25,9.6361812202789,0.4095839022807808,1.3410782808875303,-0.0023180911084637046,2.2408254146575928,1.1180946230888367,2.8391239643096924,1.0000871568918228,0.01220703125,0.0017642165039433166,0.9517737925052643,0.5751155018806458,2.758741557598114,2.564158090899582,0.6580194978458908,0.21292224526405334,0.2034495770931244,0.22597342729568481,802.2724030511511,,,,,,,
918,1880064,219.16864653850234,256.81564030985567,407.4,12.002413500515349,0.43562393592405135,1.516037124257659,-0.0010616860818117857,1.8022786974906921,0.9000776559114456,2.7872073650360107,1.0007549822330475,0.0174560546875,0.0011836638659588061,0.9670666754245758,0.48732714354991913,6.0165077447891235,2.5604012074909406,0.6832337941097165,0.21289008855819702,0.20329825580120087,0.22596745193004608,860.8227987077419,,,,,,,
919,1882112,227.52957687566158,250.9562160823454,395.0,11.22403015085974,0.388686972765217,1.4417422981033645,-0.0022232152987271547,1.257347047328949,0.626450315117836,2.802041232585907,0.9998862147331238,0.0035400390625,0.0011827208873000927,0.9792037457227707,0.6860345751047134,4.820774555206299,2.547017404314829,0.6980442894855089,0.21279704570770264,0.20308725535869598,0.22591200470924377,876.4365442774243,,,,,,,
920,1884160,283.6846198653882,250.3347414444068,652.5,13.135464096863217,0.5240295798074258,1.6240070919396095,-0.0035807096865028143,38.96907138824463,19.48095464706421,2.8079413771629333,1.0019577741622925,0.026611328125,0.0006710111338179559,0.5668241679668427,1.0098234713077545,31.90360116958618,2.574143749792711,0.6760002403286387,0.21273325383663177,0.2029348611831665,0.22591730952262878,872.5388045917468,1.6138371680874237,5.010815878508506,1.5082888747663765,11.324447324997298,0.0,1.0,0.0
921,1886208,229.70183327053132,245.67450224768947,407.6,11.55667714499022,0.41020234992014604,1.487277620235046,-0.002228678611572832,1.6139743328094482,0.8047584891319275,2.780962347984314,1.0018433928489685,0.0242919921875,0.000619293212366756,0.9646998643875122,0.734015092253685,2.727862060070038,2.550854808621807,0.6981836834862681,0.2126905620098114,0.20285889506340027,0.2259591817855835,876.4116250347852,,,,,,,
922,1888256,246.169599125411,243.21381285229563,469.0,9.718801805280332,0.425290249576405,1.3415176242418825,-0.002364302985370159,6.55647349357605,3.2758724689483643,2.831739127635956,0.9988110959529877,0.035888671875,0.004323157139879186,0.8998776525259018,0.6916676461696625,9.837371826171875,2.563413676980417,0.6712665050035875,0.21263256669044495,0.2028052806854248,0.22591207921504974,889.1867525586956,,,,,,,
923,1890304,219.4872591561412,239.8581683609317,407.5,13.997643648725134,0.4487365817246836,1.6555118794915027,-0.004363430896773934,2.33967125415802,1.1654722094535828,2.7868531346321106,0.9971320033073425,0.0152587890625,0.004857170635659713,0.9434848576784134,0.998903289437294,2.932489275932312,2.580617368366802,0.7009017463329081,0.21259154379367828,0.20273062586784363,0.22590015828609467,817.5112010573952,,,,,,,
924,1892352,224.17043307999322,236.89851659934348,426.75,11.591595516062341,0.42818480478270626,1.4797595296773864,-0.0022430522367358208,1.6195090115070343,0.8075114488601685,2.8139432668685913,1.0007491409778595,0.0419921875,0.002769023150904104,0.9637336581945419,0.7568951994180679,2.46820205450058,2.5525264190364396,0.6804513376017681,0.2125769555568695,0.20259523391723633,0.22601625323295593,875.7427132587922,,,,,,,
925,1894400,226.42780490969517,234.56636498029067,432.5,10.649847539073622,0.42004716496497285,1.4156778963665542,-0.0029264561599120498,1.6119438707828522,0.803045466542244,2.79435396194458,0.999130979180336,0.008544921875,0.002325744164409116,0.963527500629425,0.9099489003419876,1.831349104642868,2.554015687084757,0.6860956086527759,0.2125806212425232,0.20253720879554749,0.22615724802017212,890.8783451261978,,,,,,,
926,1896448,254.6966122797218,234.1464756540777,586.6666666666666,14.407313942197753,0.5036623946720672,1.719326134091045,-0.0030475067906081676,8.156453847885132,4.0751793384552,2.8007200956344604,1.0022506713867188,0.0400390625,0.0012688525384874083,0.8378280848264694,0.873360276222229,10.64774489402771,2.558418436688953,0.6751423633802862,0.21261246502399445,0.20250731706619263,0.22630156576633453,879.572794381038,,,,,,,
927,1898496,215.7592745033684,232.02690708400064,401.0,11.35040353827904,0.46009749206629735,1.4581817725133694,-0.0037205461994744837,8.13305926322937,4.062809109687805,2.7961882948875427,1.0020549297332764,0.0211181640625,8.980642451206222e-05,0.7948397547006607,0.8640894144773483,7.84670877456665,2.5569616200664314,0.6863943986603193,0.2126634120941162,0.20250754058361053,0.22643575072288513,872.0505629750407,,,,,,,
928,1900544,230.42311596235282,230.51565856577426,413.5,11.669018137461384,0.43124745340029597,1.4460668749940648,-0.0014908377779647708,1.844472885131836,0.9207455962896347,2.7460277676582336,1.0002086758613586,0.006591796875,0.0010334580583730713,0.9558275789022446,0.6481292247772217,2.874569535255432,2.5425976097903913,0.7050748355945697,0.21268963813781738,0.20240406692028046,0.22654972970485687,881.9309945955976,,,,,,,
929,1902592,217.95700050024453,229.9103591281057,446.25,12.34843483100677,0.45787115149070234,1.5549835639589116,-0.0007804511114954948,1.5837574005126953,0.7910982370376587,2.770354390144348,1.0001358687877655,0.0042724609375,0.0008187650673789904,0.9647883772850037,0.601581484079361,3.990138053894043,2.5347983386163833,0.6784180825325494,0.21271240711212158,0.20229114592075348,0.22668121755123138,852.7480500646855,,,,,,,
930,1904640,240.27394211297383,229.85689849060475,583.3333333333334,16.018329840548095,0.5433438567762777,1.8159738798605707,-0.003155006095767021,4.151976943016052,2.072833478450775,2.808151662349701,1.0013053715229034,0.03564453125,0.0017760722839739174,0.8994114547967911,1.0827244371175766,6.922996759414673,2.5582220327924006,0.6817279518282227,0.21271733939647675,0.20218805968761444,0.2267630249261856,868.7007561254043,1.7155300181747946,5.012848090517409,1.4178159973619153,10.741821230774761,0.0,1.0,0.0
931,1906688,225.7937021123986,228.61683880353792,465.75,14.812413348778895,0.46812435122819795,1.7487304357379059,-0.004178893519565463,3.591530978679657,1.7915865778923035,2.7676146626472473,0.9992920160293579,0.0308837890625,0.003384321156772785,0.9325444549322128,0.7055034935474396,3.5365728735923767,2.5263654380105436,0.6772852943720129,0.21269819140434265,0.2021062970161438,0.22677183151245117,879.900083219254,,,,,,,
932,1908736,235.83874643141635,228.96845634446709,465.75,13.674366451380887,0.44397328110577616,1.6820031004240972,-0.00440465216524899,2.7139097452163696,1.3525502383708954,2.81251460313797,0.9971468448638916,0.0570068359375,0.007238499463710468,0.9468699544668198,0.8007418662309647,4.64704155921936,2.536702766417875,0.6655075499201148,0.21268123388290405,0.2020416110754013,0.22677481174468994,880.9312131823115,,,,,,,
933,1910784,228.44424644230867,228.36054789483944,450.0,15.37543718263914,0.43796147722659223,1.78426908572002,-0.0030535453697666526,1.664193034172058,0.8290429562330246,2.787105917930603,0.9996570497751236,0.0458984375,0.004093348819878884,0.9689826220273972,0.7478575110435486,4.135042488574982,2.5373004857829073,0.6718137868045475,0.21266606450080872,0.2020561844110489,0.22672995924949646,886.865742196234,,,,,,,
934,1912832,261.3843179177308,228.94983776969582,606.0,20.05718118828773,0.5164256434805532,2.09945728800645,-0.0027129912050440907,15.022449254989624,7.508511662483215,2.8409608602523804,1.0011115670204163,0.036865234375,0.0020861918383161537,0.8129972666501999,0.8935957700014114,12.835670471191406,2.579507037429721,0.669706774040613,0.21264299750328064,0.2020968496799469,0.22665438055992126,888.7541037739297,,,,,,,
935,1914880,234.53439874537358,228.36343125348762,484.5,17.055348489527965,0.4731327505745907,1.8893607980293354,-0.002490710117854178,1.8230265080928802,0.9090225398540497,2.8319366574287415,1.0015285015106201,0.027099609375,0.0007635357833351009,0.9639575481414795,0.7804934531450272,4.912448287010193,2.5389864168246277,0.6745116986059095,0.212615966796875,0.20214027166366577,0.22657182812690735,858.741376662115,,,,,,,
936,1916928,244.51864477045973,228.90874411838905,470.5,15.216246115487921,0.4320834189702294,1.7707684444118843,-0.0030013835057616234,5.202434539794922,2.598215878009796,2.797646701335907,0.9995706677436829,0.0093994140625,0.0018835010996554047,0.9149582386016846,0.6245394498109818,2.812229573726654,2.5433443736983463,0.677111041114551,0.21263545751571655,0.2021527886390686,0.22661231458187103,792.510710323991,,,,,,,
937,1918976,225.2409406413759,229.41196439821243,449.0,14.595037604566695,0.5060603341748365,1.7494412458039663,-0.0029271189123392105,10.054900884628296,5.0245232582092285,2.8472289443016052,0.9999382495880127,0.0438232421875,0.0037031764732091688,0.804867759346962,0.6124852001667023,7.829266548156738,2.539263483384275,0.663582757025048,0.21268844604492188,0.20216287672519684,0.22674809396266937,886.7062898359507,,,,,,,
938,1921024,227.52060581540417,229.54350799277333,397.0,13.62161735902579,0.39149986800219994,1.6445993636185445,-0.003904386830981821,2.7289286851882935,1.3605599701404572,2.8024380207061768,0.9996838718652725,0.034423828125,0.003365408287208993,0.9662441313266754,0.7372861430048943,9.580485820770264,2.530494734106469,0.6846802244275607,0.21275337040424347,0.2021673321723938,0.2269098162651062,888.6633558510389,,,,,,,
939,1923072,231.88019901220673,229.60174760024958,433.6666666666667,10.174622150509535,0.4340732549460877,1.3926059853762562,-0.002821846690494567,40.300774574279785,20.147565364837646,2.8093051314353943,1.0010268092155457,0.0145263671875,0.0008952620264608413,0.5705463737249374,0.7315866351127625,23.158400535583496,2.5566396062786225,0.6827224420265852,0.21277937293052673,0.20216014981269836,0.2269626408815384,891.5103724316127,,,,,,,
940,1925120,234.54537095899693,230.70467692926056,447.75,14.076364324577646,0.4122063462522324,1.681614523228885,-0.003004983183927834,5.117592692375183,2.5557913780212402,2.80143666267395,0.9979033023118973,0.0225830078125,0.004572679310513195,0.9156794250011444,0.9486641734838486,2.612189769744873,2.550886771045043,0.6776291237712251,0.2127677947282791,0.2021360695362091,0.22693116962909698,881.1324565596909,2.4768020272853746,5.008244447279584,1.561632005219313,13.189099000418611,0.0,1.0,0.0
941,1927168,265.68043405304,232.06975359790175,560.3333333333334,16.719005157310285,0.46514983697457957,1.8661787155337632,-0.0025360850850120187,2.4251049160957336,1.2100163698196411,2.813554048538208,0.9998643398284912,0.0390625,0.00375780481408583,0.9574746191501617,0.6029238998889923,2.4412293434143066,2.5580010546691483,0.6861538207717474,0.212783545255661,0.2020229995250702,0.22701555490493774,859.96958785723,,,,,,,
942,1929216,269.4852874910225,234.09878377971003,624.0,13.81190371774783,0.5130449674662831,1.6926299071332547,-0.002825982286594808,15.139188766479492,7.566768407821655,2.826029598712921,0.9997291266918182,0.029052734375,0.0031524696823908016,0.8084807395935059,0.7304744273424149,10.720225811004639,2.588009043261991,0.6839880386575247,0.21281349658966064,0.20193545520305634,0.22712397575378418,853.6305272931439,,,,,,,
943,1931264,327.3756130957152,237.3867555183649,644.3333333333334,13.427905438801409,0.45289374917806946,1.6689765494884852,-0.003089434001594782,40.16654872894287,20.080184936523438,2.835557758808136,1.0014858543872833,0.0157470703125,0.00028688797465292737,0.6249001771211624,0.6814183443784714,22.1834135055542,2.5379159578151302,0.6670527757161643,0.2128218412399292,0.2018064707517624,0.22718678414821625,889.3128881076195,,,,,,,
944,1933312,295.6120758322217,239.3697950165311,537.3333333333334,12.251382435070827,0.41008551269614263,1.5888834042706914,-0.0021463451557792723,6.842460632324219,3.4190839529037476,2.8337247371673584,1.000398725271225,0.013916015625,0.001031247440550942,0.91434146463871,0.7306642681360245,7.532214045524597,2.5457744215382263,0.6588768114428201,0.21283695101737976,0.20169542729854584,0.22728094458580017,872.8845979010493,,,,,,,
945,1935360,329.2174846880021,242.54378969206445,682.6666666666666,15.705759313459758,0.5033672608429643,1.8153802580121134,-0.002699154196307063,26.188907146453857,13.09175419807434,2.7954139709472656,1.0002442598342896,0.014404296875,0.001316424437391106,0.6964405924081802,0.8332231044769287,14.172420978546143,2.5713136843260145,0.6806435037853975,0.2128293514251709,0.20161902904510498,0.22739163041114807,880.562538331146,,,,,,,
946,1937408,293.7165015610028,244.43886094864317,552.0,13.889559926360059,0.43502660841881796,1.7239131897210194,-0.004197820671834052,2.9419355988502502,1.466769963502884,2.822812855243683,0.9978465884923935,0.0416259765625,0.005823198502184823,0.9547470360994339,0.8521759510040283,5.16413414478302,2.5215120290667983,0.6521811517585788,0.21280306577682495,0.2015484720468521,0.2275073081254959,874.8551980642644,,,,,,,
947,1939456,286.0502747942614,246.3160087239092,586.3333333333334,16.26330388042744,0.45544969975006744,1.8970807589434227,-0.0030357828363776207,3.2671086192131042,1.6305184960365295,2.8589815497398376,0.9997361302375793,0.013427734375,0.002109056273184251,0.9502686858177185,0.5423644930124283,4.52258825302124,2.5260492804518435,0.6507349046123737,0.21273355185985565,0.20148716866970062,0.22751256823539734,879.836304702786,,,,,,,
948,1941504,286.54976975780795,246.84151672691536,615.6666666666666,18.62281582039654,0.48062303642806736,2.045071911253484,-0.0015133338747546077,9.131784915924072,4.5643792152404785,2.8425793051719666,0.9993233978748322,0.06103515625,0.0054083761788206175,0.9010958522558212,0.6680852323770523,9.78711199760437,2.5220684772066306,0.6489044229529163,0.2126125693321228,0.2013314962387085,0.22746872901916504,786.0230100668058,,,,,,,
949,1943552,387.7273868215426,250.03567489970334,934.5,14.95323158972368,0.5323089133251968,1.8290972696519632,-0.0024034064263105392,23.839327812194824,11.91726040840149,2.882356822490692,0.9997949153184891,0.01513671875,0.0020734140125568956,0.8255890011787415,0.6402127891778946,21.337265968322754,2.5271418275369797,0.6380124449761716,0.2125021368265152,0.20119312405586243,0.22739826142787933,870.658342765919,,,,,,,
950,1945600,312.3720704712098,251.7557069016641,778.0,19.155127920067024,0.5215336102286159,2.066605272881846,-0.003164195455610752,4.415680170059204,2.2046759128570557,2.8362337946891785,1.000094085931778,0.0257568359375,0.002451213564199861,0.9424910545349121,0.9147841185331345,5.187819004058838,2.535296335699968,0.6590564909506036,0.2124425768852234,0.20116175711154938,0.2272966206073761,880.1583979462121,1.9970642504547031,5.009248164830199,1.0844080977373427,11.556745354319759,0.0,1.0,0.0
951,1947648,305.49373916406864,253.66702266684558,595.0,12.423929364647483,0.4400267270223336,1.649379027779982,-0.002710772561840713,9.187791109085083,4.591184735298157,2.8562589287757874,1.0012055337429047,0.0177001953125,0.0009266511915484443,0.8929418474435806,0.5282282009720802,7.805160641670227,2.5269663578510517,0.6451322262847864,0.21239006519317627,0.2011476308107376,0.2271493524312973,871.3553020195653,,,,,,,
952,1949696,343.8410499424002,255.95403923084325,658.0,14.247956894287606,0.47704487252557626,1.7785492125073663,-0.002214225009083748,7.567939400672913,3.7817554473876953,2.861010193824768,1.0005863010883331,0.0238037109375,0.0018753983604256064,0.9127011746168137,0.6281674653291702,7.235751152038574,2.5035292593966005,0.642780489102016,0.2123572677373886,0.20115867257118225,0.22696922719478607,877.2649253027704,,,,,,,
953,1951744,325.5396949974894,258.3168426308618,756.5,17.89468660041115,0.5353377611556095,2.007585203289406,-0.0023737881565466523,2.7415847778320312,1.368418574333191,2.8199719190597534,1.0022967755794525,0.012451171875,-0.0004990964589524083,0.9578281491994858,0.6822357028722763,3.8710546493530273,2.520264653445338,0.6406402501528548,0.21233521401882172,0.20115433633327484,0.2268386036157608,876.4448817609717,,,,,,,
954,1953792,397.40421915812146,261.7221328919524,742.5,10.574933025748702,0.4390687655338801,1.5159577481786777,-0.002915778197348118,11.112172365188599,5.553170442581177,2.8525147438049316,0.9988600760698318,0.031494140625,0.0043061623073299415,0.8933817744255066,0.5700176060199738,10.797452211380005,2.5054839042422827,0.6287534423933225,0.2123214453458786,0.20107534527778625,0.22676332294940948,828.8301385919654,,,,,,,
955,1955840,481.27441381475876,266.81137349340906,936.5,13.924605208509545,0.43937476906304124,1.7816452390806845,-0.0020809328416362405,31.068657398223877,15.53224778175354,2.8758321404457092,0.9995590448379517,0.0206298828125,0.002645261352881789,0.832822635769844,0.6723762303590775,25.340235233306885,2.4881329865165753,0.6271727401703072,0.21229392290115356,0.20092713832855225,0.22667713463306427,892.975538732679,,,,,,,
956,1957888,388.5712584034348,269.89907796520686,796.5,11.316221279648477,0.43383376216871655,1.5896471646422121,-0.0016636973014101386,24.43234920501709,12.214510917663574,2.870047390460968,0.9975600987672806,0.0087890625,0.004020317624963354,0.8401855528354645,0.6951887160539627,21.96476125717163,2.485631820978597,0.6090016402721823,0.2122834324836731,0.20077349245548248,0.2266649305820465,882.6004864547069,,,,,,,
957,1959936,498.2806717859988,275.3820940642104,984.5,11.379928276128917,0.4675255677930932,1.6270263375616765,-0.0016860526520758867,35.722601890563965,17.859614849090576,2.8571669459342957,1.0010395050048828,0.017578125,0.0012817298847949132,0.8019924312829971,0.6444365084171295,25.09276056289673,2.4891123791894643,0.5969996133739174,0.21229708194732666,0.2006508857011795,0.22673361003398895,887.7431261527848,,,,,,,
958,1961984,505.8249297197324,280.9259969643314,990.0,11.303728294357537,0.465398756361632,1.6328375190008624,-0.0015827376628294587,32.03918743133545,16.01801085472107,2.8695605397224426,0.9995822608470917,0.010986328125,0.0020886527781840414,0.8007611930370331,0.5851937681436539,19.100756645202637,2.4788919590064324,0.5892288069402168,0.21229314804077148,0.20056603848934174,0.22676804661750793,887.5258298763417,,,,,,,
959,1964032,588.9403334302174,287.22294828238796,1001.0,5.457288919310824,0.39482672851435036,1.1375683892729211,-0.0025725120212882757,70.56164932250977,35.278252601623535,2.9123626947402954,1.0010008215904236,0.067138671875,0.0038671216752845794,0.7227870970964432,0.7406600341200829,39.08952236175537,2.4613136503612623,0.5797216595658312,0.212241530418396,0.20049189031124115,0.22668707370758057,885.5173251051027,,,,,,,
960,1966080,763.1046282067398,298.4063778375276,1001.0,1.6048302758661344,0.22699981045361495,0.5846112258953262,-0.003461824031546712,334.325439453125,167.15925979614258,2.9010168313980103,1.0032228529453278,0.0484619140625,0.0006179339106893167,0.3946962207555771,0.6454902663826942,125.62377166748047,2.459650327611598,0.595464031436746,0.21218793094158173,0.20043756067752838,0.22658464312553406,834.7548955156454,0.4983070176184955,0.7920638822850816,0.1588611255279747,1.243650407330788,0.0,0.0,1.0
961,1968128,803.7415102544322,309.9295000714767,1001.0,1.1845592161687866,0.1874109640713593,0.49456383754160155,-0.0016467729583382607,554.7815246582031,277.3891143798828,2.927222728729248,1.0000764429569244,0.0181884765625,0.002156327842385508,0.04829515516757965,0.5575085133314133,176.80510330200195,2.4522319149400573,0.5827381999066648,0.21212193369865417,0.20033787190914154,0.22645294666290283,888.9829119488932,,,,,,,
962,1970176,824.0329060995754,321.87979225996366,1001.0,1.0546171506029638,0.16724998244374867,0.46170711090341027,-0.0027333104517310858,566.6685791015625,283.33155822753906,2.8945040702819824,0.9990351349115372,0.0087890625,0.0026452294405316934,0.10561478137969971,0.6603039652109146,173.90409088134766,2.4534177389141405,0.5727948504737621,0.21204107999801636,0.20031920075416565,0.22625897824764252,893.647981348442,,,,,,,
963,1972224,824.6634819628703,333.6865031942315,1001.0,1.0468910372845701,0.16792302828308087,0.46160710598984317,-0.0011710019898600876,570.7114562988281,285.35455322265625,2.875292479991913,1.0006185173988342,0.0037841796875,0.000645550673652906,0.02369128167629242,0.6268130391836166,171.94943618774414,2.450362689924077,0.5745358882038905,0.21197858452796936,0.20031914114952087,0.22601473331451416,883.6561971396347,,,,,,,
964,1974272,835.4085562750797,346.25179188052897,1001.0,0.9740045806514066,0.15638153980136932,0.4398439951538767,-0.0015553878620266914,577.8018646240234,288.89937591552734,2.8813472986221313,1.0004049837589264,0.009521484375,0.0013513825833797455,0.05237355828285217,0.4871200993657112,170.14485549926758,2.458847655754653,0.5783116643130269,0.21186846494674683,0.2003450095653534,0.22570067644119263,879.9532092463403,,,,,,,
965,1976320,795.1736761510249,357.57986782274384,1001.0,1.2571306968283937,0.19544000381050397,0.5159267264724644,2.1616928279399872e-05,517.9407196044922,258.9703826904297,2.9000076055526733,1.000886619091034,0.000244140625,-0.0002610528827062808,-0.001971632242202759,0.7919863313436508,160.88086318969727,2.455564843941829,0.5826462743300476,0.21172617375850677,0.20033791661262512,0.22539207339286804,882.084880837357,,,,,,,
966,1978368,777.9226453636743,368.63745773430185,1001.0,1.382894185401835,0.21214894831173192,0.5470103414215005,-0.0001574105117470026,477.61651611328125,238.80810165405273,2.908098042011261,1.00017648935318,0.0025634765625,0.0009514576377114281,0.013767629861831665,0.25181857123970985,154.34566116333008,2.4563067893323023,0.5784672117815969,0.21156254410743713,0.20025774836540222,0.22501695156097412,787.5533944800844,,,,,,,
967,1980416,807.3403281080161,379.9279822916846,1001.0,1.1782938705390689,0.18391619335734455,0.4936446702278636,-0.001366536132991314,516.8464508056641,258.4218521118164,2.8602019548416138,0.9996775686740875,0.0,0.0006932518153917044,0.0859852135181427,0.42778901010751724,161.8505096435547,2.457622817339143,0.5865359371551296,0.2113938331604004,0.20018306374549866,0.22462491691112518,890.7639117416137,,,,,,,
968,1982464,807.774312477316,391.71394882049395,1001.0,1.1799658150543666,0.18300222416904408,0.49761297498646284,-0.0017987820319831371,520.3243713378906,260.16039276123047,2.862149477005005,0.9995541274547577,0.0013427734375,0.0012961791508132592,0.04897148907184601,0.4397081881761551,162.0071678161621,2.451896381418919,0.5740447995817752,0.2112925499677658,0.20024541020393372,0.2243013232946396,878.9615518704675,,,,,,,
969,1984512,815.8284613302437,403.44024873069594,1001.0,1.114536459877448,0.17551833176831805,0.48070712572207724,-0.0016261879354715347,541.3827667236328,270.6897506713867,2.920682966709137,0.9983685463666916,0.0020751953125,0.0026633587549440563,0.029883340001106262,0.43569648265838623,163.8130340576172,2.454432324899244,0.5755534991748141,0.2112002670764923,0.20031146705150604,0.2239723950624466,884.9695328244582,,,,,,,
970,1986560,822.7449058041021,414.98054534760433,1001.0,1.0644642118623158,0.1696756841781439,0.46848918554546654,-0.00028039165772497654,540.6333923339844,270.31642150878906,2.875914752483368,0.9990045577287674,0.0003662109375,0.0017846543778432533,0.016623735427856445,0.3374139219522476,163.24273681640625,2.4563032098085387,0.5794171499641829,0.21110424399375916,0.2003994882106781,0.2238040417432785,890.0784447326635,0.4358079044348439,0.43085868124812177,0.12123129524558819,1.098454580001952,0.0,0.0,1.0
971,1988608,833.5725139957644,426.8268475252901,1001.0,0.9892604931911055,0.15881782179576526,0.4485020448923908,-0.000488663325086236,563.7288360595703,281.86392974853516,2.884778141975403,0.9997339099645615,0.0009765625,0.000996051647234708,0.0072759538888931274,0.33379359543323517,167.2037582397461,2.4570151468069525,0.577188462319876,0.211049884557724,0.2005290389060974,0.22374090552330017,862.1492382145956,,,,,,,
972,1990656,829.7082561890999,439.1705379169756,1001.0,1.021896580616579,0.16326345808301318,0.45651476716234946,-0.0015072422102093697,559.0592041015625,279.5280990600586,2.897409200668335,1.000266820192337,0.00537109375,0.001138610386988148,-0.019787251949310303,0.32762182503938675,166.56646728515625,2.458587566638016,0.5737540101331094,0.2110517919063568,0.20068657398223877,0.22375592589378357,828.4810781682829,,,,,,,
973,1992704,845.6568957370068,450.9624553748711,1001.0,0.9060743033641144,0.14672485115917716,0.4257581516528036,-0.0007772912504151464,533.7255096435547,266.86197662353516,2.903437316417694,0.999036431312561,0.000732421875,0.0018138652085326612,0.0456618070602417,0.4493703842163086,157.5860252380371,2.4523993188340683,0.5694939623327129,0.21103106439113617,0.20069079101085663,0.22382110357284546,892.811082374494,,,,,,,
974,1994752,825.5481100629929,462.24898080374203,1001.0,1.0488407637036903,0.16635277483118568,0.46367773190009215,-0.003528338624164462,504.7437438964844,252.36834335327148,2.872099280357361,0.9996766597032547,0.0167236328125,0.002650193346198648,0.057773470878601074,0.6654713153839111,157.26602172851562,2.4566098981304094,0.5634364773338516,0.2109517753124237,0.20061618089675903,0.22380097210407257,886.4983717704632,,,,,,,
975,1996800,839.1896438688229,474.6594864816207,1001.0,0.9430827583757113,0.15279154773833836,0.42887525601186444,-0.0017456946661695838,524.0220031738281,262.0092544555664,2.8824735283851624,1.0007979571819305,0.0185546875,0.0015123362391022965,0.08843682706356049,0.8566741347312927,157.53927993774414,2.453227867183159,0.5719100231996703,0.21086716651916504,0.2005997896194458,0.2237369418144226,853.6182622157694,,,,,,,
976,1998848,826.5514959323666,486.18242764995085,1001.0,1.0296437836715748,0.16484313670795886,0.4524327735854874,-0.0020233578979969025,506.77782440185547,253.3868865966797,2.8783040642738342,0.99911168217659,0.044189453125,0.004650605580536649,0.056129321455955505,0.6278760731220245,157.84527969360352,2.457556223758729,0.5671619140388151,0.21079568564891815,0.20058871805667877,0.2236665040254593,854.2253852429861,,,,,,,
977,2000896,823.4944548415468,497.83579717658125,1001.0,1.0576810772748306,0.168281101513001,0.4620292204469096,-0.0006847786717116833,535.3576507568359,267.67813873291016,2.9358500838279724,0.9992589801549911,0.001953125,0.001975798382773064,0.027128830552101135,0.3047589808702469,163.1834373474121,2.45617159739777,0.5634058409535051,0.21078228950500488,0.20057280361652374,0.22376717627048492,863.8920822487295,,,,,,,
978,2002944,818.0040768903673,509.2316524937708,1001.0,1.0868443621872377,0.1738327651153393,0.4718631747179497,-0.00113295839400962,482.13816833496094,241.06795120239258,2.86529541015625,0.9996045827865601,0.0003662109375,0.0009090397506952286,0.012057498097419739,0.6311738640069962,151.6084213256836,2.4545696485147346,0.566188426283267,0.21077783405780792,0.20052960515022278,0.2238769680261612,810.0509694036084,,,,,,,
979,2004992,814.8093603426838,520.8498973869245,1001.0,1.115389781802168,0.1764480842930346,0.47684010640021923,-0.0005424255505204201,473.96778106689453,236.98334503173828,2.879091739654541,1.0006722807884216,0.0029296875,0.0005341497017070651,0.06388439238071442,0.5128248929977417,151.78214645385742,2.4535118689527735,0.5684875357273862,0.2107676863670349,0.2005317509174347,0.2238144874572754,885.5865968160105,,,,,,,
980,2007040,818.6101421353998,532.8312328508185,1001.0,1.0994964502789781,0.17303053846470773,0.4691330440354153,-0.0012224209494888783,494.62488555908203,247.31122207641602,2.8659321069717407,1.0007753372192383,0.009765625,0.0008627397619420663,0.1160544753074646,0.3988553658127785,157.84698867797852,2.4541772408992983,0.5708795556162738,0.2107945680618286,0.20064523816108704,0.22364746034145355,880.478851071558,0.43314362413360963,0.5015021368167187,0.13784558632907587,1.269549760072232,0.0,0.0,1.0
981,2009088,817.2981779385827,544.5342746976246,1001.0,1.0947005844443831,0.1736977579575394,0.4680382407532308,-0.0025550342397764325,495.4843978881836,247.73964309692383,2.9017698764801025,0.9994795918464661,0.027099609375,0.003303818273707293,0.07787638902664185,0.5263588204979897,157.0213165283203,2.4564246448571794,0.5672096727451417,0.21080367267131805,0.20069506764411926,0.22354620695114136,889.9427781297336,,,,,,,
982,2011136,818.3452088682286,556.4796517694572,1001.0,1.0882517914011627,0.17330722344724528,0.4685156866535306,-0.0008318373002111912,493.1191940307617,246.55876541137695,2.88272887468338,0.9984263181686401,0.0062255859375,0.0027720152720576152,0.01681073009967804,0.6515881717205048,155.4649658203125,2.4538325072353473,0.5707864725981817,0.21073412895202637,0.20056721568107605,0.22344569861888885,885.1313369431136,,,,,,,
983,2013184,793.0903313586477,567.6607168979848,1001.0,1.2705454487740857,0.19760617102337752,0.5168109004444054,-0.0005393129540607333,465.32850646972656,232.66371154785156,2.891124427318573,1.0005827248096466,0.0103759765625,0.0011227292416151613,-0.014218568801879883,0.5952474176883698,152.81145477294922,2.4565088101517176,0.5695487492919263,0.21060016751289368,0.2003835141658783,0.22323723137378693,863.9531793651801,,,,,,,
984,2015232,759.1512480532842,577.9838105860375,1001.0,1.5163579306280441,0.2307952181778411,0.5720947188540629,-0.0013107511913403869,392.5846405029297,196.29100799560547,2.894806921482086,1.0012151598930359,0.01904296875,0.0010756394476629794,0.0182466059923172,0.37350600212812424,139.50298309326172,2.452844477025792,0.5703626176865269,0.21049273014068604,0.20017211139202118,0.22291654348373413,827.5051735875375,,,,,,,
985,2017280,761.0160055197471,588.7844849191599,1001.0,1.5098511238023433,0.22904368418939952,0.5681280611817495,-0.0026442422531545162,387.3548049926758,193.6747589111328,2.8910756707191467,0.9974586963653564,0.0377197265625,0.005823127037729137,0.02248743176460266,0.5105448216199875,137.7258071899414,2.454515583856846,0.5603614462079387,0.21045434474945068,0.20000998675823212,0.2226470410823822,888.9567559513464,,,,,,,
986,2019328,732.8559556514329,598.551030435116,1001.0,1.7331275499763334,0.25712076198074457,0.6133773379532946,-0.00197219243273139,353.6256408691406,176.81084823608398,2.8868836164474487,0.9995826333761215,0.0205078125,0.002782603827654384,0.06376884877681732,0.663793757557869,133.8611946105957,2.454845894666505,0.561807225484433,0.21039003133773804,0.19988329708576202,0.2224128544330597,885.8135457178477,,,,,,,
987,2021376,763.351839962294,608.360325550048,1001.0,1.4762645327970714,0.22635441601625209,0.558237326274873,-0.002219216665253043,399.3292007446289,199.66238021850586,2.8836442828178406,0.9998079687356949,0.0093994140625,0.0019816976855508983,0.11154244840145111,1.040447324514389,146.16208267211914,2.4544767333572963,0.5660833800318542,0.2103055864572525,0.19971032440662384,0.22220627963542938,894.5182924482407,,,,,,,
988,2023424,768.5194942069277,617.690014693097,1001.0,1.448874362500454,0.22110757707797077,0.5518984167575649,-0.005678373388946056,400.8704833984375,200.4295654296875,2.8980804681777954,0.9987571686506271,0.065673828125,0.0062863346975063905,0.12722095847129822,0.9596177637577057,144.36387634277344,2.457402263113181,0.569359126376422,0.2102266401052475,0.19955596327781677,0.22203080356121063,888.5027307183522,,,,,,,
989,2025472,756.3090212356553,628.2820475576054,1001.0,1.5558033682264245,0.23334942070575598,0.5819926066515729,-0.0020273826085031033,373.15196990966797,186.57395553588867,2.856737732887268,1.0014546513557434,0.0172119140625,0.0007127624267013744,0.0035673975944519043,0.6441197842359543,133.13812255859375,2.4542670013179304,0.5612151261623777,0.21019218862056732,0.1995130479335785,0.22186806797981262,889.0658450190272,,,,,,,
990,2027520,759.8443697770817,636.1479562368393,1001.0,1.5102117374384474,0.22935924962053617,0.5754068705733887,-0.0013948562555015087,392.51023864746094,196.25372314453125,2.8814467787742615,1.0010341703891754,0.017333984375,0.0012126431247452274,-0.009430170059204102,0.3275206759572029,138.46731567382812,2.448582444456406,0.5577625735691724,0.21014836430549622,0.19948244094848633,0.22170428931713104,802.2168366057214,0.5525792251995882,0.5833460780999147,0.12140953632597075,1.0529345229021838,0.0,0.0,1.0
991,2029568,764.7645683407259,645.3762648730241,1001.0,1.4706480251581264,0.22490861801130146,0.5660709911629458,-0.0012273449683561921,375.04737854003906,187.52246475219727,2.8660672903060913,0.9995555877685547,0.0009765625,0.001376451167743653,0.0067402273416519165,0.6729986518621445,135.06161880493164,2.4558014585927594,0.5657665529016537,0.21011224389076233,0.19944462180137634,0.22166602313518524,888.0175748319188,,,,,,,
992,2031616,731.4947028482845,652.9452134292768,1001.0,1.721323247233625,0.25761074068508366,0.6194943497713503,-0.0010035079321824014,326.9311752319336,163.46458053588867,2.85730516910553,1.0001031160354614,0.0194091796875,0.002348773166886531,0.009460404515266418,0.3631132021546364,126.93417549133301,2.4578434444701998,0.5693829463691654,0.21004188060760498,0.1994100958108902,0.22171133756637573,891.1203300024931,,,,,,,
993,2033664,698.6616549900594,661.3014879448139,1001.0,2.0339402155333355,0.2895573629291146,0.6803546969363798,-0.0008397431229241192,259.6463394165039,129.82233047485352,2.868645191192627,1.0007426738739014,0.0045166015625,0.0005199552979320288,-0.012025415897369385,0.41285858303308487,110.8238582611084,2.4588580151466886,0.5542241752185573,0.209962397813797,0.1993815153837204,0.2217337042093277,864.9678318339342,,,,,,,
994,2035712,644.6612221905209,668.280001082243,1001.0,2.504760823264203,0.3413838589633727,0.7624077044776008,-0.0020586821483448148,179.75433349609375,89.87510681152344,2.86579966545105,0.9984313100576401,0.042724609375,0.005218015401624143,0.031827300786972046,0.5867387354373932,89.90427207946777,2.4533330213453155,0.5550708255059885,0.20986197888851166,0.199276864528656,0.22171896696090698,891.2966249808086,,,,,,,
995,2037760,674.7110320641269,675.7940565062273,1001.0,2.2183916524849305,0.3124807082190627,0.7124920502800263,-0.0019169165752828121,231.19545364379883,115.59580993652344,2.898645341396332,1.0004445612430573,0.0169677734375,0.0017740071343723685,0.01311376690864563,0.5542084276676178,105.72117614746094,2.45366210177599,0.557343863014343,0.20975671708583832,0.1991175413131714,0.2216811329126358,875.8993138484495,,,,,,,
996,2039808,621.7168217607377,682.7302661744637,1001.0,2.743724186906462,0.36404222716268275,0.7990301877477953,-0.001466735266149044,168.12737274169922,84.06221961975098,2.859708070755005,0.9988893568515778,0.0130615234375,0.003160338179441169,-0.009472668170928955,0.37417998909950256,89.67644500732422,2.457403173451894,0.5527466978619386,0.20965419709682465,0.19902774691581726,0.22160866856575012,762.9642785911544,,,,,,,
997,2041856,565.6641544823982,688.6444063198674,1001.0,3.3595438069183894,0.41937738664343605,0.8902512809991932,-0.00119578349404037,97.51260948181152,48.75510883331299,2.8649573922157288,0.9994170367717743,0.003173828125,0.0018804520659614354,0.026127889752388,0.5080895945429802,64.78276443481445,2.453622526722029,0.5555537948085176,0.2095521241426468,0.1989123374223709,0.2215868979692459,889.4292974822199,,,,,,,
998,2043904,563.2593069009325,693.0896329302575,1001.0,3.399815564932735,0.4206571057651769,0.896881425741426,-0.0009864415042102337,98.03782081604004,49.017924308776855,2.868113398551941,0.9997712820768356,0.0118408203125,0.0021090139489388093,0.002444833517074585,0.44091272354125977,66.1169204711914,2.456414910062449,0.5509798637309701,0.20940974354743958,0.19871185719966888,0.22153401374816895,885.001394656154,,,,,,,
999,2045952,641.237043558117,698.699259748379,1001.0,2.529268112424427,0.3447497799729745,0.7656585928671615,-0.00039190473034977913,183.92493057250977,91.96207427978516,2.85234397649765,1.0002312362194061,0.0001220703125,0.00035351507540326566,0.015807732939720154,0.4511123299598694,91.75753974914551,2.4502430818392895,0.5612924429719749,0.20934933423995972,0.19862934947013855,0.22159123420715332,892.0293374100418,,,,,,,
1000,2048000,676.3365387611337,705.5305296178475,1001.0,2.215729690687088,0.31174059064216314,0.7128282422629126,-0.0017307605594396591,220.51779556274414,110.25716590881348,2.8741320371627808,0.9990302324295044,0.0181884765625,0.003160035383189097,0.008503451943397522,0.3894837014377117,102.73044776916504,2.4540082220191834,0.554099893535504,0.20933428406715393,0.19870199263095856,0.22161661088466644,887.2695145834246,0.6578486691254304,0.6866255667061818,0.13253295409414217,0.8571625879247845,0.0,0.0,1.0
